phase,pc,lag_ms,src,dst,region_src,region_dst,config_count,successful_config_count,stability_fraction,max_k,max_n_subjects,min_p_value,min_q_value,topk_values,min_subjects_values,p0_inflate_values
BothStartLoadPhase__LiftOff,pc1,50,PO10,O2,O_Vis,O_Vis,27,27,1.0,12,12,6.563568743961737e-20,4.625026347489317e-19,5 10 15,3 4 5,5.0 10.0 15.0
BothStartLoadPhase__LiftOff,pc1,50,PO9,O1,O_Vis,O_Vis,27,27,1.0,12,12,6.563568743961737e-20,4.625026347489317e-19,5 10 15,3 4 5,5.0 10.0 15.0
BothStartLoadPhase__LiftOff,pc1,100,PO10,O2,O_Vis,O_Vis,27,27,1.0,12,12,6.563568743961737e-20,4.625026347489317e-19,5 10 15,3 4 5,5.0 10.0 15.0
BothStartLoadPhase__LiftOff,pc1,150,PO10,O2,O_Vis,O_Vis,27,27,1.0,12,12,6.563568743961737e-20,4.625026347489317e-19,5 10 15,3 4 5,5.0 10.0 15.0
BothStartLoadPhase__LiftOff,pc1,150,PO9,O1,O_Vis,O_Vis,27,27,1.0,12,12,6.563568743961737e-20,4.625026347489317e-19,5 10 15,3 4 5,5.0 10.0 15.0
BothStartLoadPhase__LiftOff,pc1,200,PO10,O2,O_Vis,O_Vis,27,27,1.0,12,12,6.563568743961737e-20,4.625026347489317e-19,5 10 15,3 4 5,5.0 10.0 15.0
BothStartLoadPhase__LiftOff,pc1,200,PO9,O1,O_Vis,O_Vis,27,27,1.0,12,12,6.563568743961737e-20,4.625026347489317e-19,5 10 15,3 4 5,5.0 10.0 15.0
BothStartLoadPhase__LiftOff,pc2,50,O2,Oz,O_Vis,O_Vis,27,27,1.0,12,12,6.563568743961737e-20,4.625026347489317e-19,5 10 15,3 4 5,5.0 10.0 15.0
FirstDigitTouch__BothStartLoadPhase,pc1,50,PO10,O2,O_Vis,O_Vis,27,27,1.0,12,12,6.563568743961737e-20,4.625026347489317e-19,5 10 15,3 4 5,5.0 10.0 15.0
FirstDigitTouch__BothStartLoadPhase,pc1,50,PO9,O1,O_Vis,O_Vis,27,27,1.0,12,12,6.563568743961737e-20,4.625026347489317e-19,5 10 15,3 4 5,5.0 10.0 15.0
FirstDigitTouch__BothStartLoadPhase,pc1,100,PO10,O2,O_Vis,O_Vis,27,27,1.0,12,12,6.563568743961737e-20,4.625026347489317e-19,5 10 15,3 4 5,5.0 10.0 15.0
FirstDigitTouch__BothStartLoadPhase,pc1,150,PO10,O2,O_Vis,O_Vis,27,27,1.0,12,12,6.563568743961737e-20,4.625026347489317e-19,5 10 15,3 4 5,5.0 10.0 15.0
FirstDigitTouch__BothStartLoadPhase,pc1,150,PO9,O1,O_Vis,O_Vis,27,27,1.0,12,12,6.563568743961737e-20,4.625026347489317e-19,5 10 15,3 4 5,5.0 10.0 15.0
FirstDigitTouch__BothStartLoadPhase,pc1,200,PO10,O2,O_Vis,O_Vis,27,27,1.0,12,12,6.563568743961737e-20,4.625026347489317e-19,5 10 15,3 4 5,5.0 10.0 15.0
FirstDigitTouch__BothStartLoadPhase,pc1,200,PO9,O1,O_Vis,O_Vis,27,27,1.0,12,12,6.563568743961737e-20,4.625026347489317e-19,5 10 15,3 4 5,5.0 10.0 15.0
HandStart__FirstDigitTouch,pc1,50,PO10,O2,O_Vis,O_Vis,27,27,1.0,12,12,6.563568743961737e-20,4.625026347489317e-19,5 10 15,3 4 5,5.0 10.0 15.0
HandStart__FirstDigitTouch,pc1,50,PO9,O1,O_Vis,O_Vis,27,27,1.0,12,12,6.563568743961737e-20,4.625026347489317e-19,5 10 15,3 4 5,5.0 10.0 15.0
HandStart__FirstDigitTouch,pc1,100,PO10,O2,O_Vis,O_Vis,27,27,1.0,12,12,6.563568743961737e-20,4.625026347489317e-19,5 10 15,3 4 5,5.0 10.0 15.0
HandStart__FirstDigitTouch,pc1,100,PO9,O1,O_Vis,O_Vis,27,27,1.0,12,12,6.563568743961737e-20,4.625026347489317e-19,5 10 15,3 4 5,5.0 10.0 15.0
HandStart__FirstDigitTouch,pc1,150,PO10,O2,O_Vis,O_Vis,27,27,1.0,12,12,6.563568743961737e-20,4.625026347489317e-19,5 10 15,3 4 5,5.0 10.0 15.0
HandStart__FirstDigitTouch,pc1,150,PO9,O1,O_Vis,O_Vis,27,27,1.0,12,12,6.563568743961737e-20,4.625026347489317e-19,5 10 15,3 4 5,5.0 10.0 15.0
HandStart__FirstDigitTouch,pc1,150,PO9,Oz,O_Vis,O_Vis,27,27,1.0,12,12,6.563568743961737e-20,4.625026347489317e-19,5 10 15,3 4 5,5.0 10.0 15.0
HandStart__FirstDigitTouch,pc1,200,PO10,O2,O_Vis,O_Vis,27,27,1.0,12,12,6.563568743961737e-20,4.625026347489317e-19,5 10 15,3 4 5,5.0 10.0 15.0
HandStart__FirstDigitTouch,pc1,200,PO9,O1,O_Vis,O_Vis,27,27,1.0,12,12,6.563568743961737e-20,4.625026347489317e-19,5 10 15,3 4 5,5.0 10.0 15.0
HandStart__FirstDigitTouch,pc1,200,PO9,Oz,O_Vis,O_Vis,27,27,1.0,12,12,6.563568743961737e-20,4.625026347489317e-19,5 10 15,3 4 5,5.0 10.0 15.0
HandStart__FirstDigitTouch,pc2,50,O2,Oz,O_Vis,O_Vis,27,27,1.0,12,12,6.563568743961737e-20,4.625026347489317e-19,5 10 15,3 4 5,5.0 10.0 15.0
HandStart__FirstDigitTouch,pc2,150,O2,Oz,O_Vis,O_Vis,27,27,1.0,12,12,6.563568743961737e-20,4.625026347489317e-19,5 10 15,3 4 5,5.0 10.0 15.0
HandStart__FirstDigitTouch,pc2,200,O2,Oz,O_Vis,O_Vis,27,27,1.0,12,12,6.563568743961737e-20,4.625026347489317e-19,5 10 15,3 4 5,5.0 10.0 15.0
HandStart__FirstDigitTouch,pc2,200,Oz,O2,O_Vis,O_Vis,27,27,1.0,12,12,6.563568743961737e-20,4.625026347489317e-19,5 10 15,3 4 5,5.0 10.0 15.0
LiftOff__Replace,pc1,50,PO9,O1,O_Vis,O_Vis,27,27,1.0,12,12,6.563568743961737e-20,4.625026347489317e-19,5 10 15,3 4 5,5.0 10.0 15.0
LiftOff__Replace,pc1,100,PO10,O2,O_Vis,O_Vis,27,27,1.0,12,12,6.563568743961737e-20,4.625026347489317e-19,5 10 15,3 4 5,5.0 10.0 15.0
LiftOff__Replace,pc1,100,PO9,O1,O_Vis,O_Vis,27,27,1.0,12,12,6.563568743961737e-20,4.625026347489317e-19,5 10 15,3 4 5,5.0 10.0 15.0
LiftOff__Replace,pc1,150,PO10,O2,O_Vis,O_Vis,27,27,1.0,12,12,6.563568743961737e-20,4.625026347489317e-19,5 10 15,3 4 5,5.0 10.0 15.0
LiftOff__Replace,pc1,150,PO10,Oz,O_Vis,O_Vis,27,27,1.0,12,12,6.563568743961737e-20,4.625026347489317e-19,5 10 15,3 4 5,5.0 10.0 15.0
LiftOff__Replace,pc1,150,PO9,O1,O_Vis,O_Vis,27,27,1.0,12,12,6.563568743961737e-20,4.625026347489317e-19,5 10 15,3 4 5,5.0 10.0 15.0
LiftOff__Replace,pc1,150,PO9,Oz,O_Vis,O_Vis,27,27,1.0,12,12,6.563568743961737e-20,4.625026347489317e-19,5 10 15,3 4 5,5.0 10.0 15.0
LiftOff__Replace,pc1,200,PO10,O2,O_Vis,O_Vis,27,27,1.0,12,12,6.563568743961737e-20,4.625026347489317e-19,5 10 15,3 4 5,5.0 10.0 15.0
LiftOff__Replace,pc1,200,PO9,O1,O_Vis,O_Vis,27,27,1.0,12,12,6.563568743961737e-20,4.625026347489317e-19,5 10 15,3 4 5,5.0 10.0 15.0
LiftOff__Replace,pc1,200,PO9,Oz,O_Vis,O_Vis,27,27,1.0,12,12,6.563568743961737e-20,4.625026347489317e-19,5 10 15,3 4 5,5.0 10.0 15.0
LiftOff__Replace,pc2,150,O2,Oz,O_Vis,O_Vis,27,27,1.0,12,12,6.563568743961737e-20,4.625026347489317e-19,5 10 15,3 4 5,5.0 10.0 15.0
LiftOff__Replace,pc2,150,O2,PO10,O_Vis,O_Vis,27,27,1.0,12,12,6.563568743961737e-20,4.625026347489317e-19,5 10 15,3 4 5,5.0 10.0 15.0
LiftOff__Replace,pc2,150,Oz,O2,O_Vis,O_Vis,27,27,1.0,12,12,6.563568743961737e-20,4.625026347489317e-19,5 10 15,3 4 5,5.0 10.0 15.0
LiftOff__Replace,pc2,200,Oz,O2,O_Vis,O_Vis,27,27,1.0,12,12,6.563568743961737e-20,4.625026347489317e-19,5 10 15,3 4 5,5.0 10.0 15.0
BothStartLoadPhase__LiftOff,pc1,100,PO9,O1,O_Vis,O_Vis,27,27,1.0,12,12,3.0531096369412427e-17,1.4016548787775706e-16,5 10 15,3 4 5,5.0 10.0 15.0
BothStartLoadPhase__LiftOff,pc2,200,O2,Oz,O_Vis,O_Vis,27,27,1.0,12,12,3.0531096369412427e-17,1.4016548787775706e-16,5 10 15,3 4 5,5.0 10.0 15.0
FirstDigitTouch__BothStartLoadPhase,pc1,100,PO9,O1,O_Vis,O_Vis,27,27,1.0,12,12,3.0531096369412427e-17,1.4016548787775706e-16,5 10 15,3 4 5,5.0 10.0 15.0
FirstDigitTouch__BothStartLoadPhase,pc1,200,PO9,Oz,O_Vis,O_Vis,27,27,1.0,12,12,3.0531096369412427e-17,1.4016548787775706e-16,5 10 15,3 4 5,5.0 10.0 15.0
FirstDigitTouch__BothStartLoadPhase,pc2,50,O2,Oz,O_Vis,O_Vis,27,27,1.0,12,12,3.0531096369412427e-17,1.4016548787775706e-16,5 10 15,3 4 5,5.0 10.0 15.0
HandStart__FirstDigitTouch,pc1,100,PO9,Oz,O_Vis,O_Vis,27,27,1.0,12,12,3.0531096369412427e-17,1.4016548787775706e-16,5 10 15,3 4 5,5.0 10.0 15.0
HandStart__FirstDigitTouch,pc1,150,PO10,Oz,O_Vis,O_Vis,27,27,1.0,12,12,3.0531096369412427e-17,1.4016548787775706e-16,5 10 15,3 4 5,5.0 10.0 15.0
HandStart__FirstDigitTouch,pc1,200,PO10,Oz,O_Vis,O_Vis,27,27,1.0,12,12,3.0531096369412427e-17,1.4016548787775706e-16,5 10 15,3 4 5,5.0 10.0 15.0
HandStart__FirstDigitTouch,pc2,50,Oz,O2,O_Vis,O_Vis,27,27,1.0,12,12,3.0531096369412427e-17,1.4016548787775706e-16,5 10 15,3 4 5,5.0 10.0 15.0
HandStart__FirstDigitTouch,pc2,200,O1,Oz,O_Vis,O_Vis,27,27,1.0,12,12,3.0531096369412427e-17,1.4016548787775706e-16,5 10 15,3 4 5,5.0 10.0 15.0
LiftOff__Replace,pc1,50,PO10,O2,O_Vis,O_Vis,27,27,1.0,12,12,3.0531096369412427e-17,1.4016548787775706e-16,5 10 15,3 4 5,5.0 10.0 15.0
LiftOff__Replace,pc1,100,PO10,Oz,O_Vis,O_Vis,27,27,1.0,12,12,3.0531096369412427e-17,1.4016548787775706e-16,5 10 15,3 4 5,5.0 10.0 15.0
LiftOff__Replace,pc1,100,PO9,Oz,O_Vis,O_Vis,27,27,1.0,12,12,3.0531096369412427e-17,1.4016548787775706e-16,5 10 15,3 4 5,5.0 10.0 15.0
LiftOff__Replace,pc1,200,PO10,Oz,O_Vis,O_Vis,27,27,1.0,12,12,3.0531096369412427e-17,1.4016548787775706e-16,5 10 15,3 4 5,5.0 10.0 15.0
LiftOff__Replace,pc2,50,O2,Oz,O_Vis,O_Vis,27,27,1.0,12,12,3.0531096369412427e-17,1.4016548787775706e-16,5 10 15,3 4 5,5.0 10.0 15.0
LiftOff__Replace,pc2,50,Oz,O2,O_Vis,O_Vis,27,27,1.0,12,12,3.0531096369412427e-17,1.4016548787775706e-16,5 10 15,3 4 5,5.0 10.0 15.0
LiftOff__Replace,pc2,200,O2,PO10,O_Vis,O_Vis,27,27,1.0,12,12,3.0531096369412427e-17,1.4016548787775706e-16,5 10 15,3 4 5,5.0 10.0 15.0
Replace__BothReleased,pc2,150,O2,Oz,O_Vis,O_Vis,27,27,1.0,12,12,3.0531096369412427e-17,1.4016548787775706e-16,5 10 15,3 4 5,5.0 10.0 15.0
Replace__BothReleased,pc2,200,O2,Oz,O_Vis,O_Vis,27,27,1.0,12,12,3.0531096369412427e-17,1.4016548787775706e-16,5 10 15,3 4 5,5.0 10.0 15.0
Replace__BothReleased,pc2,200,Oz,O2,O_Vis,O_Vis,27,27,1.0,12,12,3.0531096369412427e-17,1.4016548787775706e-16,5 10 15,3 4 5,5.0 10.0 15.0
BothStartLoadPhase__LiftOff,pc2,50,Oz,O2,O_Vis,O_Vis,27,27,1.0,12,12,2.6884377575267276e-16,1.5734435717735375e-15,5 10 15,3 4 5,5.0 10.0 15.0
FirstDigitTouch__BothStartLoadPhase,pc2,50,Oz,O2,O_Vis,O_Vis,27,27,1.0,12,12,2.6884377575267276e-16,1.5734435717735375e-15,5 10 15,3 4 5,5.0 10.0 15.0
HandStart__FirstDigitTouch,pc1,100,PO10,Oz,O_Vis,O_Vis,27,27,1.0,12,12,2.6884377575267276e-16,1.5734435717735375e-15,5 10 15,3 4 5,5.0 10.0 15.0
HandStart__FirstDigitTouch,pc2,50,Oz,O1,O_Vis,O_Vis,27,27,1.0,12,12,2.6884377575267276e-16,1.5734435717735375e-15,5 10 15,3 4 5,5.0 10.0 15.0
HandStart__FirstDigitTouch,pc2,100,Oz,O1,O_Vis,O_Vis,27,27,1.0,12,12,2.6884377575267276e-16,1.5734435717735375e-15,5 10 15,3 4 5,5.0 10.0 15.0
HandStart__FirstDigitTouch,pc2,100,Oz,O2,O_Vis,O_Vis,27,27,1.0,12,12,2.6884377575267276e-16,1.5734435717735375e-15,5 10 15,3 4 5,5.0 10.0 15.0
HandStart__FirstDigitTouch,pc2,150,O1,Oz,O_Vis,O_Vis,27,27,1.0,12,12,2.6884377575267276e-16,1.5734435717735375e-15,5 10 15,3 4 5,5.0 10.0 15.0
HandStart__FirstDigitTouch,pc2,150,O2,PO10,O_Vis,O_Vis,27,27,1.0,12,12,2.6884377575267276e-16,1.5734435717735375e-15,5 10 15,3 4 5,5.0 10.0 15.0
HandStart__FirstDigitTouch,pc2,150,Oz,O1,O_Vis,O_Vis,27,27,1.0,12,12,2.6884377575267276e-16,1.5734435717735375e-15,5 10 15,3 4 5,5.0 10.0 15.0
HandStart__FirstDigitTouch,pc2,150,Oz,O2,O_Vis,O_Vis,27,27,1.0,12,12,2.6884377575267276e-16,1.5734435717735375e-15,5 10 15,3 4 5,5.0 10.0 15.0
HandStart__FirstDigitTouch,pc2,200,O2,PO10,O_Vis,O_Vis,27,27,1.0,12,12,2.6884377575267276e-16,1.5734435717735375e-15,5 10 15,3 4 5,5.0 10.0 15.0
HandStart__FirstDigitTouch,pc2,200,Oz,O1,O_Vis,O_Vis,27,27,1.0,12,12,2.6884377575267276e-16,1.5734435717735375e-15,5 10 15,3 4 5,5.0 10.0 15.0
LiftOff__Replace,pc1,200,PO10,P8,O_Vis,P_Space,27,27,1.0,12,12,2.6884377575267276e-16,1.5734435717735375e-15,5 10 15,3 4 5,5.0 10.0 15.0
LiftOff__Replace,pc2,50,O1,Oz,O_Vis,O_Vis,27,27,1.0,12,12,2.6884377575267276e-16,1.5734435717735375e-15,5 10 15,3 4 5,5.0 10.0 15.0
LiftOff__Replace,pc2,50,O2,PO10,O_Vis,O_Vis,27,27,1.0,12,12,2.6884377575267276e-16,1.5734435717735375e-15,5 10 15,3 4 5,5.0 10.0 15.0
LiftOff__Replace,pc2,50,Oz,O1,O_Vis,O_Vis,27,27,1.0,12,12,2.6884377575267276e-16,1.5734435717735375e-15,5 10 15,3 4 5,5.0 10.0 15.0
LiftOff__Replace,pc2,100,O1,Oz,O_Vis,O_Vis,27,27,1.0,12,12,2.6884377575267276e-16,1.5734435717735375e-15,5 10 15,3 4 5,5.0 10.0 15.0
LiftOff__Replace,pc2,100,O2,Oz,O_Vis,O_Vis,27,27,1.0,12,12,2.6884377575267276e-16,1.5734435717735375e-15,5 10 15,3 4 5,5.0 10.0 15.0
LiftOff__Replace,pc2,100,Oz,O1,O_Vis,O_Vis,27,27,1.0,12,12,2.6884377575267276e-16,1.5734435717735375e-15,5 10 15,3 4 5,5.0 10.0 15.0
LiftOff__Replace,pc2,100,Oz,O2,O_Vis,O_Vis,27,27,1.0,12,12,2.6884377575267276e-16,1.5734435717735375e-15,5 10 15,3 4 5,5.0 10.0 15.0
LiftOff__Replace,pc2,150,O1,Oz,O_Vis,O_Vis,27,27,1.0,12,12,2.6884377575267276e-16,1.5734435717735375e-15,5 10 15,3 4 5,5.0 10.0 15.0
LiftOff__Replace,pc2,150,O1,PO9,O_Vis,O_Vis,27,27,1.0,12,12,2.6884377575267276e-16,1.5734435717735375e-15,5 10 15,3 4 5,5.0 10.0 15.0
LiftOff__Replace,pc2,200,O1,Oz,O_Vis,O_Vis,27,27,1.0,12,12,2.6884377575267276e-16,1.5734435717735375e-15,5 10 15,3 4 5,5.0 10.0 15.0
LiftOff__Replace,pc2,200,O1,PO9,O_Vis,O_Vis,27,27,1.0,12,12,2.6884377575267276e-16,1.5734435717735375e-15,5 10 15,3 4 5,5.0 10.0 15.0
LiftOff__Replace,pc2,200,O2,Oz,O_Vis,O_Vis,27,27,1.0,12,12,2.6884377575267276e-16,1.5734435717735375e-15,5 10 15,3 4 5,5.0 10.0 15.0
LiftOff__Replace,pc2,200,Oz,O1,O_Vis,O_Vis,27,27,1.0,12,12,2.6884377575267276e-16,1.5734435717735375e-15,5 10 15,3 4 5,5.0 10.0 15.0
Replace__BothReleased,pc1,200,PO10,O2,O_Vis,O_Vis,27,27,1.0,12,12,2.6884377575267276e-16,1.5734435717735375e-15,5 10 15,3 4 5,5.0 10.0 15.0
Replace__BothReleased,pc2,150,O1,Oz,O_Vis,O_Vis,27,27,1.0,12,12,2.6884377575267276e-16,1.5734435717735375e-15,5 10 15,3 4 5,5.0 10.0 15.0
Replace__BothReleased,pc2,150,O1,PO9,O_Vis,O_Vis,27,27,1.0,12,12,2.6884377575267276e-16,1.5734435717735375e-15,5 10 15,3 4 5,5.0 10.0 15.0
Replace__BothReleased,pc2,150,Oz,O2,O_Vis,O_Vis,27,27,1.0,12,12,2.6884377575267276e-16,1.5734435717735375e-15,5 10 15,3 4 5,5.0 10.0 15.0
Replace__BothReleased,pc2,200,O1,Oz,O_Vis,O_Vis,27,27,1.0,12,12,2.6884377575267276e-16,1.5734435717735375e-15,5 10 15,3 4 5,5.0 10.0 15.0
Replace__BothReleased,pc2,200,O1,PO9,O_Vis,O_Vis,27,27,1.0,12,12,2.6884377575267276e-16,1.5734435717735375e-15,5 10 15,3 4 5,5.0 10.0 15.0
Replace__BothReleased,pc2,200,O2,PO10,O_Vis,O_Vis,27,27,1.0,12,12,2.6884377575267276e-16,1.5734435717735375e-15,5 10 15,3 4 5,5.0 10.0 15.0
BothStartLoadPhase__LiftOff,pc1,150,PO10,Oz,O_Vis,O_Vis,27,27,1.0,12,12,6.511753201852308e-15,2.3212484943073522e-14,5 10 15,3 4 5,5.0 10.0 15.0
FirstDigitTouch__BothStartLoadPhase,pc2,150,O2,Oz,O_Vis,O_Vis,27,27,1.0,12,12,6.511753201852308e-15,2.3212484943073522e-14,5 10 15,3 4 5,5.0 10.0 15.0
FirstDigitTouch__BothStartLoadPhase,pc2,200,O2,Oz,O_Vis,O_Vis,27,27,1.0,12,12,6.511753201852308e-15,2.3212484943073522e-14,5 10 15,3 4 5,5.0 10.0 15.0
HandStart__FirstDigitTouch,pc1,50,PO10,Oz,O_Vis,O_Vis,27,27,1.0,12,12,6.511753201852308e-15,2.3212484943073522e-14,5 10 15,3 4 5,5.0 10.0 15.0
Replace__BothReleased,pc2,150,O2,PO10,O_Vis,O_Vis,27,27,1.0,12,12,6.511753201852308e-15,2.3212484943073522e-14,5 10 15,3 4 5,5.0 10.0 15.0
BothStartLoadPhase__LiftOff,pc1,200,PO10,P8,O_Vis,P_Space,27,27,1.0,12,12,3.488149536859777e-14,2.533079760928494e-13,5 10 15,3 4 5,5.0 10.0 15.0
FirstDigitTouch__BothStartLoadPhase,pc1,150,PO9,Oz,O_Vis,O_Vis,27,27,1.0,12,12,3.488149536859777e-14,2.533079760928494e-13,5 10 15,3 4 5,5.0 10.0 15.0
HandStart__FirstDigitTouch,pc1,200,PO10,P8,O_Vis,P_Space,27,27,1.0,12,12,3.488149536859777e-14,2.533079760928494e-13,5 10 15,3 4 5,5.0 10.0 15.0
HandStart__FirstDigitTouch,pc2,100,O1,Oz,O_Vis,O_Vis,27,27,1.0,12,12,3.488149536859777e-14,2.533079760928494e-13,5 10 15,3 4 5,5.0 10.0 15.0
LiftOff__Replace,pc2,100,O2,PO10,O_Vis,O_Vis,27,27,1.0,12,12,3.488149536859777e-14,2.533079760928494e-13,5 10 15,3 4 5,5.0 10.0 15.0
Replace__BothReleased,pc2,200,Oz,O1,O_Vis,O_Vis,27,27,1.0,12,12,3.488149536859777e-14,2.533079760928494e-13,5 10 15,3 4 5,5.0 10.0 15.0
BothStartLoadPhase__LiftOff,pc2,150,O1,PO9,O_Vis,O_Vis,27,27,1.0,12,12,3.488149536859777e-14,2.7457997636306447e-13,5 10 15,3 4 5,5.0 10.0 15.0
LiftOff__Replace,pc3,50,O1,FC1,O_Vis,F_Motor,27,27,1.0,12,12,3.488149536859777e-14,2.7457997636306447e-13,5 10 15,3 4 5,5.0 10.0 15.0
BothStartLoadPhase__LiftOff,pc2,150,O2,Oz,O_Vis,O_Vis,27,27,1.0,11,12,3.0531096369412427e-17,1.4016548787775706e-16,5 10 15,3 4 5,5.0 10.0 15.0
BothStartLoadPhase__LiftOff,pc2,150,O2,PO10,O_Vis,O_Vis,27,27,1.0,11,12,3.0531096369412427e-17,1.4016548787775706e-16,5 10 15,3 4 5,5.0 10.0 15.0
LiftOff__Replace,pc1,50,PO10,Oz,O_Vis,O_Vis,27,27,1.0,11,12,3.0531096369412427e-17,1.4016548787775706e-16,5 10 15,3 4 5,5.0 10.0 15.0
BothStartLoadPhase__LiftOff,pc1,150,PO9,Oz,O_Vis,O_Vis,27,27,1.0,11,12,6.511753201852308e-15,2.3212484943073522e-14,5 10 15,3 4 5,5.0 10.0 15.0
BothStartLoadPhase__LiftOff,pc2,50,O2,PO10,O_Vis,O_Vis,27,27,1.0,11,12,6.511753201852308e-15,2.3212484943073522e-14,5 10 15,3 4 5,5.0 10.0 15.0
BothStartLoadPhase__LiftOff,pc2,200,O2,PO10,O_Vis,O_Vis,27,27,1.0,11,12,6.511753201852308e-15,2.3212484943073522e-14,5 10 15,3 4 5,5.0 10.0 15.0
LiftOff__Replace,pc1,50,PO9,Oz,O_Vis,O_Vis,27,27,1.0,11,12,6.511753201852308e-15,2.3212484943073522e-14,5 10 15,3 4 5,5.0 10.0 15.0
Replace__BothReleased,pc1,200,PO9,O1,O_Vis,O_Vis,27,27,1.0,11,12,6.511753201852308e-15,2.3212484943073522e-14,5 10 15,3 4 5,5.0 10.0 15.0
BothStartLoadPhase__LiftOff,pc1,200,PO9,Oz,O_Vis,O_Vis,27,27,1.0,11,12,6.104904459791693e-14,2.533079760928494e-13,5 10 15,3 4 5,5.0 10.0 15.0
FirstDigitTouch__BothStartLoadPhase,pc1,50,PO10,Oz,O_Vis,O_Vis,27,27,1.0,11,12,6.104904459791693e-14,2.533079760928494e-13,5 10 15,3 4 5,5.0 10.0 15.0
FirstDigitTouch__BothStartLoadPhase,pc1,100,PO9,Oz,O_Vis,O_Vis,27,27,1.0,11,12,6.104904459791693e-14,2.533079760928494e-13,5 10 15,3 4 5,5.0 10.0 15.0
FirstDigitTouch__BothStartLoadPhase,pc1,200,PO10,P8,O_Vis,P_Space,27,27,1.0,11,12,6.104904459791693e-14,2.533079760928494e-13,5 10 15,3 4 5,5.0 10.0 15.0
FirstDigitTouch__BothStartLoadPhase,pc2,200,O1,Oz,O_Vis,O_Vis,27,27,1.0,11,12,6.104904459791693e-14,2.533079760928494e-13,5 10 15,3 4 5,5.0 10.0 15.0
FirstDigitTouch__BothStartLoadPhase,pc2,200,O2,PO10,O_Vis,O_Vis,27,27,1.0,11,12,6.104904459791693e-14,2.533079760928494e-13,5 10 15,3 4 5,5.0 10.0 15.0
HandStart__FirstDigitTouch,pc1,50,PO9,Oz,O_Vis,O_Vis,27,27,1.0,11,12,6.104904459791693e-14,2.533079760928494e-13,5 10 15,3 4 5,5.0 10.0 15.0
HandStart__FirstDigitTouch,pc2,50,O1,PO9,O_Vis,O_Vis,27,27,1.0,11,12,6.104904459791693e-14,2.533079760928494e-13,5 10 15,3 4 5,5.0 10.0 15.0
HandStart__FirstDigitTouch,pc2,50,O2,PO10,O_Vis,O_Vis,27,27,1.0,11,12,6.104904459791693e-14,2.533079760928494e-13,5 10 15,3 4 5,5.0 10.0 15.0
HandStart__FirstDigitTouch,pc2,150,O1,PO9,O_Vis,O_Vis,27,27,1.0,11,12,6.104904459791693e-14,2.533079760928494e-13,5 10 15,3 4 5,5.0 10.0 15.0
HandStart__FirstDigitTouch,pc2,200,O1,PO9,O_Vis,O_Vis,27,27,1.0,11,12,6.104904459791693e-14,2.533079760928494e-13,5 10 15,3 4 5,5.0 10.0 15.0
LiftOff__Replace,pc1,150,PO10,P8,O_Vis,P_Space,27,27,1.0,11,12,6.104904459791693e-14,2.533079760928494e-13,5 10 15,3 4 5,5.0 10.0 15.0
LiftOff__Replace,pc2,50,O1,PO9,O_Vis,O_Vis,27,27,1.0,11,12,6.104904459791693e-14,2.533079760928494e-13,5 10 15,3 4 5,5.0 10.0 15.0
LiftOff__Replace,pc2,100,O1,PO9,O_Vis,O_Vis,27,27,1.0,11,12,6.104904459791693e-14,2.533079760928494e-13,5 10 15,3 4 5,5.0 10.0 15.0
LiftOff__Replace,pc3,200,P4,P8,P_Space,P_Space,27,27,1.0,11,12,6.104904459791693e-14,2.533079760928494e-13,5 10 15,3 4 5,5.0 10.0 15.0
BothStartLoadPhase__LiftOff,pc1,100,PO9,Oz,O_Vis,O_Vis,27,27,1.0,11,12,8.421573233354471e-13,2.258174061687084e-12,5 10 15,3 4 5,5.0 10.0 15.0
BothStartLoadPhase__LiftOff,pc1,200,PO10,Oz,O_Vis,O_Vis,27,27,1.0,11,12,8.421573233354471e-13,2.258174061687084e-12,5 10 15,3 4 5,5.0 10.0 15.0
BothStartLoadPhase__LiftOff,pc2,200,O1,Oz,O_Vis,O_Vis,27,27,1.0,11,12,8.421573233354471e-13,2.258174061687084e-12,5 10 15,3 4 5,5.0 10.0 15.0
BothStartLoadPhase__LiftOff,pc2,200,Oz,O2,O_Vis,O_Vis,27,27,1.0,11,12,8.421573233354471e-13,2.258174061687084e-12,5 10 15,3 4 5,5.0 10.0 15.0
FirstDigitTouch__BothStartLoadPhase,pc1,150,PO10,Oz,O_Vis,O_Vis,27,27,1.0,11,12,8.421573233354471e-13,2.258174061687084e-12,5 10 15,3 4 5,5.0 10.0 15.0
FirstDigitTouch__BothStartLoadPhase,pc1,200,PO10,Oz,O_Vis,O_Vis,27,27,1.0,11,12,8.421573233354471e-13,2.258174061687084e-12,5 10 15,3 4 5,5.0 10.0 15.0
FirstDigitTouch__BothStartLoadPhase,pc2,200,Oz,O2,O_Vis,O_Vis,27,27,1.0,11,12,8.421573233354471e-13,2.258174061687084e-12,5 10 15,3 4 5,5.0 10.0 15.0
Replace__BothReleased,pc1,150,PO10,O2,O_Vis,O_Vis,27,27,1.0,11,12,8.421573233354471e-13,2.258174061687084e-12,5 10 15,3 4 5,5.0 10.0 15.0
BothStartLoadPhase__LiftOff,pc1,50,PO10,Oz,O_Vis,O_Vis,27,27,1.0,11,12,5.152694495849263e-12,1.975226793467911e-11,5 10 15,3 4 5,5.0 10.0 15.0
BothStartLoadPhase__LiftOff,pc1,100,PO10,Oz,O_Vis,O_Vis,27,27,1.0,11,12,5.152694495849263e-12,1.975226793467911e-11,5 10 15,3 4 5,5.0 10.0 15.0
BothStartLoadPhase__LiftOff,pc2,50,O1,PO9,O_Vis,O_Vis,27,27,1.0,11,12,5.152694495849263e-12,1.975226793467911e-11,5 10 15,3 4 5,5.0 10.0 15.0
BothStartLoadPhase__LiftOff,pc2,50,Oz,O1,O_Vis,O_Vis,27,27,1.0,11,12,5.152694495849263e-12,1.975226793467911e-11,5 10 15,3 4 5,5.0 10.0 15.0
BothStartLoadPhase__LiftOff,pc2,100,O2,PO10,O_Vis,O_Vis,27,27,1.0,11,12,5.152694495849263e-12,1.975226793467911e-11,5 10 15,3 4 5,5.0 10.0 15.0
BothStartLoadPhase__LiftOff,pc2,200,O1,PO9,O_Vis,O_Vis,27,27,1.0,11,12,5.152694495849263e-12,1.975226793467911e-11,5 10 15,3 4 5,5.0 10.0 15.0
FirstDigitTouch__BothStartLoadPhase,pc2,50,O1,PO9,O_Vis,O_Vis,27,27,1.0,11,12,5.152694495849263e-12,1.975226793467911e-11,5 10 15,3 4 5,5.0 10.0 15.0
FirstDigitTouch__BothStartLoadPhase,pc2,150,Oz,O2,O_Vis,O_Vis,27,27,1.0,11,12,5.152694495849263e-12,1.975226793467911e-11,5 10 15,3 4 5,5.0 10.0 15.0
HandStart__FirstDigitTouch,pc3,50,O2,Cz,O_Vis,F_Motor,27,27,1.0,11,12,5.152694495849263e-12,1.975226793467911e-11,5 10 15,3 4 5,5.0 10.0 15.0
LiftOff__Replace,pc3,150,P4,P8,P_Space,P_Space,27,27,1.0,11,12,5.152694495849263e-12,1.975226793467911e-11,5 10 15,3 4 5,5.0 10.0 15.0
BothStartLoadPhase__LiftOff,pc2,0,O1,PO9,O_Vis,O_Vis,27,27,1.0,11,12,5.152694495849263e-12,2.5109162067074976e-11,5 10 15,3 4 5,5.0 10.0 15.0
BothStartLoadPhase__LiftOff,pc2,0,O2,Oz,O_Vis,O_Vis,27,27,1.0,11,12,5.152694495849263e-12,2.5109162067074976e-11,5 10 15,3 4 5,5.0 10.0 15.0
BothStartLoadPhase__LiftOff,pc2,100,O2,Oz,O_Vis,O_Vis,27,27,1.0,11,12,5.152694495849263e-12,2.5109162067074976e-11,5 10 15,3 4 5,5.0 10.0 15.0
BothStartLoadPhase__LiftOff,pc2,150,Oz,O2,O_Vis,O_Vis,27,27,1.0,11,12,5.152694495849263e-12,2.5109162067074976e-11,5 10 15,3 4 5,5.0 10.0 15.0
BothStartLoadPhase__LiftOff,pc3,100,CP6,C4,P_Space,F_Motor,27,27,1.0,11,12,5.152694495849263e-12,2.5109162067074976e-11,5 10 15,3 4 5,5.0 10.0 15.0
FirstDigitTouch__BothStartLoadPhase,pc2,0,O2,Oz,O_Vis,O_Vis,27,27,1.0,11,12,5.152694495849263e-12,2.5109162067074976e-11,5 10 15,3 4 5,5.0 10.0 15.0
FirstDigitTouch__BothStartLoadPhase,pc2,100,O2,Oz,O_Vis,O_Vis,27,27,1.0,11,12,5.152694495849263e-12,2.5109162067074976e-11,5 10 15,3 4 5,5.0 10.0 15.0
FirstDigitTouch__BothStartLoadPhase,pc2,150,O1,Oz,O_Vis,O_Vis,27,27,1.0,11,12,5.152694495849263e-12,2.5109162067074976e-11,5 10 15,3 4 5,5.0 10.0 15.0
HandStart__FirstDigitTouch,pc2,100,O2,PO10,O_Vis,O_Vis,27,27,1.0,11,12,5.152694495849263e-12,2.5109162067074976e-11,5 10 15,3 4 5,5.0 10.0 15.0
LiftOff__Replace,pc1,50,PO10,P8,O_Vis,P_Space,27,27,1.0,11,12,5.152694495849263e-12,2.5109162067074976e-11,5 10 15,3 4 5,5.0 10.0 15.0
LiftOff__Replace,pc3,50,C4,FC2,F_Motor,F_Motor,27,27,1.0,11,12,5.152694495849263e-12,2.5109162067074976e-11,5 10 15,3 4 5,5.0 10.0 15.0
LiftOff__Replace,pc3,150,CP6,P8,P_Space,P_Space,27,27,1.0,11,12,5.152694495849263e-12,2.5109162067074976e-11,5 10 15,3 4 5,5.0 10.0 15.0
LiftOff__Replace,pc3,200,CP6,C4,P_Space,F_Motor,27,27,1.0,11,12,5.152694495849263e-12,2.5109162067074976e-11,5 10 15,3 4 5,5.0 10.0 15.0
Replace__BothReleased,pc2,0,Oz,O2,O_Vis,O_Vis,27,27,1.0,11,12,5.152694495849263e-12,2.5109162067074976e-11,5 10 15,3 4 5,5.0 10.0 15.0
Replace__BothReleased,pc2,50,O2,Oz,O_Vis,O_Vis,27,27,1.0,11,12,5.152694495849263e-12,2.5109162067074976e-11,5 10 15,3 4 5,5.0 10.0 15.0
Replace__BothReleased,pc2,100,O1,PO9,O_Vis,O_Vis,27,27,1.0,11,12,5.152694495849263e-12,2.5109162067074976e-11,5 10 15,3 4 5,5.0 10.0 15.0
Replace__BothReleased,pc1,150,PO9,O1,O_Vis,O_Vis,27,27,1.0,10,12,6.511753201852308e-15,2.3212484943073522e-14,5 10 15,3 4 5,5.0 10.0 15.0
FirstDigitTouch__BothStartLoadPhase,pc2,150,O2,PO10,O_Vis,O_Vis,27,27,1.0,10,12,8.421573233354471e-13,2.258174061687084e-12,5 10 15,3 4 5,5.0 10.0 15.0
BothStartLoadPhase__LiftOff,pc1,150,PO10,P8,O_Vis,P_Space,27,27,1.0,10,12,6.3590934537905775e-12,1.975226793467911e-11,5 10 15,3 4 5,5.0 10.0 15.0
BothStartLoadPhase__LiftOff,pc2,200,Oz,O1,O_Vis,O_Vis,27,27,1.0,10,12,6.3590934537905775e-12,1.975226793467911e-11,5 10 15,3 4 5,5.0 10.0 15.0
FirstDigitTouch__BothStartLoadPhase,pc1,100,PO10,Oz,O_Vis,O_Vis,27,27,1.0,10,12,6.3590934537905775e-12,1.975226793467911e-11,5 10 15,3 4 5,5.0 10.0 15.0
FirstDigitTouch__BothStartLoadPhase,pc2,50,O2,PO10,O_Vis,O_Vis,27,27,1.0,10,12,6.3590934537905775e-12,1.975226793467911e-11,5 10 15,3 4 5,5.0 10.0 15.0
FirstDigitTouch__BothStartLoadPhase,pc2,200,O1,PO9,O_Vis,O_Vis,27,27,1.0,10,12,6.3590934537905775e-12,1.975226793467911e-11,5 10 15,3 4 5,5.0 10.0 15.0
HandStart__FirstDigitTouch,pc2,100,O1,PO9,O_Vis,O_Vis,27,27,1.0,10,12,6.3590934537905775e-12,1.975226793467911e-11,5 10 15,3 4 5,5.0 10.0 15.0
HandStart__FirstDigitTouch,pc2,100,O2,Oz,O_Vis,O_Vis,27,27,1.0,10,12,6.3590934537905775e-12,1.975226793467911e-11,5 10 15,3 4 5,5.0 10.0 15.0
LiftOff__Replace,pc3,200,P4,CP6,P_Space,P_Space,27,27,1.0,10,12,6.3590934537905775e-12,1.975226793467911e-11,5 10 15,3 4 5,5.0 10.0 15.0
LiftOff__Replace,pc3,200,P7,O1,P_Space,O_Vis,27,27,1.0,10,12,6.3590934537905775e-12,1.975226793467911e-11,5 10 15,3 4 5,5.0 10.0 15.0
Replace__BothReleased,pc1,50,PO10,O2,O_Vis,O_Vis,27,27,1.0,10,12,6.3590934537905775e-12,1.975226793467911e-11,5 10 15,3 4 5,5.0 10.0 15.0
Replace__BothReleased,pc2,0,O2,Oz,O_Vis,O_Vis,27,27,1.0,10,12,6.3590934537905775e-12,1.975226793467911e-11,5 10 15,3 4 5,5.0 10.0 15.0
Replace__BothReleased,pc2,0,Oz,O1,O_Vis,O_Vis,27,27,1.0,10,12,6.3590934537905775e-12,1.975226793467911e-11,5 10 15,3 4 5,5.0 10.0 15.0
Replace__BothReleased,pc2,100,O1,Oz,O_Vis,O_Vis,27,27,1.0,10,12,6.3590934537905775e-12,1.975226793467911e-11,5 10 15,3 4 5,5.0 10.0 15.0
BothStartLoadPhase__LiftOff,pc2,100,O1,PO9,O_Vis,O_Vis,27,27,1.0,10,12,7.35683912920622e-11,1.496055205469453e-10,5 10 15,3 4 5,5.0 10.0 15.0
BothStartLoadPhase__LiftOff,pc2,100,Oz,O2,O_Vis,O_Vis,27,27,1.0,10,12,7.35683912920622e-11,1.496055205469453e-10,5 10 15,3 4 5,5.0 10.0 15.0
HandStart__FirstDigitTouch,pc2,0,O2,Oz,O_Vis,O_Vis,27,27,1.0,10,12,7.35683912920622e-11,1.496055205469453e-10,5 10 15,3 4 5,5.0 10.0 15.0
BothStartLoadPhase__LiftOff,pc2,0,Oz,O2,O_Vis,O_Vis,27,27,1.0,10,12,3.4930855940150567e-10,9.800140920491487e-10,5 10 15,3 4 5,5.0 10.0 15.0
FirstDigitTouch__BothStartLoadPhase,pc2,150,O1,PO9,O_Vis,O_Vis,27,27,1.0,10,12,3.4930855940150567e-10,9.800140920491487e-10,5 10 15,3 4 5,5.0 10.0 15.0
HandStart__FirstDigitTouch,pc1,0,PO10,P8,O_Vis,P_Space,27,27,1.0,10,12,3.4930855940150567e-10,9.800140920491487e-10,5 10 15,3 4 5,5.0 10.0 15.0
HandStart__FirstDigitTouch,pc1,150,PO10,P8,O_Vis,P_Space,27,27,1.0,10,12,3.4930855940150567e-10,9.800140920491487e-10,5 10 15,3 4 5,5.0 10.0 15.0
HandStart__FirstDigitTouch,pc3,50,O1,FC1,O_Vis,F_Motor,27,27,1.0,10,12,3.4930855940150567e-10,9.800140920491487e-10,5 10 15,3 4 5,5.0 10.0 15.0
LiftOff__Replace,pc3,100,P7,O1,P_Space,O_Vis,27,27,1.0,10,12,3.4930855940150567e-10,9.800140920491487e-10,5 10 15,3 4 5,5.0 10.0 15.0
LiftOff__Replace,pc3,150,P7,O1,P_Space,O_Vis,27,27,1.0,10,12,3.4930855940150567e-10,9.800140920491487e-10,5 10 15,3 4 5,5.0 10.0 15.0
LiftOff__Replace,pc3,150,P8,O2,P_Space,O_Vis,27,27,1.0,10,12,3.4930855940150567e-10,9.800140920491487e-10,5 10 15,3 4 5,5.0 10.0 15.0
Replace__BothReleased,pc1,200,PO9,Oz,O_Vis,O_Vis,27,27,1.0,10,12,3.4930855940150567e-10,9.800140920491487e-10,5 10 15,3 4 5,5.0 10.0 15.0
Replace__BothReleased,pc2,50,O1,PO9,O_Vis,O_Vis,27,27,1.0,10,12,3.4930855940150567e-10,9.800140920491487e-10,5 10 15,3 4 5,5.0 10.0 15.0
Replace__BothReleased,pc2,100,Oz,O2,O_Vis,O_Vis,27,27,1.0,10,12,3.4930855940150567e-10,9.800140920491487e-10,5 10 15,3 4 5,5.0 10.0 15.0
BothStartLoadPhase__LiftOff,pc1,0,PO10,P8,O_Vis,P_Space,27,27,1.0,10,12,3.4930855940150567e-10,1.2972305774547853e-09,5 10 15,3 4 5,5.0 10.0 15.0
FirstDigitTouch__BothStartLoadPhase,pc1,0,PO10,P8,O_Vis,P_Space,27,27,1.0,10,12,3.4930855940150567e-10,1.2972305774547853e-09,5 10 15,3 4 5,5.0 10.0 15.0
FirstDigitTouch__BothStartLoadPhase,pc1,50,PO9,Oz,O_Vis,O_Vis,27,27,1.0,10,12,3.4930855940150567e-10,1.2972305774547853e-09,5 10 15,3 4 5,5.0 10.0 15.0
FirstDigitTouch__BothStartLoadPhase,pc2,0,Oz,O2,O_Vis,O_Vis,27,27,1.0,10,12,3.4930855940150567e-10,1.2972305774547853e-09,5 10 15,3 4 5,5.0 10.0 15.0
FirstDigitTouch__BothStartLoadPhase,pc2,100,Oz,O2,O_Vis,O_Vis,27,27,1.0,10,12,3.4930855940150567e-10,1.2972305774547853e-09,5 10 15,3 4 5,5.0 10.0 15.0
HandStart__FirstDigitTouch,pc1,50,PO10,P8,O_Vis,P_Space,27,27,1.0,10,12,3.4930855940150567e-10,1.2972305774547853e-09,5 10 15,3 4 5,5.0 10.0 15.0
HandStart__FirstDigitTouch,pc3,200,P4,CP6,P_Space,P_Space,27,27,1.0,10,12,3.4930855940150567e-10,1.2972305774547853e-09,5 10 15,3 4 5,5.0 10.0 15.0
LiftOff__Replace,pc3,100,P4,CP6,P_Space,P_Space,27,27,1.0,10,12,3.4930855940150567e-10,1.2972305774547853e-09,5 10 15,3 4 5,5.0 10.0 15.0
Replace__BothReleased,pc1,50,PO9,O1,O_Vis,O_Vis,27,27,1.0,10,12,3.4930855940150567e-10,1.2972305774547853e-09,5 10 15,3 4 5,5.0 10.0 15.0
Replace__BothReleased,pc2,50,O2,PO10,O_Vis,O_Vis,27,27,1.0,10,12,3.4930855940150567e-10,1.2972305774547853e-09,5 10 15,3 4 5,5.0 10.0 15.0
Replace__BothReleased,pc1,100,PO10,O2,O_Vis,O_Vis,27,27,1.0,9,12,8.421573233354471e-13,2.258174061687084e-12,5 10 15,3 4 5,5.0 10.0 15.0
Replace__BothReleased,pc1,100,PO9,O1,O_Vis,O_Vis,27,27,1.0,9,12,8.421573233354471e-13,2.258174061687084e-12,5 10 15,3 4 5,5.0 10.0 15.0
BothStartLoadPhase__LiftOff,pc2,150,O1,Oz,O_Vis,O_Vis,27,27,1.0,9,12,7.35683912920622e-11,1.496055205469453e-10,5 10 15,3 4 5,5.0 10.0 15.0
FirstDigitTouch__BothStartLoadPhase,pc1,0,PO9,O1,O_Vis,O_Vis,27,27,1.0,9,12,7.35683912920622e-11,1.496055205469453e-10,5 10 15,3 4 5,5.0 10.0 15.0
LiftOff__Replace,pc1,0,PO9,O1,O_Vis,O_Vis,27,27,1.0,9,12,7.35683912920622e-11,1.496055205469453e-10,5 10 15,3 4 5,5.0 10.0 15.0
Replace__BothReleased,pc1,0,PO9,O1,O_Vis,O_Vis,27,27,1.0,9,12,7.35683912920622e-11,1.496055205469453e-10,5 10 15,3 4 5,5.0 10.0 15.0
BothStartLoadPhase__LiftOff,pc2,0,O1,Oz,O_Vis,O_Vis,27,27,1.0,9,12,4.0187628235108975e-10,9.800140920491487e-10,5 10 15,3 4 5,5.0 10.0 15.0
BothStartLoadPhase__LiftOff,pc2,0,Oz,O1,O_Vis,O_Vis,27,27,1.0,9,12,4.0187628235108975e-10,9.800140920491487e-10,5 10 15,3 4 5,5.0 10.0 15.0
BothStartLoadPhase__LiftOff,pc2,100,O1,Oz,O_Vis,O_Vis,27,27,1.0,9,12,4.0187628235108975e-10,9.800140920491487e-10,5 10 15,3 4 5,5.0 10.0 15.0
BothStartLoadPhase__LiftOff,pc3,150,P4,P8,P_Space,P_Space,27,27,1.0,9,12,4.0187628235108975e-10,9.800140920491487e-10,5 10 15,3 4 5,5.0 10.0 15.0
BothStartLoadPhase__LiftOff,pc3,200,P4,P8,P_Space,P_Space,27,27,1.0,9,12,4.0187628235108975e-10,9.800140920491487e-10,5 10 15,3 4 5,5.0 10.0 15.0
FirstDigitTouch__BothStartLoadPhase,pc1,150,PO10,P8,O_Vis,P_Space,27,27,1.0,9,12,4.0187628235108975e-10,9.800140920491487e-10,5 10 15,3 4 5,5.0 10.0 15.0
FirstDigitTouch__BothStartLoadPhase,pc2,0,O1,Oz,O_Vis,O_Vis,27,27,1.0,9,12,4.0187628235108975e-10,9.800140920491487e-10,5 10 15,3 4 5,5.0 10.0 15.0
FirstDigitTouch__BothStartLoadPhase,pc2,100,O1,PO9,O_Vis,O_Vis,27,27,1.0,9,12,4.0187628235108975e-10,9.800140920491487e-10,5 10 15,3 4 5,5.0 10.0 15.0
FirstDigitTouch__BothStartLoadPhase,pc2,100,O2,PO10,O_Vis,O_Vis,27,27,1.0,9,12,4.0187628235108975e-10,9.800140920491487e-10,5 10 15,3 4 5,5.0 10.0 15.0
FirstDigitTouch__BothStartLoadPhase,pc3,100,CP6,C4,P_Space,F_Motor,27,27,1.0,9,12,4.0187628235108975e-10,9.800140920491487e-10,5 10 15,3 4 5,5.0 10.0 15.0
LiftOff__Replace,pc2,0,O1,Oz,O_Vis,O_Vis,27,27,1.0,9,12,4.0187628235108975e-10,9.800140920491487e-10,5 10 15,3 4 5,5.0 10.0 15.0
LiftOff__Replace,pc2,0,Oz,O1,O_Vis,O_Vis,27,27,1.0,9,12,4.0187628235108975e-10,9.800140920491487e-10,5 10 15,3 4 5,5.0 10.0 15.0
Replace__BothReleased,pc2,50,O1,Oz,O_Vis,O_Vis,27,27,1.0,9,12,4.0187628235108975e-10,9.800140920491487e-10,5 10 15,3 4 5,5.0 10.0 15.0
HandStart__FirstDigitTouch,pc3,200,P7,O1,P_Space,O_Vis,27,27,1.0,9,12,4.5744495591486245e-09,7.333641356730335e-09,5 10 15,3 4 5,5.0 10.0 15.0
LiftOff__Replace,pc3,100,P4,P8,P_Space,P_Space,27,27,1.0,9,12,4.5744495591486245e-09,7.333641356730335e-09,5 10 15,3 4 5,5.0 10.0 15.0
Replace__BothReleased,pc1,0,PO10,O2,O_Vis,O_Vis,27,27,1.0,9,12,4.5744495591486245e-09,7.333641356730335e-09,5 10 15,3 4 5,5.0 10.0 15.0
Replace__BothReleased,pc1,100,PO9,Oz,O_Vis,O_Vis,27,27,1.0,9,12,4.5744495591486245e-09,7.333641356730335e-09,5 10 15,3 4 5,5.0 10.0 15.0
Replace__BothReleased,pc1,150,PO10,Oz,O_Vis,O_Vis,27,27,1.0,9,12,4.5744495591486245e-09,7.333641356730335e-09,5 10 15,3 4 5,5.0 10.0 15.0
Replace__BothReleased,pc1,150,PO9,Oz,O_Vis,O_Vis,27,27,1.0,9,12,4.5744495591486245e-09,7.333641356730335e-09,5 10 15,3 4 5,5.0 10.0 15.0
Replace__BothReleased,pc1,200,PO10,Oz,O_Vis,O_Vis,27,27,1.0,9,12,4.5744495591486245e-09,7.333641356730335e-09,5 10 15,3 4 5,5.0 10.0 15.0
Replace__BothReleased,pc2,0,O2,PO10,O_Vis,O_Vis,27,27,1.0,9,12,4.5744495591486245e-09,7.333641356730335e-09,5 10 15,3 4 5,5.0 10.0 15.0
Replace__BothReleased,pc2,100,O2,Oz,O_Vis,O_Vis,27,27,1.0,9,12,4.5744495591486245e-09,7.333641356730335e-09,5 10 15,3 4 5,5.0 10.0 15.0
Replace__BothReleased,pc2,100,Oz,O1,O_Vis,O_Vis,27,27,1.0,9,12,4.5744495591486245e-09,7.333641356730335e-09,5 10 15,3 4 5,5.0 10.0 15.0
BothStartLoadPhase__LiftOff,pc1,100,PO10,P8,O_Vis,P_Space,27,27,1.0,9,12,1.4375572031334258e-08,3.3375260683067925e-08,5 10 15,3 4 5,5.0 10.0 15.0
BothStartLoadPhase__LiftOff,pc2,50,O1,Oz,O_Vis,O_Vis,27,27,1.0,9,12,1.4375572031334258e-08,3.3375260683067925e-08,5 10 15,3 4 5,5.0 10.0 15.0
BothStartLoadPhase__LiftOff,pc3,50,C4,FC2,F_Motor,F_Motor,27,27,1.0,9,12,1.4375572031334258e-08,3.3375260683067925e-08,5 10 15,3 4 5,5.0 10.0 15.0
BothStartLoadPhase__LiftOff,pc3,200,CP6,C4,P_Space,F_Motor,27,27,1.0,9,12,1.4375572031334258e-08,3.3375260683067925e-08,5 10 15,3 4 5,5.0 10.0 15.0
FirstDigitTouch__BothStartLoadPhase,pc2,50,O1,Oz,O_Vis,O_Vis,27,27,1.0,9,12,1.4375572031334258e-08,3.3375260683067925e-08,5 10 15,3 4 5,5.0 10.0 15.0
FirstDigitTouch__BothStartLoadPhase,pc3,50,P4,P8,P_Space,P_Space,27,27,1.0,9,12,1.4375572031334258e-08,3.3375260683067925e-08,5 10 15,3 4 5,5.0 10.0 15.0
FirstDigitTouch__BothStartLoadPhase,pc3,200,P4,P8,P_Space,P_Space,27,27,1.0,9,12,1.4375572031334258e-08,3.3375260683067925e-08,5 10 15,3 4 5,5.0 10.0 15.0
HandStart__FirstDigitTouch,pc2,0,Oz,O2,O_Vis,O_Vis,27,27,1.0,9,12,1.4375572031334258e-08,3.3375260683067925e-08,5 10 15,3 4 5,5.0 10.0 15.0
HandStart__FirstDigitTouch,pc3,100,CP6,C4,P_Space,F_Motor,27,27,1.0,9,12,1.4375572031334258e-08,3.3375260683067925e-08,5 10 15,3 4 5,5.0 10.0 15.0
LiftOff__Replace,pc2,0,Oz,O2,O_Vis,O_Vis,27,27,1.0,9,12,1.4375572031334258e-08,3.3375260683067925e-08,5 10 15,3 4 5,5.0 10.0 15.0
Replace__BothReleased,pc1,0,PO10,P8,O_Vis,P_Space,27,27,1.0,9,12,1.4375572031334258e-08,3.3375260683067925e-08,5 10 15,3 4 5,5.0 10.0 15.0
Replace__BothReleased,pc2,0,O1,Oz,O_Vis,O_Vis,27,27,1.0,9,12,1.4375572031334258e-08,3.3375260683067925e-08,5 10 15,3 4 5,5.0 10.0 15.0
BothStartLoadPhase__LiftOff,pc3,50,O2,C3,O_Vis,F_Motor,27,27,1.0,9,12,1.4375572031334258e-08,3.80456949449967e-08,5 10 15,3 4 5,5.0 10.0 15.0
BothStartLoadPhase__LiftOff,pc3,50,P4,P8,P_Space,P_Space,27,27,1.0,9,12,1.4375572031334258e-08,3.80456949449967e-08,5 10 15,3 4 5,5.0 10.0 15.0
FirstDigitTouch__BothStartLoadPhase,pc1,50,PO10,P8,O_Vis,P_Space,27,27,1.0,9,12,1.4375572031334258e-08,3.80456949449967e-08,5 10 15,3 4 5,5.0 10.0 15.0
FirstDigitTouch__BothStartLoadPhase,pc1,100,PO10,P8,O_Vis,P_Space,27,27,1.0,9,12,1.4375572031334258e-08,3.80456949449967e-08,5 10 15,3 4 5,5.0 10.0 15.0
FirstDigitTouch__BothStartLoadPhase,pc2,0,O1,PO9,O_Vis,O_Vis,27,27,1.0,9,12,1.4375572031334258e-08,3.80456949449967e-08,5 10 15,3 4 5,5.0 10.0 15.0
FirstDigitTouch__BothStartLoadPhase,pc2,0,Oz,O1,O_Vis,O_Vis,27,27,1.0,9,12,1.4375572031334258e-08,3.80456949449967e-08,5 10 15,3 4 5,5.0 10.0 15.0
FirstDigitTouch__BothStartLoadPhase,pc3,50,O2,C3,O_Vis,F_Motor,27,27,1.0,9,12,1.4375572031334258e-08,3.80456949449967e-08,5 10 15,3 4 5,5.0 10.0 15.0
HandStart__FirstDigitTouch,pc2,0,O1,Oz,O_Vis,O_Vis,27,27,1.0,9,12,1.4375572031334258e-08,3.80456949449967e-08,5 10 15,3 4 5,5.0 10.0 15.0
HandStart__FirstDigitTouch,pc3,200,P4,P8,P_Space,P_Space,27,27,1.0,9,12,1.4375572031334258e-08,3.80456949449967e-08,5 10 15,3 4 5,5.0 10.0 15.0
LiftOff__Replace,pc2,0,O1,PO9,O_Vis,O_Vis,27,27,1.0,9,12,1.4375572031334258e-08,3.80456949449967e-08,5 10 15,3 4 5,5.0 10.0 15.0
Replace__BothReleased,pc2,50,Oz,O2,O_Vis,O_Vis,27,27,1.0,9,12,1.4375572031334258e-08,3.80456949449967e-08,5 10 15,3 4 5,5.0 10.0 15.0
BothStartLoadPhase__LiftOff,pc1,0,PO9,O1,O_Vis,O_Vis,27,27,1.0,8,12,7.35683912920622e-11,1.496055205469453e-10,5 10 15,3 4 5,5.0 10.0 15.0
HandStart__FirstDigitTouch,pc1,0,PO9,O1,O_Vis,O_Vis,27,27,1.0,8,12,7.35683912920622e-11,1.496055205469453e-10,5 10 15,3 4 5,5.0 10.0 15.0
FirstDigitTouch__BothStartLoadPhase,pc3,50,C4,FC2,F_Motor,F_Motor,27,27,1.0,8,12,4.5744495591486245e-09,7.333641356730335e-09,5 10 15,3 4 5,5.0 10.0 15.0
FirstDigitTouch__BothStartLoadPhase,pc3,150,P4,P8,P_Space,P_Space,27,27,1.0,8,12,4.5744495591486245e-09,7.333641356730335e-09,5 10 15,3 4 5,5.0 10.0 15.0
Replace__BothReleased,pc2,100,O2,PO10,O_Vis,O_Vis,27,27,1.0,8,12,4.5744495591486245e-09,7.333641356730335e-09,5 10 15,3 4 5,5.0 10.0 15.0
BothStartLoadPhase__LiftOff,pc2,0,O2,PO10,O_Vis,O_Vis,27,27,1.0,8,12,1.7167849919707603e-08,3.3375260683067925e-08,5 10 15,3 4 5,5.0 10.0 15.0
FirstDigitTouch__BothStartLoadPhase,pc2,0,O2,PO10,O_Vis,O_Vis,27,27,1.0,8,12,1.7167849919707603e-08,3.3375260683067925e-08,5 10 15,3 4 5,5.0 10.0 15.0
HandStart__FirstDigitTouch,pc2,0,O2,PO10,O_Vis,O_Vis,27,27,1.0,8,12,1.7167849919707603e-08,3.3375260683067925e-08,5 10 15,3 4 5,5.0 10.0 15.0
HandStart__FirstDigitTouch,pc3,150,P4,P8,P_Space,P_Space,27,27,1.0,8,12,1.7167849919707603e-08,3.3375260683067925e-08,5 10 15,3 4 5,5.0 10.0 15.0
LiftOff__Replace,pc1,0,PO9,Oz,O_Vis,O_Vis,27,27,1.0,8,12,1.7167849919707603e-08,3.3375260683067925e-08,5 10 15,3 4 5,5.0 10.0 15.0
Replace__BothReleased,pc3,200,P7,O1,P_Space,O_Vis,27,27,1.0,8,12,1.7167849919707603e-08,3.3375260683067925e-08,5 10 15,3 4 5,5.0 10.0 15.0
BothStartLoadPhase__LiftOff,pc1,0,PO10,O2,O_Vis,O_Vis,27,27,1.0,8,12,2.0768421372728914e-07,2.5071042533612994e-07,5 10 15,3 4 5,5.0 10.0 15.0
BothStartLoadPhase__LiftOff,pc1,50,PO9,Oz,O_Vis,O_Vis,27,27,1.0,8,12,2.0768421372728914e-07,2.5071042533612994e-07,5 10 15,3 4 5,5.0 10.0 15.0
FirstDigitTouch__BothStartLoadPhase,pc1,0,PO10,O2,O_Vis,O_Vis,27,27,1.0,8,12,2.0768421372728914e-07,2.5071042533612994e-07,5 10 15,3 4 5,5.0 10.0 15.0
FirstDigitTouch__BothStartLoadPhase,pc3,200,CP6,C4,P_Space,F_Motor,27,27,1.0,8,12,2.0768421372728914e-07,2.5071042533612994e-07,5 10 15,3 4 5,5.0 10.0 15.0
HandStart__FirstDigitTouch,pc1,0,PO10,O2,O_Vis,O_Vis,27,27,1.0,8,12,2.0768421372728914e-07,2.5071042533612994e-07,5 10 15,3 4 5,5.0 10.0 15.0
HandStart__FirstDigitTouch,pc2,0,O1,PO9,O_Vis,O_Vis,27,27,1.0,8,12,2.0768421372728914e-07,2.5071042533612994e-07,5 10 15,3 4 5,5.0 10.0 15.0
LiftOff__Replace,pc3,50,P8,PO10,P_Space,O_Vis,27,27,1.0,8,12,2.0768421372728914e-07,2.5071042533612994e-07,5 10 15,3 4 5,5.0 10.0 15.0
HandStart__FirstDigitTouch,pc3,50,P4,P8,P_Space,P_Space,27,27,1.0,8,12,4.0023808014420435e-07,7.873824274790389e-07,5 10 15,3 4 5,5.0 10.0 15.0
LiftOff__Replace,pc2,0,O2,PO10,O_Vis,O_Vis,27,27,1.0,8,12,4.0023808014420435e-07,7.873824274790389e-07,5 10 15,3 4 5,5.0 10.0 15.0
LiftOff__Replace,pc2,0,P7,CP5,P_Space,P_Space,27,27,1.0,8,12,4.0023808014420435e-07,8.776649328876482e-07,5 10 15,3 4 5,5.0 10.0 15.0
LiftOff__Replace,pc3,0,CP6,C4,P_Space,F_Motor,27,27,1.0,8,12,4.0023808014420435e-07,8.776649328876482e-07,5 10 15,3 4 5,5.0 10.0 15.0
Replace__BothReleased,pc1,50,PO9,Oz,O_Vis,O_Vis,27,27,1.0,8,12,4.0023808014420435e-07,8.776649328876482e-07,5 10 15,3 4 5,5.0 10.0 15.0
Replace__BothReleased,pc3,100,Fp2,Fp1,F_Exec,F_Exec,27,27,1.0,7,12,4.5744495591486245e-09,7.333641356730335e-09,5 10 15,3 4 5,5.0 10.0 15.0
BothStartLoadPhase__LiftOff,pc1,0,PO9,Oz,O_Vis,O_Vis,27,27,1.0,7,12,2.0768421372728914e-07,2.5071042533612994e-07,5 10 15,3 4 5,5.0 10.0 15.0
BothStartLoadPhase__LiftOff,pc3,50,P8,PO10,P_Space,O_Vis,27,27,1.0,7,12,2.0768421372728914e-07,2.5071042533612994e-07,5 10 15,3 4 5,5.0 10.0 15.0
FirstDigitTouch__BothStartLoadPhase,pc1,0,PO9,Oz,O_Vis,O_Vis,27,27,1.0,7,12,2.0768421372728914e-07,2.5071042533612994e-07,5 10 15,3 4 5,5.0 10.0 15.0
HandStart__FirstDigitTouch,pc3,100,P4,CP6,P_Space,P_Space,27,27,1.0,7,12,2.0768421372728914e-07,2.5071042533612994e-07,5 10 15,3 4 5,5.0 10.0 15.0
LiftOff__Replace,pc1,0,PO9,P7,O_Vis,P_Space,27,27,1.0,7,12,2.0768421372728914e-07,2.5071042533612994e-07,5 10 15,3 4 5,5.0 10.0 15.0
Replace__BothReleased,pc3,50,Fp2,Fp1,F_Exec,F_Exec,27,27,1.0,7,12,2.0768421372728914e-07,2.5071042533612994e-07,5 10 15,3 4 5,5.0 10.0 15.0
BothStartLoadPhase__LiftOff,pc1,0,PO9,P7,O_Vis,P_Space,27,27,1.0,7,12,5.225613592441823e-07,7.873824274790389e-07,5 10 15,3 4 5,5.0 10.0 15.0
FirstDigitTouch__BothStartLoadPhase,pc1,0,PO9,P7,O_Vis,P_Space,27,27,1.0,7,12,5.225613592441823e-07,7.873824274790389e-07,5 10 15,3 4 5,5.0 10.0 15.0
LiftOff__Replace,pc3,100,CP6,C4,P_Space,F_Motor,27,27,1.0,7,12,5.225613592441823e-07,7.873824274790389e-07,5 10 15,3 4 5,5.0 10.0 15.0
Replace__BothReleased,pc1,0,PO10,Oz,O_Vis,O_Vis,27,27,1.0,7,12,5.225613592441823e-07,7.873824274790389e-07,5 10 15,3 4 5,5.0 10.0 15.0
Replace__BothReleased,pc3,150,P4,P8,P_Space,P_Space,27,27,1.0,7,12,5.225613592441823e-07,7.873824274790389e-07,5 10 15,3 4 5,5.0 10.0 15.0
FirstDigitTouch__BothStartLoadPhase,pc1,0,PO10,Oz,O_Vis,O_Vis,27,27,1.0,7,12,6.941643366319013e-06,6.941643366319013e-06,5 10 15,3 4 5,5.0 10.0 15.0
FirstDigitTouch__BothStartLoadPhase,pc3,100,P4,CP6,P_Space,P_Space,27,27,1.0,7,12,6.941643366319013e-06,6.941643366319013e-06,5 10 15,3 4 5,5.0 10.0 15.0
HandStart__FirstDigitTouch,pc1,0,PO9,Oz,O_Vis,O_Vis,27,27,1.0,7,12,6.941643366319013e-06,6.941643366319013e-06,5 10 15,3 4 5,5.0 10.0 15.0
HandStart__FirstDigitTouch,pc1,0,PO9,P7,O_Vis,P_Space,27,27,1.0,7,12,6.941643366319013e-06,6.941643366319013e-06,5 10 15,3 4 5,5.0 10.0 15.0
LiftOff__Replace,pc1,0,PO10,O2,O_Vis,O_Vis,27,27,1.0,7,12,6.941643366319013e-06,6.941643366319013e-06,5 10 15,3 4 5,5.0 10.0 15.0
Replace__BothReleased,pc2,0,O1,PO9,O_Vis,O_Vis,27,27,1.0,7,12,6.941643366319013e-06,6.941643366319013e-06,5 10 15,3 4 5,5.0 10.0 15.0
FirstDigitTouch__BothStartLoadPhase,pc3,50,P8,PO10,P_Space,O_Vis,25,27,0.9259259259259259,6,12,2.0768421372728914e-07,2.5071042533612994e-07,5 10 15,3 4 5,5.0 10.0 15.0
Replace__BothReleased,pc3,150,P7,O1,P_Space,O_Vis,25,27,0.9259259259259259,6,12,2.0768421372728914e-07,2.5071042533612994e-07,5 10 15,3 4 5,5.0 10.0 15.0
BothStartLoadPhase__LiftOff,pc3,0,P7,O1,P_Space,O_Vis,25,27,0.9259259259259259,6,12,6.941643366319013e-06,6.941643366319013e-06,5 10 15,3 4 5,5.0 10.0 15.0
FirstDigitTouch__BothStartLoadPhase,pc3,0,P7,O1,P_Space,O_Vis,25,27,0.9259259259259259,6,12,6.941643366319013e-06,6.941643366319013e-06,5 10 15,3 4 5,5.0 10.0 15.0
LiftOff__Replace,pc2,150,Oz,O1,O_Vis,O_Vis,24,27,0.8888888888888888,12,12,3.488149536859777e-14,2.533079760928494e-13,5 10 15,3 4 5,5.0 10.0 15.0
LiftOff__Replace,pc2,50,Oz,PO10,O_Vis,O_Vis,24,27,0.8888888888888888,12,12,3.488149536859777e-14,2.7457997636306447e-13,5 10 15,3 4 5,5.0 10.0 15.0
FirstDigitTouch__BothStartLoadPhase,pc2,200,Oz,O1,O_Vis,O_Vis,24,27,0.8888888888888888,11,12,6.104904459791693e-14,2.533079760928494e-13,5 10 15,3 4 5,5.0 10.0 15.0
FirstDigitTouch__BothStartLoadPhase,pc2,50,Oz,O1,O_Vis,O_Vis,24,27,0.8888888888888888,11,12,5.152694495849263e-12,1.975226793467911e-11,5 10 15,3 4 5,5.0 10.0 15.0
HandStart__FirstDigitTouch,pc2,50,O1,Oz,O_Vis,O_Vis,24,27,0.8888888888888888,11,12,5.152694495849263e-12,1.975226793467911e-11,5 10 15,3 4 5,5.0 10.0 15.0
LiftOff__Replace,pc3,50,P4,P8,P_Space,P_Space,24,27,0.8888888888888888,11,12,5.152694495849263e-12,2.5109162067074976e-11,5 10 15,3 4 5,5.0 10.0 15.0
FirstDigitTouch__BothStartLoadPhase,pc2,100,Oz,O1,O_Vis,O_Vis,24,27,0.8888888888888888,10,12,3.4930855940150567e-10,9.800140920491487e-10,5 10 15,3 4 5,5.0 10.0 15.0
HandStart__FirstDigitTouch,pc3,150,O1,FC1,O_Vis,F_Motor,24,27,0.8888888888888888,10,12,3.4930855940150567e-10,1.2972305774547853e-09,5 10 15,3 4 5,5.0 10.0 15.0
LiftOff__Replace,pc2,0,O2,Oz,O_Vis,O_Vis,24,27,0.8888888888888888,10,12,3.4930855940150567e-10,1.2972305774547853e-09,5 10 15,3 4 5,5.0 10.0 15.0
LiftOff__Replace,pc3,50,O2,Cz,O_Vis,F_Motor,24,27,0.8888888888888888,10,12,3.4930855940150567e-10,1.2972305774547853e-09,5 10 15,3 4 5,5.0 10.0 15.0
BothStartLoadPhase__LiftOff,pc2,150,Oz,O1,O_Vis,O_Vis,24,27,0.8888888888888888,9,12,4.0187628235108975e-10,9.800140920491487e-10,5 10 15,3 4 5,5.0 10.0 15.0
FirstDigitTouch__BothStartLoadPhase,pc2,100,O1,Oz,O_Vis,O_Vis,24,27,0.8888888888888888,9,12,1.4375572031334258e-08,3.3375260683067925e-08,5 10 15,3 4 5,5.0 10.0 15.0
HandStart__FirstDigitTouch,pc1,100,PO10,P8,O_Vis,P_Space,24,27,0.8888888888888888,9,12,1.4375572031334258e-08,3.3375260683067925e-08,5 10 15,3 4 5,5.0 10.0 15.0
LiftOff__Replace,pc3,100,CP6,P8,P_Space,P_Space,24,27,0.8888888888888888,9,12,1.4375572031334258e-08,3.3375260683067925e-08,5 10 15,3 4 5,5.0 10.0 15.0
BothStartLoadPhase__LiftOff,pc1,50,PO10,P8,O_Vis,P_Space,24,27,0.8888888888888888,9,12,1.4375572031334258e-08,3.80456949449967e-08,5 10 15,3 4 5,5.0 10.0 15.0
HandStart__FirstDigitTouch,pc3,50,O2,C3,O_Vis,F_Motor,24,27,0.8888888888888888,9,12,1.4375572031334258e-08,3.80456949449967e-08,5 10 15,3 4 5,5.0 10.0 15.0
HandStart__FirstDigitTouch,pc3,150,P3,P7,P_Space,P_Space,24,27,0.8888888888888888,9,12,1.4375572031334258e-08,3.80456949449967e-08,5 10 15,3 4 5,5.0 10.0 15.0
LiftOff__Replace,pc3,50,O2,C3,O_Vis,F_Motor,24,27,0.8888888888888888,9,12,1.4375572031334258e-08,3.80456949449967e-08,5 10 15,3 4 5,5.0 10.0 15.0
LiftOff__Replace,pc3,150,P4,CP6,P_Space,P_Space,24,27,0.8888888888888888,9,12,1.4375572031334258e-08,3.80456949449967e-08,5 10 15,3 4 5,5.0 10.0 15.0
Replace__BothReleased,pc3,200,P4,P8,P_Space,P_Space,24,27,0.8888888888888888,9,12,1.4375572031334258e-08,3.80456949449967e-08,5 10 15,3 4 5,5.0 10.0 15.0
Replace__BothReleased,pc1,100,PO10,Oz,O_Vis,O_Vis,24,27,0.8888888888888888,8,12,1.7167849919707603e-08,3.3375260683067925e-08,5 10 15,3 4 5,5.0 10.0 15.0
FirstDigitTouch__BothStartLoadPhase,pc1,50,PO10,Fz,O_Vis,F_Exec,24,27,0.8888888888888888,8,12,4.0023808014420435e-07,7.873824274790389e-07,5 10 15,3 4 5,5.0 10.0 15.0
LiftOff__Replace,pc1,0,PO10,P8,O_Vis,P_Space,24,27,0.8888888888888888,8,12,4.0023808014420435e-07,7.873824274790389e-07,5 10 15,3 4 5,5.0 10.0 15.0
LiftOff__Replace,pc3,200,O1,FC1,O_Vis,F_Motor,24,27,0.8888888888888888,8,12,4.0023808014420435e-07,7.873824274790389e-07,5 10 15,3 4 5,5.0 10.0 15.0
HandStart__FirstDigitTouch,pc2,0,Oz,O1,O_Vis,O_Vis,24,27,0.8888888888888888,8,12,4.0023808014420435e-07,8.776649328876482e-07,5 10 15,3 4 5,5.0 10.0 15.0
LiftOff__Replace,pc3,200,CP6,P8,P_Space,P_Space,24,27,0.8888888888888888,8,12,4.0023808014420435e-07,8.776649328876482e-07,5 10 15,3 4 5,5.0 10.0 15.0
LiftOff__Replace,pc3,50,P7,O1,P_Space,O_Vis,24,27,0.8888888888888888,7,12,5.225613592441823e-07,7.873824274790389e-07,5 10 15,3 4 5,5.0 10.0 15.0
Replace__BothReleased,pc3,0,P8,PO10,P_Space,O_Vis,24,27,0.8888888888888888,7,12,5.225613592441823e-07,7.873824274790389e-07,5 10 15,3 4 5,5.0 10.0 15.0
Replace__BothReleased,pc3,50,C4,FC2,F_Motor,F_Motor,24,27,0.8888888888888888,7,12,5.225613592441823e-07,7.873824274790389e-07,5 10 15,3 4 5,5.0 10.0 15.0
BothStartLoadPhase__LiftOff,pc3,100,P4,CP6,P_Space,P_Space,24,27,0.8888888888888888,7,12,7.948737705520244e-06,1.363275126030567e-05,5 10 15,3 4 5,5.0 10.0 15.0
HandStart__FirstDigitTouch,pc1,0,PO10,Oz,O_Vis,O_Vis,24,27,0.8888888888888888,7,12,7.948737705520244e-06,1.363275126030567e-05,5 10 15,3 4 5,5.0 10.0 15.0
LiftOff__Replace,pc3,100,C4,CP2,F_Motor,P_Space,24,27,0.8888888888888888,7,12,7.948737705520244e-06,1.363275126030567e-05,5 10 15,3 4 5,5.0 10.0 15.0
Replace__BothReleased,pc3,0,P8,O2,P_Space,O_Vis,24,27,0.8888888888888888,7,12,7.948737705520244e-06,1.363275126030567e-05,5 10 15,3 4 5,5.0 10.0 15.0
Replace__BothReleased,pc3,100,P7,O1,P_Space,O_Vis,24,27,0.8888888888888888,5,12,6.941643366319013e-06,6.941643366319013e-06,5 10 15,3 4 5,5.0 10.0 15.0
BothStartLoadPhase__LiftOff,pc1,0,PO10,Oz,O_Vis,O_Vis,22,27,0.8148148148148148,6,12,1.1631110694196138e-05,1.4565084563002373e-05,5 10 15,3 4 5,5.0 10.0 15.0
BothStartLoadPhase__LiftOff,pc3,50,C4,CP2,F_Motor,P_Space,22,27,0.8148148148148148,6,12,1.1631110694196138e-05,1.4565084563002373e-05,5 10 15,3 4 5,5.0 10.0 15.0
BothStartLoadPhase__LiftOff,pc3,150,P8,PO10,P_Space,O_Vis,22,27,0.8148148148148148,6,12,1.1631110694196138e-05,1.4565084563002373e-05,5 10 15,3 4 5,5.0 10.0 15.0
FirstDigitTouch__BothStartLoadPhase,pc3,50,C4,CP2,F_Motor,P_Space,22,27,0.8148148148148148,6,12,1.1631110694196138e-05,1.4565084563002373e-05,5 10 15,3 4 5,5.0 10.0 15.0
HandStart__FirstDigitTouch,pc3,50,P8,PO10,P_Space,O_Vis,22,27,0.8148148148148148,6,12,1.1631110694196138e-05,1.4565084563002373e-05,5 10 15,3 4 5,5.0 10.0 15.0
HandStart__FirstDigitTouch,pc3,100,Fp1,PO10,F_Exec,O_Vis,22,27,0.8148148148148148,6,12,1.1631110694196138e-05,1.4565084563002373e-05,5 10 15,3 4 5,5.0 10.0 15.0
HandStart__FirstDigitTouch,pc3,200,C4,FC2,F_Motor,F_Motor,22,27,0.8148148148148148,6,12,1.1631110694196138e-05,1.4565084563002373e-05,5 10 15,3 4 5,5.0 10.0 15.0
Replace__BothReleased,pc1,50,Fp2,Fp1,F_Exec,F_Exec,22,27,0.8148148148148148,6,12,1.1631110694196138e-05,1.4565084563002373e-05,5 10 15,3 4 5,5.0 10.0 15.0
Replace__BothReleased,pc2,0,Oz,PO10,O_Vis,O_Vis,22,27,0.8148148148148148,6,12,1.1631110694196138e-05,1.4565084563002373e-05,5 10 15,3 4 5,5.0 10.0 15.0
Replace__BothReleased,pc2,50,Fp1,FC5,F_Exec,F_Motor,22,27,0.8148148148148148,6,12,1.1631110694196138e-05,1.4565084563002373e-05,5 10 15,3 4 5,5.0 10.0 15.0
Replace__BothReleased,pc3,0,CP6,P8,P_Space,P_Space,22,27,0.8148148148148148,6,12,1.1631110694196138e-05,1.4565084563002373e-05,5 10 15,3 4 5,5.0 10.0 15.0
Replace__BothReleased,pc3,0,P4,P8,P_Space,P_Space,22,27,0.8148148148148148,6,12,1.1631110694196138e-05,1.4565084563002373e-05,5 10 15,3 4 5,5.0 10.0 15.0
BothStartLoadPhase__LiftOff,pc3,200,O2,C3,O_Vis,F_Motor,22,27,0.8148148148148148,6,12,0.00011562389125060647,0.00015545927568147235,5 10 15,3 4 5,5.0 10.0 15.0
FirstDigitTouch__BothStartLoadPhase,pc3,200,P7,O1,P_Space,O_Vis,22,27,0.8148148148148148,6,12,0.00011562389125060647,0.00015545927568147235,5 10 15,3 4 5,5.0 10.0 15.0
LiftOff__Replace,pc2,0,P8,CP6,P_Space,P_Space,22,27,0.8148148148148148,6,12,0.00011562389125060647,0.00015545927568147235,5 10 15,3 4 5,5.0 10.0 15.0
LiftOff__Replace,pc3,0,CP6,P8,P_Space,P_Space,22,27,0.8148148148148148,6,12,0.00011562389125060647,0.00015545927568147235,5 10 15,3 4 5,5.0 10.0 15.0
LiftOff__Replace,pc3,50,FC6,F4,F_Motor,F_Motor,22,27,0.8148148148148148,6,12,0.00011562389125060647,0.00015545927568147235,5 10 15,3 4 5,5.0 10.0 15.0
Replace__BothReleased,pc1,0,PO9,P7,O_Vis,P_Space,22,27,0.8148148148148148,6,12,0.00011562389125060647,0.00015545927568147235,5 10 15,3 4 5,5.0 10.0 15.0
Replace__BothReleased,pc3,0,P7,O1,P_Space,O_Vis,22,27,0.8148148148148148,6,12,0.00011562389125060647,0.00015545927568147235,5 10 15,3 4 5,5.0 10.0 15.0
BothStartLoadPhase__LiftOff,pc2,0,P7,CP5,P_Space,P_Space,21,27,0.7777777777777778,5,12,0.00016973510588022393,0.00016973510588022393,5 10 15,3 4 5,5.0 10.0 15.0
BothStartLoadPhase__LiftOff,pc3,200,P7,O1,P_Space,O_Vis,21,27,0.7777777777777778,5,12,0.00016973510588022393,0.00016973510588022393,5 10 15,3 4 5,5.0 10.0 15.0
FirstDigitTouch__BothStartLoadPhase,pc2,0,P7,CP5,P_Space,P_Space,21,27,0.7777777777777778,5,12,0.00016973510588022393,0.00016973510588022393,5 10 15,3 4 5,5.0 10.0 15.0
LiftOff__Replace,pc2,0,PO10,O2,O_Vis,O_Vis,21,27,0.7777777777777778,5,12,0.00016973510588022393,0.00016973510588022393,5 10 15,3 4 5,5.0 10.0 15.0
Replace__BothReleased,pc3,150,Fp2,Fp1,F_Exec,F_Exec,21,27,0.7777777777777778,5,12,0.00016973510588022393,0.00016973510588022393,5 10 15,3 4 5,5.0 10.0 15.0
LiftOff__Replace,pc1,150,PO9,P7,O_Vis,P_Space,20,27,0.7407407407407407,11,12,6.104904459791693e-14,2.533079760928494e-13,5 10 15,3 4 5,5.0 10.0 15.0
LiftOff__Replace,pc3,200,C4,FC2,F_Motor,F_Motor,20,27,0.7407407407407407,11,12,5.152694495849263e-12,1.975226793467911e-11,5 10 15,3 4 5,5.0 10.0 15.0
LiftOff__Replace,pc1,100,PO10,P8,O_Vis,P_Space,20,27,0.7407407407407407,10,12,3.4930855940150567e-10,1.2972305774547853e-09,5 10 15,3 4 5,5.0 10.0 15.0
BothStartLoadPhase__LiftOff,pc2,100,Oz,O1,O_Vis,O_Vis,20,27,0.7407407407407407,9,12,4.0187628235108975e-10,9.800140920491487e-10,5 10 15,3 4 5,5.0 10.0 15.0
BothStartLoadPhase__LiftOff,pc3,50,O1,FC1,O_Vis,F_Motor,20,27,0.7407407407407407,9,12,1.4375572031334258e-08,3.3375260683067925e-08,5 10 15,3 4 5,5.0 10.0 15.0
BothStartLoadPhase__LiftOff,pc3,150,CP6,P8,P_Space,P_Space,20,27,0.7407407407407407,9,12,1.4375572031334258e-08,3.80456949449967e-08,5 10 15,3 4 5,5.0 10.0 15.0
FirstDigitTouch__BothStartLoadPhase,pc3,50,O1,FC1,O_Vis,F_Motor,20,27,0.7407407407407407,9,12,1.4375572031334258e-08,3.80456949449967e-08,5 10 15,3 4 5,5.0 10.0 15.0
HandStart__FirstDigitTouch,pc1,50,PO10,FC1,O_Vis,F_Motor,20,27,0.7407407407407407,9,12,1.4375572031334258e-08,3.80456949449967e-08,5 10 15,3 4 5,5.0 10.0 15.0
HandStart__FirstDigitTouch,pc3,0,P4,P8,P_Space,P_Space,20,27,0.7407407407407407,9,12,1.4375572031334258e-08,3.80456949449967e-08,5 10 15,3 4 5,5.0 10.0 15.0
HandStart__FirstDigitTouch,pc3,150,P7,O1,P_Space,O_Vis,20,27,0.7407407407407407,9,12,1.4375572031334258e-08,3.80456949449967e-08,5 10 15,3 4 5,5.0 10.0 15.0
HandStart__FirstDigitTouch,pc3,200,CP6,P8,P_Space,P_Space,20,27,0.7407407407407407,9,12,1.4375572031334258e-08,3.80456949449967e-08,5 10 15,3 4 5,5.0 10.0 15.0
LiftOff__Replace,pc3,150,FC6,F4,F_Motor,F_Motor,20,27,0.7407407407407407,9,12,1.4375572031334258e-08,3.80456949449967e-08,5 10 15,3 4 5,5.0 10.0 15.0
HandStart__FirstDigitTouch,pc3,150,P8,O2,P_Space,O_Vis,20,27,0.7407407407407407,8,12,1.7167849919707603e-08,3.3375260683067925e-08,5 10 15,3 4 5,5.0 10.0 15.0
BothStartLoadPhase__LiftOff,pc3,200,P4,CP6,P_Space,P_Space,20,27,0.7407407407407407,8,12,4.0023808014420435e-07,7.873824274790389e-07,5 10 15,3 4 5,5.0 10.0 15.0
FirstDigitTouch__BothStartLoadPhase,pc1,50,PO9,P7,O_Vis,P_Space,20,27,0.7407407407407407,8,12,4.0023808014420435e-07,7.873824274790389e-07,5 10 15,3 4 5,5.0 10.0 15.0
FirstDigitTouch__BothStartLoadPhase,pc3,0,P4,P8,P_Space,P_Space,20,27,0.7407407407407407,8,12,4.0023808014420435e-07,7.873824274790389e-07,5 10 15,3 4 5,5.0 10.0 15.0
HandStart__FirstDigitTouch,pc1,50,PO10,Fz,O_Vis,F_Exec,20,27,0.7407407407407407,8,12,4.0023808014420435e-07,7.873824274790389e-07,5 10 15,3 4 5,5.0 10.0 15.0
LiftOff__Replace,pc1,100,PO9,P7,O_Vis,P_Space,20,27,0.7407407407407407,8,12,4.0023808014420435e-07,7.873824274790389e-07,5 10 15,3 4 5,5.0 10.0 15.0
FirstDigitTouch__BothStartLoadPhase,pc3,50,O2,Cz,O_Vis,F_Motor,20,27,0.7407407407407407,8,12,4.0023808014420435e-07,8.776649328876482e-07,5 10 15,3 4 5,5.0 10.0 15.0
FirstDigitTouch__BothStartLoadPhase,pc3,200,P4,CP6,P_Space,P_Space,20,27,0.7407407407407407,8,12,4.0023808014420435e-07,8.776649328876482e-07,5 10 15,3 4 5,5.0 10.0 15.0
HandStart__FirstDigitTouch,pc3,50,C4,FC2,F_Motor,F_Motor,20,27,0.7407407407407407,8,12,4.0023808014420435e-07,8.776649328876482e-07,5 10 15,3 4 5,5.0 10.0 15.0
HandStart__FirstDigitTouch,pc3,100,P7,O1,P_Space,O_Vis,20,27,0.7407407407407407,8,12,4.0023808014420435e-07,8.776649328876482e-07,5 10 15,3 4 5,5.0 10.0 15.0
HandStart__FirstDigitTouch,pc3,150,CP6,P8,P_Space,P_Space,20,27,0.7407407407407407,8,12,4.0023808014420435e-07,8.776649328876482e-07,5 10 15,3 4 5,5.0 10.0 15.0
Replace__BothReleased,pc1,50,PO10,Oz,O_Vis,O_Vis,20,27,0.7407407407407407,8,12,4.0023808014420435e-07,8.776649328876482e-07,5 10 15,3 4 5,5.0 10.0 15.0
Replace__BothReleased,pc1,200,PO10,P8,O_Vis,P_Space,20,27,0.7407407407407407,8,12,4.0023808014420435e-07,8.776649328876482e-07,5 10 15,3 4 5,5.0 10.0 15.0
BothStartLoadPhase__LiftOff,pc3,0,P4,P8,P_Space,P_Space,20,27,0.7407407407407407,7,12,5.225613592441823e-07,7.873824274790389e-07,5 10 15,3 4 5,5.0 10.0 15.0
FirstDigitTouch__BothStartLoadPhase,pc3,150,O2,C3,O_Vis,F_Motor,20,27,0.7407407407407407,7,12,5.225613592441823e-07,7.873824274790389e-07,5 10 15,3 4 5,5.0 10.0 15.0
HandStart__FirstDigitTouch,pc3,200,CP6,C4,P_Space,F_Motor,20,27,0.7407407407407407,7,12,5.225613592441823e-07,7.873824274790389e-07,5 10 15,3 4 5,5.0 10.0 15.0
Replace__BothReleased,pc1,0,Fp1,Fp2,F_Exec,F_Exec,20,27,0.7407407407407407,7,12,5.225613592441823e-07,7.873824274790389e-07,5 10 15,3 4 5,5.0 10.0 15.0
BothStartLoadPhase__LiftOff,pc3,100,CP6,P8,P_Space,P_Space,20,27,0.7407407407407407,7,12,7.948737705520244e-06,1.363275126030567e-05,5 10 15,3 4 5,5.0 10.0 15.0
BothStartLoadPhase__LiftOff,pc3,100,P4,P8,P_Space,P_Space,20,27,0.7407407407407407,7,12,7.948737705520244e-06,1.363275126030567e-05,5 10 15,3 4 5,5.0 10.0 15.0
BothStartLoadPhase__LiftOff,pc3,150,O2,C3,O_Vis,F_Motor,20,27,0.7407407407407407,7,12,7.948737705520244e-06,1.363275126030567e-05,5 10 15,3 4 5,5.0 10.0 15.0
FirstDigitTouch__BothStartLoadPhase,pc3,100,C4,FC2,F_Motor,F_Motor,20,27,0.7407407407407407,7,12,7.948737705520244e-06,1.363275126030567e-05,5 10 15,3 4 5,5.0 10.0 15.0
HandStart__FirstDigitTouch,pc1,0,O1,PO9,O_Vis,O_Vis,20,27,0.7407407407407407,7,12,7.948737705520244e-06,1.363275126030567e-05,5 10 15,3 4 5,5.0 10.0 15.0
HandStart__FirstDigitTouch,pc3,50,P3,P7,P_Space,P_Space,20,27,0.7407407407407407,7,12,7.948737705520244e-06,1.363275126030567e-05,5 10 15,3 4 5,5.0 10.0 15.0
HandStart__FirstDigitTouch,pc3,100,P4,P8,P_Space,P_Space,20,27,0.7407407407407407,7,12,7.948737705520244e-06,1.363275126030567e-05,5 10 15,3 4 5,5.0 10.0 15.0
HandStart__FirstDigitTouch,pc3,200,O1,FC1,O_Vis,F_Motor,20,27,0.7407407407407407,7,12,7.948737705520244e-06,1.363275126030567e-05,5 10 15,3 4 5,5.0 10.0 15.0
LiftOff__Replace,pc3,0,P4,P8,P_Space,P_Space,20,27,0.7407407407407407,7,12,7.948737705520244e-06,1.363275126030567e-05,5 10 15,3 4 5,5.0 10.0 15.0
LiftOff__Replace,pc3,100,C4,FC2,F_Motor,F_Motor,20,27,0.7407407407407407,7,12,7.948737705520244e-06,1.363275126030567e-05,5 10 15,3 4 5,5.0 10.0 15.0
LiftOff__Replace,pc3,150,O2,C3,O_Vis,F_Motor,20,27,0.7407407407407407,7,12,7.948737705520244e-06,1.363275126030567e-05,5 10 15,3 4 5,5.0 10.0 15.0
LiftOff__Replace,pc3,200,P3,P7,P_Space,P_Space,20,27,0.7407407407407407,7,12,7.948737705520244e-06,1.363275126030567e-05,5 10 15,3 4 5,5.0 10.0 15.0
LiftOff__Replace,pc3,200,P8,O2,P_Space,O_Vis,20,27,0.7407407407407407,7,12,7.948737705520244e-06,1.363275126030567e-05,5 10 15,3 4 5,5.0 10.0 15.0
Replace__BothReleased,pc1,200,PO9,P7,O_Vis,P_Space,20,27,0.7407407407407407,7,12,7.948737705520244e-06,1.363275126030567e-05,5 10 15,3 4 5,5.0 10.0 15.0
Replace__BothReleased,pc2,50,Oz,O1,O_Vis,O_Vis,20,27,0.7407407407407407,7,12,7.948737705520244e-06,1.363275126030567e-05,5 10 15,3 4 5,5.0 10.0 15.0
Replace__BothReleased,pc1,0,PO9,Oz,O_Vis,O_Vis,19,27,0.7037037037037037,8,12,4.0023808014420435e-07,8.776649328876482e-07,5 10 15,3 4 5,5.0 10.0 15.0
Replace__BothReleased,pc3,0,CP6,C4,P_Space,F_Motor,19,27,0.7037037037037037,7,12,7.948737705520244e-06,1.363275126030567e-05,5 10 15,3 4 5,5.0 10.0 15.0
LiftOff__Replace,pc2,150,Oz,PO10,O_Vis,O_Vis,18,27,0.6666666666666666,12,12,2.6884377575267276e-16,1.5734435717735375e-15,10 15,3 4 5,5.0 10.0 15.0
LiftOff__Replace,pc1,200,PO9,P7,O_Vis,P_Space,18,27,0.6666666666666666,12,12,3.488149536859777e-14,2.533079760928494e-13,10 15,3 4 5,5.0 10.0 15.0
LiftOff__Replace,pc2,200,Oz,PO9,O_Vis,O_Vis,18,27,0.6666666666666666,12,12,3.488149536859777e-14,2.533079760928494e-13,10 15,3 4 5,5.0 10.0 15.0
LiftOff__Replace,pc2,150,Oz,PO9,O_Vis,O_Vis,18,27,0.6666666666666666,12,12,3.488149536859777e-14,2.7457997636306447e-13,10 15,3 4 5,5.0 10.0 15.0
LiftOff__Replace,pc2,200,Oz,PO10,O_Vis,O_Vis,18,27,0.6666666666666666,12,12,3.488149536859777e-14,2.7457997636306447e-13,10 15,3 4 5,5.0 10.0 15.0
LiftOff__Replace,pc3,150,P8,PO10,P_Space,O_Vis,18,27,0.6666666666666666,11,12,6.104904459791693e-14,2.533079760928494e-13,10 15,3 4 5,5.0 10.0 15.0
LiftOff__Replace,pc1,50,PO9,P7,O_Vis,P_Space,18,27,0.6666666666666666,11,12,5.152694495849263e-12,2.5109162067074976e-11,10 15,3 4 5,5.0 10.0 15.0
LiftOff__Replace,pc2,150,O1,O2,O_Vis,O_Vis,18,27,0.6666666666666666,11,12,5.152694495849263e-12,2.5109162067074976e-11,10 15,3 4 5,5.0 10.0 15.0
LiftOff__Replace,pc2,150,O2,O1,O_Vis,O_Vis,18,27,0.6666666666666666,11,12,5.152694495849263e-12,2.5109162067074976e-11,10 15,3 4 5,5.0 10.0 15.0
LiftOff__Replace,pc2,200,O1,O2,O_Vis,O_Vis,18,27,0.6666666666666666,11,12,5.152694495849263e-12,2.5109162067074976e-11,10 15,3 4 5,5.0 10.0 15.0
LiftOff__Replace,pc3,200,FC6,F4,F_Motor,F_Motor,18,27,0.6666666666666666,11,12,5.152694495849263e-12,2.5109162067074976e-11,10 15,3 4 5,5.0 10.0 15.0
FirstDigitTouch__BothStartLoadPhase,pc2,150,Oz,O1,O_Vis,O_Vis,18,27,0.6666666666666666,10,12,6.3590934537905775e-12,1.975226793467911e-11,10 15,3 4 5,5.0 10.0 15.0
Replace__BothReleased,pc2,150,Oz,O1,O_Vis,O_Vis,18,27,0.6666666666666666,10,12,6.3590934537905775e-12,1.975226793467911e-11,10 15,3 4 5,5.0 10.0 15.0
LiftOff__Replace,pc2,100,Oz,PO9,O_Vis,O_Vis,18,27,0.6666666666666666,10,12,3.4930855940150567e-10,9.800140920491487e-10,10 15,3 4 5,5.0 10.0 15.0
Replace__BothReleased,pc2,200,Oz,PO10,O_Vis,O_Vis,18,27,0.6666666666666666,10,12,3.4930855940150567e-10,9.800140920491487e-10,10 15,3 4 5,5.0 10.0 15.0
HandStart__FirstDigitTouch,pc1,50,PO10,FC2,O_Vis,F_Motor,18,27,0.6666666666666666,10,12,3.4930855940150567e-10,1.2972305774547853e-09,10 15,3 4 5,5.0 10.0 15.0
HandStart__FirstDigitTouch,pc1,150,PO9,P7,O_Vis,P_Space,18,27,0.6666666666666666,10,12,3.4930855940150567e-10,1.2972305774547853e-09,10 15,3 4 5,5.0 10.0 15.0
HandStart__FirstDigitTouch,pc1,200,PO9,P7,O_Vis,P_Space,18,27,0.6666666666666666,10,12,3.4930855940150567e-10,1.2972305774547853e-09,10 15,3 4 5,5.0 10.0 15.0
HandStart__FirstDigitTouch,pc2,150,O2,O1,O_Vis,O_Vis,18,27,0.6666666666666666,10,12,3.4930855940150567e-10,1.2972305774547853e-09,10 15,3 4 5,5.0 10.0 15.0
HandStart__FirstDigitTouch,pc2,200,O1,O2,O_Vis,O_Vis,18,27,0.6666666666666666,10,12,3.4930855940150567e-10,1.2972305774547853e-09,10 15,3 4 5,5.0 10.0 15.0
LiftOff__Replace,pc2,50,O1,O2,O_Vis,O_Vis,18,27,0.6666666666666666,10,12,3.4930855940150567e-10,1.2972305774547853e-09,10 15,3 4 5,5.0 10.0 15.0
LiftOff__Replace,pc2,150,O1,P7,O_Vis,P_Space,18,27,0.6666666666666666,10,12,3.4930855940150567e-10,1.2972305774547853e-09,10 15,3 4 5,5.0 10.0 15.0
LiftOff__Replace,pc2,200,O2,O1,O_Vis,O_Vis,18,27,0.6666666666666666,10,12,3.4930855940150567e-10,1.2972305774547853e-09,10 15,3 4 5,5.0 10.0 15.0
Replace__BothReleased,pc2,200,O1,O2,O_Vis,O_Vis,18,27,0.6666666666666666,10,12,3.4930855940150567e-10,1.2972305774547853e-09,10 15,3 4 5,5.0 10.0 15.0
HandStart__FirstDigitTouch,pc1,200,PO10,Fz,O_Vis,F_Exec,18,27,0.6666666666666666,9,12,1.4375572031334258e-08,3.3375260683067925e-08,10 15,3 4 5,5.0 10.0 15.0
LiftOff__Replace,pc1,50,PO10,Fz,O_Vis,F_Exec,18,27,0.6666666666666666,9,12,1.4375572031334258e-08,3.3375260683067925e-08,10 15,3 4 5,5.0 10.0 15.0
LiftOff__Replace,pc2,50,Oz,PO9,O_Vis,O_Vis,18,27,0.6666666666666666,9,12,1.4375572031334258e-08,3.3375260683067925e-08,10 15,3 4 5,5.0 10.0 15.0
LiftOff__Replace,pc2,100,Oz,PO10,O_Vis,O_Vis,18,27,0.6666666666666666,9,12,1.4375572031334258e-08,3.3375260683067925e-08,10 15,3 4 5,5.0 10.0 15.0
LiftOff__Replace,pc2,100,P7,P3,P_Space,P_Space,18,27,0.6666666666666666,9,12,1.4375572031334258e-08,3.3375260683067925e-08,10 15,3 4 5,5.0 10.0 15.0
BothStartLoadPhase__LiftOff,pc1,150,PO10,Fz,O_Vis,F_Exec,18,27,0.6666666666666666,9,12,1.4375572031334258e-08,3.80456949449967e-08,10 15,3 4 5,5.0 10.0 15.0
BothStartLoadPhase__LiftOff,pc2,50,Oz,PO10,O_Vis,O_Vis,18,27,0.6666666666666666,9,12,1.4375572031334258e-08,3.80456949449967e-08,10 15,3 4 5,5.0 10.0 15.0
FirstDigitTouch__BothStartLoadPhase,pc1,50,PO10,FC1,O_Vis,F_Motor,18,27,0.6666666666666666,9,12,1.4375572031334258e-08,3.80456949449967e-08,10 15,3 4 5,5.0 10.0 15.0
FirstDigitTouch__BothStartLoadPhase,pc2,50,Oz,PO10,O_Vis,O_Vis,18,27,0.6666666666666666,9,12,1.4375572031334258e-08,3.80456949449967e-08,10 15,3 4 5,5.0 10.0 15.0
HandStart__FirstDigitTouch,pc1,50,PO9,P7,O_Vis,P_Space,18,27,0.6666666666666666,9,12,1.4375572031334258e-08,3.80456949449967e-08,10 15,3 4 5,5.0 10.0 15.0
HandStart__FirstDigitTouch,pc1,200,PO10,FC1,O_Vis,F_Motor,18,27,0.6666666666666666,9,12,1.4375572031334258e-08,3.80456949449967e-08,10 15,3 4 5,5.0 10.0 15.0
HandStart__FirstDigitTouch,pc2,150,Oz,PO10,O_Vis,O_Vis,18,27,0.6666666666666666,9,12,1.4375572031334258e-08,3.80456949449967e-08,10 15,3 4 5,5.0 10.0 15.0
HandStart__FirstDigitTouch,pc2,150,Oz,PO9,O_Vis,O_Vis,18,27,0.6666666666666666,9,12,1.4375572031334258e-08,3.80456949449967e-08,10 15,3 4 5,5.0 10.0 15.0
HandStart__FirstDigitTouch,pc2,200,Oz,PO10,O_Vis,O_Vis,18,27,0.6666666666666666,9,12,1.4375572031334258e-08,3.80456949449967e-08,10 15,3 4 5,5.0 10.0 15.0
HandStart__FirstDigitTouch,pc2,200,Oz,PO9,O_Vis,O_Vis,18,27,0.6666666666666666,9,12,1.4375572031334258e-08,3.80456949449967e-08,10 15,3 4 5,5.0 10.0 15.0
LiftOff__Replace,pc1,100,P7,CP5,P_Space,P_Space,18,27,0.6666666666666666,9,12,1.4375572031334258e-08,3.80456949449967e-08,10 15,3 4 5,5.0 10.0 15.0
LiftOff__Replace,pc1,200,PO10,Fz,O_Vis,F_Exec,18,27,0.6666666666666666,9,12,1.4375572031334258e-08,3.80456949449967e-08,10 15,3 4 5,5.0 10.0 15.0
LiftOff__Replace,pc3,150,P3,P7,P_Space,P_Space,18,27,0.6666666666666666,9,12,1.4375572031334258e-08,3.80456949449967e-08,10 15,3 4 5,5.0 10.0 15.0
LiftOff__Replace,pc3,200,O2,C3,O_Vis,F_Motor,18,27,0.6666666666666666,9,12,1.4375572031334258e-08,3.80456949449967e-08,10 15,3 4 5,5.0 10.0 15.0
Replace__BothReleased,pc2,150,O1,O2,O_Vis,O_Vis,18,27,0.6666666666666666,9,12,1.4375572031334258e-08,3.80456949449967e-08,10 15,3 4 5,5.0 10.0 15.0
Replace__BothReleased,pc2,150,Oz,PO10,O_Vis,O_Vis,18,27,0.6666666666666666,9,12,1.4375572031334258e-08,3.80456949449967e-08,10 15,3 4 5,5.0 10.0 15.0
BothStartLoadPhase__LiftOff,pc1,50,PO9,P7,O_Vis,P_Space,18,27,0.6666666666666666,8,12,4.0023808014420435e-07,7.873824274790389e-07,10 15,3 4 5,5.0 10.0 15.0
BothStartLoadPhase__LiftOff,pc2,150,Oz,PO10,O_Vis,O_Vis,18,27,0.6666666666666666,8,12,4.0023808014420435e-07,7.873824274790389e-07,10 15,3 4 5,5.0 10.0 15.0
HandStart__FirstDigitTouch,pc2,50,Oz,PO10,O_Vis,O_Vis,18,27,0.6666666666666666,8,12,4.0023808014420435e-07,7.873824274790389e-07,10 15,3 4 5,5.0 10.0 15.0
LiftOff__Replace,pc1,50,PO10,FC1,O_Vis,F_Motor,18,27,0.6666666666666666,8,12,4.0023808014420435e-07,7.873824274790389e-07,10 15,3 4 5,5.0 10.0 15.0
LiftOff__Replace,pc2,50,O2,O1,O_Vis,O_Vis,18,27,0.6666666666666666,8,12,4.0023808014420435e-07,7.873824274790389e-07,10 15,3 4 5,5.0 10.0 15.0
LiftOff__Replace,pc3,150,O1,FC1,O_Vis,F_Motor,18,27,0.6666666666666666,8,12,4.0023808014420435e-07,7.873824274790389e-07,10 15,3 4 5,5.0 10.0 15.0
BothStartLoadPhase__LiftOff,pc3,200,C4,FC2,F_Motor,F_Motor,18,27,0.6666666666666666,8,12,4.0023808014420435e-07,8.776649328876482e-07,10 15,3 4 5,5.0 10.0 15.0
FirstDigitTouch__BothStartLoadPhase,pc1,200,PO10,FC1,O_Vis,F_Motor,18,27,0.6666666666666666,8,12,4.0023808014420435e-07,8.776649328876482e-07,10 15,3 4 5,5.0 10.0 15.0
HandStart__FirstDigitTouch,pc3,200,O2,C3,O_Vis,F_Motor,18,27,0.6666666666666666,8,12,4.0023808014420435e-07,8.776649328876482e-07,10 15,3 4 5,5.0 10.0 15.0
HandStart__FirstDigitTouch,pc3,200,P8,O2,P_Space,O_Vis,18,27,0.6666666666666666,8,12,4.0023808014420435e-07,8.776649328876482e-07,10 15,3 4 5,5.0 10.0 15.0
LiftOff__Replace,pc1,50,PO9,FC2,O_Vis,F_Motor,18,27,0.6666666666666666,8,12,4.0023808014420435e-07,8.776649328876482e-07,10 15,3 4 5,5.0 10.0 15.0
LiftOff__Replace,pc1,50,PO9,Fz,O_Vis,F_Exec,18,27,0.6666666666666666,8,12,4.0023808014420435e-07,8.776649328876482e-07,10 15,3 4 5,5.0 10.0 15.0
LiftOff__Replace,pc1,100,O1,PO9,O_Vis,O_Vis,18,27,0.6666666666666666,8,12,4.0023808014420435e-07,8.776649328876482e-07,10 15,3 4 5,5.0 10.0 15.0
BothStartLoadPhase__LiftOff,pc1,50,PO10,Fz,O_Vis,F_Exec,18,27,0.6666666666666666,7,12,5.225613592441823e-07,7.873824274790389e-07,10 15,3 4 5,5.0 10.0 15.0
BothStartLoadPhase__LiftOff,pc1,200,PO10,FC1,O_Vis,F_Motor,18,27,0.6666666666666666,7,12,5.225613592441823e-07,7.873824274790389e-07,10 15,3 4 5,5.0 10.0 15.0
BothStartLoadPhase__LiftOff,pc3,150,P7,O1,P_Space,O_Vis,18,27,0.6666666666666666,7,12,5.225613592441823e-07,7.873824274790389e-07,10 15,3 4 5,5.0 10.0 15.0
FirstDigitTouch__BothStartLoadPhase,pc1,200,PO10,FC5,O_Vis,F_Motor,18,27,0.6666666666666666,7,12,5.225613592441823e-07,7.873824274790389e-07,10 15,3 4 5,5.0 10.0 15.0
FirstDigitTouch__BothStartLoadPhase,pc2,150,Oz,PO10,O_Vis,O_Vis,18,27,0.6666666666666666,7,12,5.225613592441823e-07,7.873824274790389e-07,10 15,3 4 5,5.0 10.0 15.0
HandStart__FirstDigitTouch,pc1,150,PO10,Fz,O_Vis,F_Exec,18,27,0.6666666666666666,7,12,5.225613592441823e-07,7.873824274790389e-07,10 15,3 4 5,5.0 10.0 15.0
Replace__BothReleased,pc3,200,P8,O2,P_Space,O_Vis,18,27,0.6666666666666666,7,12,5.225613592441823e-07,7.873824274790389e-07,10 15,3 4 5,5.0 10.0 15.0
BothStartLoadPhase__LiftOff,pc1,200,PO9,P7,O_Vis,P_Space,18,27,0.6666666666666666,7,12,7.948737705520244e-06,1.363275126030567e-05,10 15,3 4 5,5.0 10.0 15.0
BothStartLoadPhase__LiftOff,pc2,150,Oz,PO9,O_Vis,O_Vis,18,27,0.6666666666666666,7,12,7.948737705520244e-06,1.363275126030567e-05,10 15,3 4 5,5.0 10.0 15.0
BothStartLoadPhase__LiftOff,pc2,200,Oz,PO10,O_Vis,O_Vis,18,27,0.6666666666666666,7,12,7.948737705520244e-06,1.363275126030567e-05,10 15,3 4 5,5.0 10.0 15.0
FirstDigitTouch__BothStartLoadPhase,pc1,200,PO9,P7,O_Vis,P_Space,18,27,0.6666666666666666,7,12,7.948737705520244e-06,1.363275126030567e-05,10 15,3 4 5,5.0 10.0 15.0
FirstDigitTouch__BothStartLoadPhase,pc2,150,O2,P8,O_Vis,P_Space,18,27,0.6666666666666666,7,12,7.948737705520244e-06,1.363275126030567e-05,10 15,3 4 5,5.0 10.0 15.0
HandStart__FirstDigitTouch,pc1,150,PO10,FC2,O_Vis,F_Motor,18,27,0.6666666666666666,7,12,7.948737705520244e-06,1.363275126030567e-05,10 15,3 4 5,5.0 10.0 15.0
HandStart__FirstDigitTouch,pc2,0,O2,P8,O_Vis,P_Space,18,27,0.6666666666666666,7,12,7.948737705520244e-06,1.363275126030567e-05,10 15,3 4 5,5.0 10.0 15.0
HandStart__FirstDigitTouch,pc2,100,O1,P3,O_Vis,P_Space,18,27,0.6666666666666666,7,12,7.948737705520244e-06,1.363275126030567e-05,10 15,3 4 5,5.0 10.0 15.0
HandStart__FirstDigitTouch,pc3,150,O2,C3,O_Vis,F_Motor,18,27,0.6666666666666666,7,12,7.948737705520244e-06,1.363275126030567e-05,10 15,3 4 5,5.0 10.0 15.0
LiftOff__Replace,pc3,50,CP6,P8,P_Space,P_Space,18,27,0.6666666666666666,7,12,7.948737705520244e-06,1.363275126030567e-05,10 15,3 4 5,5.0 10.0 15.0
LiftOff__Replace,pc3,50,Fz,PO10,F_Exec,O_Vis,18,27,0.6666666666666666,7,12,7.948737705520244e-06,1.363275126030567e-05,10 15,3 4 5,5.0 10.0 15.0
LiftOff__Replace,pc3,50,P4,CP6,P_Space,P_Space,18,27,0.6666666666666666,7,12,7.948737705520244e-06,1.363275126030567e-05,10 15,3 4 5,5.0 10.0 15.0
Replace__BothReleased,pc1,150,PO10,P8,O_Vis,P_Space,18,27,0.6666666666666666,7,12,7.948737705520244e-06,1.363275126030567e-05,10 15,3 4 5,5.0 10.0 15.0
Replace__BothReleased,pc2,0,O2,O1,O_Vis,O_Vis,18,27,0.6666666666666666,7,12,7.948737705520244e-06,1.363275126030567e-05,10 15,3 4 5,5.0 10.0 15.0
Replace__BothReleased,pc2,0,Oz,PO9,O_Vis,O_Vis,18,27,0.6666666666666666,7,12,7.948737705520244e-06,1.363275126030567e-05,10 15,3 4 5,5.0 10.0 15.0
Replace__BothReleased,pc3,50,FC6,F4,F_Motor,F_Motor,18,27,0.6666666666666666,7,12,7.948737705520244e-06,1.363275126030567e-05,10 15,3 4 5,5.0 10.0 15.0
FirstDigitTouch__BothStartLoadPhase,pc3,150,P8,PO10,P_Space,O_Vis,18,27,0.6666666666666666,6,12,1.1631110694196138e-05,1.4565084563002373e-05,5 10 15,3 4 5,5.0 10.0 15.0
HandStart__FirstDigitTouch,pc3,0,O1,FC1,O_Vis,F_Motor,18,27,0.6666666666666666,6,12,1.1631110694196138e-05,1.4565084563002373e-05,5 10 15,3 4 5,5.0 10.0 15.0
HandStart__FirstDigitTouch,pc3,150,P8,PO10,P_Space,O_Vis,18,27,0.6666666666666666,6,12,1.1631110694196138e-05,1.4565084563002373e-05,5 10 15,3 4 5,5.0 10.0 15.0
LiftOff__Replace,pc3,0,P4,CP6,P_Space,P_Space,18,27,0.6666666666666666,6,12,1.1631110694196138e-05,1.4565084563002373e-05,5 10 15,3 4 5,5.0 10.0 15.0
Replace__BothReleased,pc1,0,Fp2,Fp1,F_Exec,F_Exec,18,27,0.6666666666666666,6,12,1.1631110694196138e-05,1.4565084563002373e-05,5 10 15,3 4 5,5.0 10.0 15.0
BothStartLoadPhase__LiftOff,pc3,0,P4,CP6,P_Space,P_Space,18,27,0.6666666666666666,6,12,0.00011562389125060647,0.00015545927568147235,5 10 15,3 4 5,5.0 10.0 15.0
FirstDigitTouch__BothStartLoadPhase,pc1,100,PO10,FC5,O_Vis,F_Motor,18,27,0.6666666666666666,6,12,0.00011562389125060647,0.00015545927568147235,5 10 15,3 4 5,5.0 10.0 15.0
FirstDigitTouch__BothStartLoadPhase,pc3,0,P4,CP6,P_Space,P_Space,18,27,0.6666666666666666,6,12,0.00011562389125060647,0.00015545927568147235,5 10 15,3 4 5,5.0 10.0 15.0
HandStart__FirstDigitTouch,pc1,0,T8,FC6,T_Temp,F_Motor,18,27,0.6666666666666666,6,12,0.00011562389125060647,0.00015545927568147235,5 10 15,3 4 5,5.0 10.0 15.0
LiftOff__Replace,pc1,0,PO10,Oz,O_Vis,O_Vis,18,27,0.6666666666666666,6,12,0.00011562389125060647,0.00015545927568147235,5 10 15,3 4 5,5.0 10.0 15.0
LiftOff__Replace,pc3,50,CP6,C4,P_Space,F_Motor,18,27,0.6666666666666666,6,12,0.00011562389125060647,0.00015545927568147235,5 10 15,3 4 5,5.0 10.0 15.0
HandStart__FirstDigitTouch,pc2,0,Oz,PO10,O_Vis,O_Vis,17,27,0.6296296296296297,6,12,0.00011562389125060647,0.00015545927568147235,5 10 15,3 4 5,5.0 10.0 15.0
HandStart__FirstDigitTouch,pc3,50,C4,CP2,F_Motor,P_Space,17,27,0.6296296296296297,6,12,0.00011562389125060647,0.00015545927568147235,5 10 15,3 4 5,5.0 10.0 15.0
Replace__BothReleased,pc3,150,CP6,P8,P_Space,P_Space,17,27,0.6296296296296297,6,12,0.00011562389125060647,0.00015545927568147235,5 10 15,3 4 5,5.0 10.0 15.0
BothStartLoadPhase__LiftOff,pc1,0,T8,FC6,T_Temp,F_Motor,17,27,0.6296296296296297,5,12,0.00019101831309747746,0.00019101831309747746,5 10 15,3 4 5,5.0 10.0 15.0
BothStartLoadPhase__LiftOff,pc3,0,P8,O2,P_Space,O_Vis,17,27,0.6296296296296297,5,12,0.00019101831309747746,0.00019101831309747746,5 10 15,3 4 5,5.0 10.0 15.0
FirstDigitTouch__BothStartLoadPhase,pc1,0,T8,FC6,T_Temp,F_Motor,17,27,0.6296296296296297,5,12,0.00019101831309747746,0.00019101831309747746,5 10 15,3 4 5,5.0 10.0 15.0
FirstDigitTouch__BothStartLoadPhase,pc3,150,FC5,FC1,F_Motor,F_Motor,17,27,0.6296296296296297,5,12,0.00019101831309747746,0.00019101831309747746,5 10 15,3 4 5,5.0 10.0 15.0
LiftOff__Replace,pc1,0,T8,FC6,T_Temp,F_Motor,17,27,0.6296296296296297,5,12,0.00019101831309747746,0.00019101831309747746,5 10 15,3 4 5,5.0 10.0 15.0
Replace__BothReleased,pc1,150,PO9,Fz,O_Vis,F_Exec,17,27,0.6296296296296297,5,12,0.00019101831309747746,0.00019101831309747746,5 10 15,3 4 5,5.0 10.0 15.0
Replace__BothReleased,pc2,100,Fp1,FC5,F_Exec,F_Motor,17,27,0.6296296296296297,5,12,0.00019101831309747746,0.00019101831309747746,5 10 15,3 4 5,5.0 10.0 15.0
BothStartLoadPhase__LiftOff,pc3,0,O1,FC1,O_Vis,F_Motor,16,27,0.5925925925925926,6,12,1.1631110694196138e-05,1.4565084563002373e-05,10 15,3 4 5,5.0 10.0 15.0
BothStartLoadPhase__LiftOff,pc3,100,C4,FC2,F_Motor,F_Motor,16,27,0.5925925925925926,6,12,1.1631110694196138e-05,1.4565084563002373e-05,10 15,3 4 5,5.0 10.0 15.0
BothStartLoadPhase__LiftOff,pc3,150,C4,FC2,F_Motor,F_Motor,16,27,0.5925925925925926,6,12,1.1631110694196138e-05,1.4565084563002373e-05,10 15,3 4 5,5.0 10.0 15.0
BothStartLoadPhase__LiftOff,pc3,200,CP6,P8,P_Space,P_Space,16,27,0.5925925925925926,6,12,1.1631110694196138e-05,1.4565084563002373e-05,10 15,3 4 5,5.0 10.0 15.0
FirstDigitTouch__BothStartLoadPhase,pc1,150,PO10,FC1,O_Vis,F_Motor,16,27,0.5925925925925926,6,12,1.1631110694196138e-05,1.4565084563002373e-05,10 15,3 4 5,5.0 10.0 15.0
FirstDigitTouch__BothStartLoadPhase,pc2,0,O1,P7,O_Vis,P_Space,16,27,0.5925925925925926,6,12,1.1631110694196138e-05,1.4565084563002373e-05,10 15,3 4 5,5.0 10.0 15.0
FirstDigitTouch__BothStartLoadPhase,pc3,0,O1,FC1,O_Vis,F_Motor,16,27,0.5925925925925926,6,12,1.1631110694196138e-05,1.4565084563002373e-05,10 15,3 4 5,5.0 10.0 15.0
HandStart__FirstDigitTouch,pc3,150,P4,CP6,P_Space,P_Space,16,27,0.5925925925925926,6,12,1.1631110694196138e-05,1.4565084563002373e-05,10 15,3 4 5,5.0 10.0 15.0
Replace__BothReleased,pc1,150,PO9,P7,O_Vis,P_Space,16,27,0.5925925925925926,6,12,1.1631110694196138e-05,1.4565084563002373e-05,10 15,3 4 5,5.0 10.0 15.0
BothStartLoadPhase__LiftOff,pc1,150,PO9,P7,O_Vis,P_Space,16,27,0.5925925925925926,6,12,0.00011562389125060647,0.00015545927568147235,10 15,3 4 5,5.0 10.0 15.0
BothStartLoadPhase__LiftOff,pc2,0,O1,P7,O_Vis,P_Space,16,27,0.5925925925925926,6,12,0.00011562389125060647,0.00015545927568147235,10 15,3 4 5,5.0 10.0 15.0
BothStartLoadPhase__LiftOff,pc2,0,Oz,PO9,O_Vis,O_Vis,16,27,0.5925925925925926,6,12,0.00011562389125060647,0.00015545927568147235,10 15,3 4 5,5.0 10.0 15.0
BothStartLoadPhase__LiftOff,pc2,50,Oz,PO9,O_Vis,O_Vis,16,27,0.5925925925925926,6,12,0.00011562389125060647,0.00015545927568147235,10 15,3 4 5,5.0 10.0 15.0
BothStartLoadPhase__LiftOff,pc2,100,Oz,PO10,O_Vis,O_Vis,16,27,0.5925925925925926,6,12,0.00011562389125060647,0.00015545927568147235,10 15,3 4 5,5.0 10.0 15.0
BothStartLoadPhase__LiftOff,pc3,200,FC5,F3,F_Motor,F_Motor,16,27,0.5925925925925926,6,12,0.00011562389125060647,0.00015545927568147235,10 15,3 4 5,5.0 10.0 15.0
FirstDigitTouch__BothStartLoadPhase,pc1,150,PO10,FC5,O_Vis,F_Motor,16,27,0.5925925925925926,6,12,0.00011562389125060647,0.00015545927568147235,10 15,3 4 5,5.0 10.0 15.0
FirstDigitTouch__BothStartLoadPhase,pc2,50,O2,P8,O_Vis,P_Space,16,27,0.5925925925925926,6,12,0.00011562389125060647,0.00015545927568147235,10 15,3 4 5,5.0 10.0 15.0
FirstDigitTouch__BothStartLoadPhase,pc2,50,Oz,PO9,O_Vis,O_Vis,16,27,0.5925925925925926,6,12,0.00011562389125060647,0.00015545927568147235,10 15,3 4 5,5.0 10.0 15.0
FirstDigitTouch__BothStartLoadPhase,pc3,0,CP6,C4,P_Space,F_Motor,16,27,0.5925925925925926,6,12,0.00011562389125060647,0.00015545927568147235,10 15,3 4 5,5.0 10.0 15.0
FirstDigitTouch__BothStartLoadPhase,pc3,100,P4,P8,P_Space,P_Space,16,27,0.5925925925925926,6,12,0.00011562389125060647,0.00015545927568147235,10 15,3 4 5,5.0 10.0 15.0
HandStart__FirstDigitTouch,pc1,0,P7,CP5,P_Space,P_Space,16,27,0.5925925925925926,6,12,0.00011562389125060647,0.00015545927568147235,10 15,3 4 5,5.0 10.0 15.0
HandStart__FirstDigitTouch,pc1,50,O1,PO9,O_Vis,O_Vis,16,27,0.5925925925925926,6,12,0.00011562389125060647,0.00015545927568147235,10 15,3 4 5,5.0 10.0 15.0
HandStart__FirstDigitTouch,pc1,150,PO10,FC1,O_Vis,F_Motor,16,27,0.5925925925925926,6,12,0.00011562389125060647,0.00015545927568147235,10 15,3 4 5,5.0 10.0 15.0
HandStart__FirstDigitTouch,pc2,50,Oz,Fz,O_Vis,F_Exec,16,27,0.5925925925925926,6,12,0.00011562389125060647,0.00015545927568147235,10 15,3 4 5,5.0 10.0 15.0
HandStart__FirstDigitTouch,pc2,150,O2,P8,O_Vis,P_Space,16,27,0.5925925925925926,6,12,0.00011562389125060647,0.00015545927568147235,10 15,3 4 5,5.0 10.0 15.0
HandStart__FirstDigitTouch,pc3,0,P4,CP6,P_Space,P_Space,16,27,0.5925925925925926,6,12,0.00011562389125060647,0.00015545927568147235,10 15,3 4 5,5.0 10.0 15.0
HandStart__FirstDigitTouch,pc3,100,O2,C3,O_Vis,F_Motor,16,27,0.5925925925925926,6,12,0.00011562389125060647,0.00015545927568147235,10 15,3 4 5,5.0 10.0 15.0
LiftOff__Replace,pc1,200,PO9,Fz,O_Vis,F_Exec,16,27,0.5925925925925926,6,12,0.00011562389125060647,0.00015545927568147235,10 15,3 4 5,5.0 10.0 15.0
LiftOff__Replace,pc2,0,Oz,PO9,O_Vis,O_Vis,16,27,0.5925925925925926,6,12,0.00011562389125060647,0.00015545927568147235,10 15,3 4 5,5.0 10.0 15.0
LiftOff__Replace,pc3,0,P8,O2,P_Space,O_Vis,16,27,0.5925925925925926,6,12,0.00011562389125060647,0.00015545927568147235,10 15,3 4 5,5.0 10.0 15.0
LiftOff__Replace,pc3,0,P7,O1,P_Space,O_Vis,16,27,0.5925925925925926,5,12,0.00016973510588022393,0.00016973510588022393,5 10 15,3 4 5,5.0 10.0 15.0
LiftOff__Replace,pc3,0,P8,PO10,P_Space,O_Vis,16,27,0.5925925925925926,5,12,0.00016973510588022393,0.00016973510588022393,5 10 15,3 4 5,5.0 10.0 15.0
Replace__BothReleased,pc3,100,F8,Fp1,X_Other,F_Exec,16,27,0.5925925925925926,5,12,0.00016973510588022393,0.00016973510588022393,5 10 15,3 4 5,5.0 10.0 15.0
Replace__BothReleased,pc3,100,F8,Fp2,X_Other,F_Exec,16,27,0.5925925925925926,5,12,0.00016973510588022393,0.00016973510588022393,5 10 15,3 4 5,5.0 10.0 15.0
Replace__BothReleased,pc3,200,C4,FC2,F_Motor,F_Motor,16,27,0.5925925925925926,5,12,0.00016973510588022393,0.00016973510588022393,5 10 15,3 4 5,5.0 10.0 15.0
BothStartLoadPhase__LiftOff,pc3,50,O2,Cz,O_Vis,F_Motor,15,27,0.5555555555555556,8,12,4.0023808014420435e-07,8.776649328876482e-07,5 10 15,3 4 5,5.0 10.0 15.0
BothStartLoadPhase__LiftOff,pc3,150,P8,O2,P_Space,O_Vis,15,27,0.5555555555555556,7,12,7.948737705520244e-06,1.363275126030567e-05,5 10 15,3 4 5,5.0 10.0 15.0
LiftOff__Replace,pc3,150,C4,FC2,F_Motor,F_Motor,15,27,0.5555555555555556,7,12,7.948737705520244e-06,1.363275126030567e-05,5 10 15,3 4 5,5.0 10.0 15.0
BothStartLoadPhase__LiftOff,pc1,0,PO9,FC6,O_Vis,F_Motor,15,27,0.5555555555555556,5,12,0.00019101831309747746,0.00019101831309747746,10 15,3 4 5,5.0 10.0 15.0
BothStartLoadPhase__LiftOff,pc1,100,PO9,P7,O_Vis,P_Space,15,27,0.5555555555555556,5,12,0.00019101831309747746,0.00019101831309747746,10 15,3 4 5,5.0 10.0 15.0
BothStartLoadPhase__LiftOff,pc2,50,O2,P8,O_Vis,P_Space,15,27,0.5555555555555556,5,12,0.00019101831309747746,0.00019101831309747746,10 15,3 4 5,5.0 10.0 15.0
BothStartLoadPhase__LiftOff,pc2,50,Oz,Fz,O_Vis,F_Exec,15,27,0.5555555555555556,5,12,0.00019101831309747746,0.00019101831309747746,10 15,3 4 5,5.0 10.0 15.0
BothStartLoadPhase__LiftOff,pc2,100,O1,P3,O_Vis,P_Space,15,27,0.5555555555555556,5,12,0.00019101831309747746,0.00019101831309747746,10 15,3 4 5,5.0 10.0 15.0
BothStartLoadPhase__LiftOff,pc3,100,C4,CP2,F_Motor,P_Space,15,27,0.5555555555555556,5,12,0.00019101831309747746,0.00019101831309747746,10 15,3 4 5,5.0 10.0 15.0
FirstDigitTouch__BothStartLoadPhase,pc1,0,PO9,FC6,O_Vis,F_Motor,15,27,0.5555555555555556,5,12,0.00019101831309747746,0.00019101831309747746,10 15,3 4 5,5.0 10.0 15.0
FirstDigitTouch__BothStartLoadPhase,pc2,0,Oz,PO9,O_Vis,O_Vis,15,27,0.5555555555555556,5,12,0.00019101831309747746,0.00019101831309747746,10 15,3 4 5,5.0 10.0 15.0
FirstDigitTouch__BothStartLoadPhase,pc2,100,Oz,PO10,O_Vis,O_Vis,15,27,0.5555555555555556,5,12,0.00019101831309747746,0.00019101831309747746,10 15,3 4 5,5.0 10.0 15.0
FirstDigitTouch__BothStartLoadPhase,pc3,0,C4,FC6,F_Motor,F_Motor,15,27,0.5555555555555556,5,12,0.00019101831309747746,0.00019101831309747746,10 15,3 4 5,5.0 10.0 15.0
FirstDigitTouch__BothStartLoadPhase,pc3,200,C4,FC2,F_Motor,F_Motor,15,27,0.5555555555555556,5,12,0.00019101831309747746,0.00019101831309747746,10 15,3 4 5,5.0 10.0 15.0
HandStart__FirstDigitTouch,pc1,0,Oz,O1,O_Vis,O_Vis,15,27,0.5555555555555556,5,12,0.00019101831309747746,0.00019101831309747746,10 15,3 4 5,5.0 10.0 15.0
HandStart__FirstDigitTouch,pc3,0,CP6,P8,P_Space,P_Space,15,27,0.5555555555555556,5,12,0.00019101831309747746,0.00019101831309747746,10 15,3 4 5,5.0 10.0 15.0
HandStart__FirstDigitTouch,pc3,0,FC5,FC1,F_Motor,F_Motor,15,27,0.5555555555555556,5,12,0.00019101831309747746,0.00019101831309747746,10 15,3 4 5,5.0 10.0 15.0
LiftOff__Replace,pc1,0,PO9,FC6,O_Vis,F_Motor,15,27,0.5555555555555556,5,12,0.00019101831309747746,0.00019101831309747746,10 15,3 4 5,5.0 10.0 15.0
LiftOff__Replace,pc1,50,F4,FC2,F_Motor,F_Motor,15,27,0.5555555555555556,5,12,0.00019101831309747746,0.00019101831309747746,10 15,3 4 5,5.0 10.0 15.0
LiftOff__Replace,pc3,50,P8,O2,P_Space,O_Vis,15,27,0.5555555555555556,5,12,0.00019101831309747746,0.00019101831309747746,10 15,3 4 5,5.0 10.0 15.0
Replace__BothReleased,pc1,100,Fp2,FC5,F_Exec,F_Motor,15,27,0.5555555555555556,5,12,0.00019101831309747746,0.00019101831309747746,10 15,3 4 5,5.0 10.0 15.0
Replace__BothReleased,pc1,200,Fp2,Fp1,F_Exec,F_Exec,15,27,0.5555555555555556,5,12,0.00019101831309747746,0.00019101831309747746,10 15,3 4 5,5.0 10.0 15.0
Replace__BothReleased,pc3,0,P4,CP6,P_Space,P_Space,15,27,0.5555555555555556,5,12,0.00019101831309747746,0.00019101831309747746,10 15,3 4 5,5.0 10.0 15.0
Replace__BothReleased,pc3,50,Fp1,T7,F_Exec,T_Temp,15,27,0.5555555555555556,5,12,0.00019101831309747746,0.00019101831309747746,10 15,3 4 5,5.0 10.0 15.0
Replace__BothReleased,pc3,100,Fp1,T7,F_Exec,T_Temp,15,27,0.5555555555555556,5,12,0.00019101831309747746,0.00019101831309747746,10 15,3 4 5,5.0 10.0 15.0
Replace__BothReleased,pc3,200,FC6,F4,F_Motor,F_Motor,15,27,0.5555555555555556,5,12,0.00019101831309747746,0.00019101831309747746,10 15,3 4 5,5.0 10.0 15.0
Replace__BothReleased,pc2,200,Oz,PO9,O_Vis,O_Vis,13,27,0.48148148148148145,12,12,3.488149536859777e-14,2.7457997636306447e-13,10 15,3 4 5,5.0 10.0 15.0
LiftOff__Replace,pc2,200,O1,P7,O_Vis,P_Space,13,27,0.48148148148148145,11,12,5.152694495849263e-12,2.5109162067074976e-11,10 15,3 4 5,5.0 10.0 15.0
Replace__BothReleased,pc2,150,Oz,PO9,O_Vis,O_Vis,13,27,0.48148148148148145,11,12,5.152694495849263e-12,2.5109162067074976e-11,10 15,3 4 5,5.0 10.0 15.0
BothStartLoadPhase__LiftOff,pc3,200,FC5,FC1,F_Motor,F_Motor,13,27,0.48148148148148145,10,12,3.4930855940150567e-10,1.2972305774547853e-09,10 15,3 4 5,5.0 10.0 15.0
BothStartLoadPhase__LiftOff,pc1,200,PO10,Fz,O_Vis,F_Exec,13,27,0.48148148148148145,9,12,1.4375572031334258e-08,3.80456949449967e-08,10 15,3 4 5,5.0 10.0 15.0
HandStart__FirstDigitTouch,pc2,50,O2,O1,O_Vis,O_Vis,13,27,0.48148148148148145,9,12,1.4375572031334258e-08,3.80456949449967e-08,10 15,3 4 5,5.0 10.0 15.0
HandStart__FirstDigitTouch,pc2,200,O2,O1,O_Vis,O_Vis,13,27,0.48148148148148145,9,12,1.4375572031334258e-08,3.80456949449967e-08,10 15,3 4 5,5.0 10.0 15.0
LiftOff__Replace,pc1,150,PO10,Fz,O_Vis,F_Exec,13,27,0.48148148148148145,9,12,1.4375572031334258e-08,3.80456949449967e-08,10 15,3 4 5,5.0 10.0 15.0
LiftOff__Replace,pc2,100,O2,O1,O_Vis,O_Vis,13,27,0.48148148148148145,9,12,1.4375572031334258e-08,3.80456949449967e-08,10 15,3 4 5,5.0 10.0 15.0
BothStartLoadPhase__LiftOff,pc2,150,O2,P8,O_Vis,P_Space,13,27,0.48148148148148145,8,12,4.0023808014420435e-07,8.776649328876482e-07,10 15,3 4 5,5.0 10.0 15.0
FirstDigitTouch__BothStartLoadPhase,pc1,50,PO10,FC2,O_Vis,F_Motor,13,27,0.48148148148148145,8,12,4.0023808014420435e-07,8.776649328876482e-07,10 15,3 4 5,5.0 10.0 15.0
FirstDigitTouch__BothStartLoadPhase,pc3,150,CP6,P8,P_Space,P_Space,13,27,0.48148148148148145,8,12,4.0023808014420435e-07,8.776649328876482e-07,10 15,3 4 5,5.0 10.0 15.0
FirstDigitTouch__BothStartLoadPhase,pc3,200,FC5,FC1,F_Motor,F_Motor,13,27,0.48148148148148145,8,12,4.0023808014420435e-07,8.776649328876482e-07,10 15,3 4 5,5.0 10.0 15.0
LiftOff__Replace,pc1,200,PO10,FC1,O_Vis,F_Motor,13,27,0.48148148148148145,8,12,4.0023808014420435e-07,8.776649328876482e-07,10 15,3 4 5,5.0 10.0 15.0
LiftOff__Replace,pc1,200,PO9,FC2,O_Vis,F_Motor,13,27,0.48148148148148145,8,12,4.0023808014420435e-07,8.776649328876482e-07,10 15,3 4 5,5.0 10.0 15.0
LiftOff__Replace,pc2,100,P8,CP6,P_Space,P_Space,13,27,0.48148148148148145,8,12,4.0023808014420435e-07,8.776649328876482e-07,10 15,3 4 5,5.0 10.0 15.0
Replace__BothReleased,pc3,200,P4,CP6,P_Space,P_Space,13,27,0.48148148148148145,8,12,4.0023808014420435e-07,8.776649328876482e-07,10 15,3 4 5,5.0 10.0 15.0
BothStartLoadPhase__LiftOff,pc1,50,PO10,FC1,O_Vis,F_Motor,13,27,0.48148148148148145,7,12,7.948737705520244e-06,1.363275126030567e-05,10 15,3 4 5,5.0 10.0 15.0
FirstDigitTouch__BothStartLoadPhase,pc1,100,PO10,C3,O_Vis,F_Motor,13,27,0.48148148148148145,7,12,7.948737705520244e-06,1.363275126030567e-05,10 15,3 4 5,5.0 10.0 15.0
FirstDigitTouch__BothStartLoadPhase,pc1,100,PO10,TP9,O_Vis,T_Temp,13,27,0.48148148148148145,7,12,7.948737705520244e-06,1.363275126030567e-05,10 15,3 4 5,5.0 10.0 15.0
FirstDigitTouch__BothStartLoadPhase,pc1,150,PO10,Fz,O_Vis,F_Exec,13,27,0.48148148148148145,7,12,7.948737705520244e-06,1.363275126030567e-05,10 15,3 4 5,5.0 10.0 15.0
FirstDigitTouch__BothStartLoadPhase,pc2,150,Oz,PO9,O_Vis,O_Vis,13,27,0.48148148148148145,7,12,7.948737705520244e-06,1.363275126030567e-05,10 15,3 4 5,5.0 10.0 15.0
FirstDigitTouch__BothStartLoadPhase,pc3,200,O2,C3,O_Vis,F_Motor,13,27,0.48148148148148145,7,12,7.948737705520244e-06,1.363275126030567e-05,10 15,3 4 5,5.0 10.0 15.0
HandStart__FirstDigitTouch,pc1,100,PO9,P7,O_Vis,P_Space,13,27,0.48148148148148145,7,12,7.948737705520244e-06,1.363275126030567e-05,10 15,3 4 5,5.0 10.0 15.0
HandStart__FirstDigitTouch,pc1,200,PO10,FC2,O_Vis,F_Motor,13,27,0.48148148148148145,7,12,7.948737705520244e-06,1.363275126030567e-05,10 15,3 4 5,5.0 10.0 15.0
HandStart__FirstDigitTouch,pc2,50,O1,O2,O_Vis,O_Vis,13,27,0.48148148148148145,7,12,7.948737705520244e-06,1.363275126030567e-05,10 15,3 4 5,5.0 10.0 15.0
HandStart__FirstDigitTouch,pc2,50,O2,P8,O_Vis,P_Space,13,27,0.48148148148148145,7,12,7.948737705520244e-06,1.363275126030567e-05,10 15,3 4 5,5.0 10.0 15.0
HandStart__FirstDigitTouch,pc2,50,Oz,PO9,O_Vis,O_Vis,13,27,0.48148148148148145,7,12,7.948737705520244e-06,1.363275126030567e-05,10 15,3 4 5,5.0 10.0 15.0
HandStart__FirstDigitTouch,pc3,150,FC5,F3,F_Motor,F_Motor,13,27,0.48148148148148145,7,12,7.948737705520244e-06,1.363275126030567e-05,10 15,3 4 5,5.0 10.0 15.0
LiftOff__Replace,pc1,0,PO9,P3,O_Vis,P_Space,13,27,0.48148148148148145,7,12,7.948737705520244e-06,1.363275126030567e-05,10 15,3 4 5,5.0 10.0 15.0
LiftOff__Replace,pc1,150,P7,CP5,P_Space,P_Space,13,27,0.48148148148148145,7,12,7.948737705520244e-06,1.363275126030567e-05,10 15,3 4 5,5.0 10.0 15.0
LiftOff__Replace,pc2,100,O1,O2,O_Vis,O_Vis,13,27,0.48148148148148145,7,12,7.948737705520244e-06,1.363275126030567e-05,10 15,3 4 5,5.0 10.0 15.0
LiftOff__Replace,pc3,0,O1,FC1,O_Vis,F_Motor,13,27,0.48148148148148145,7,12,7.948737705520244e-06,1.363275126030567e-05,10 15,3 4 5,5.0 10.0 15.0
Replace__BothReleased,pc2,100,O1,P3,O_Vis,P_Space,13,27,0.48148148148148145,7,12,7.948737705520244e-06,1.363275126030567e-05,10 15,3 4 5,5.0 10.0 15.0
Replace__BothReleased,pc2,100,Oz,PO10,O_Vis,O_Vis,13,27,0.48148148148148145,7,12,7.948737705520244e-06,1.363275126030567e-05,10 15,3 4 5,5.0 10.0 15.0
Replace__BothReleased,pc2,200,O2,O1,O_Vis,O_Vis,13,27,0.48148148148148145,7,12,7.948737705520244e-06,1.363275126030567e-05,10 15,3 4 5,5.0 10.0 15.0
Replace__BothReleased,pc3,200,CP6,P8,P_Space,P_Space,13,27,0.48148148148148145,7,12,7.948737705520244e-06,1.363275126030567e-05,10 15,3 4 5,5.0 10.0 15.0
BothStartLoadPhase__LiftOff,pc2,0,Oz,PO10,O_Vis,O_Vis,13,27,0.48148148148148145,6,12,0.00011562389125060647,0.00015545927568147235,5 10 15,3 4 5,5.0 10.0 15.0
BothStartLoadPhase__LiftOff,pc3,0,O1,C4,O_Vis,F_Motor,13,27,0.48148148148148145,6,12,0.00011562389125060647,0.00015545927568147235,5 10 15,3 4 5,5.0 10.0 15.0
FirstDigitTouch__BothStartLoadPhase,pc3,0,O1,C4,O_Vis,F_Motor,13,27,0.48148148148148145,6,12,0.00011562389125060647,0.00015545927568147235,5 10 15,3 4 5,5.0 10.0 15.0
FirstDigitTouch__BothStartLoadPhase,pc3,150,P8,O2,P_Space,O_Vis,13,27,0.48148148148148145,6,12,0.00011562389125060647,0.00015545927568147235,5 10 15,3 4 5,5.0 10.0 15.0
HandStart__FirstDigitTouch,pc3,0,P7,O1,P_Space,O_Vis,13,27,0.48148148148148145,6,12,0.00011562389125060647,0.00015545927568147235,5 10 15,3 4 5,5.0 10.0 15.0
LiftOff__Replace,pc3,0,C4,CP2,F_Motor,P_Space,13,27,0.48148148148148145,6,12,0.00011562389125060647,0.00015545927568147235,5 10 15,3 4 5,5.0 10.0 15.0
LiftOff__Replace,pc3,200,C4,CP2,F_Motor,P_Space,13,27,0.48148148148148145,6,12,0.00011562389125060647,0.00015545927568147235,5 10 15,3 4 5,5.0 10.0 15.0
Replace__BothReleased,pc3,200,Oz,Fp2,O_Vis,F_Exec,13,27,0.48148148148148145,6,12,0.00011562389125060647,0.00015545927568147235,5 10 15,3 4 5,5.0 10.0 15.0
BothStartLoadPhase__LiftOff,pc3,0,C4,CP2,F_Motor,P_Space,12,27,0.4444444444444444,5,12,0.0012440595004031103,0.0012440595004031103,5 10 15,3 4 5,5.0 10.0
BothStartLoadPhase__LiftOff,pc3,150,P4,CP6,P_Space,P_Space,12,27,0.4444444444444444,5,12,0.0012440595004031103,0.0012440595004031103,5 10 15,3 4 5,5.0 10.0
FirstDigitTouch__BothStartLoadPhase,pc3,0,C4,CP2,F_Motor,P_Space,12,27,0.4444444444444444,5,12,0.0012440595004031103,0.0012440595004031103,5 10 15,3 4 5,5.0 10.0
FirstDigitTouch__BothStartLoadPhase,pc3,0,P8,O2,P_Space,O_Vis,12,27,0.4444444444444444,5,12,0.0012440595004031103,0.0012440595004031103,5 10 15,3 4 5,5.0 10.0
HandStart__FirstDigitTouch,pc3,0,C4,CP2,F_Motor,P_Space,12,27,0.4444444444444444,5,12,0.0012440595004031103,0.0012440595004031103,5 10 15,3 4 5,5.0 10.0
HandStart__FirstDigitTouch,pc3,0,P8,O2,P_Space,O_Vis,12,27,0.4444444444444444,5,12,0.0012440595004031103,0.0012440595004031103,5 10 15,3 4 5,5.0 10.0
LiftOff__Replace,pc1,0,PO9,F8,O_Vis,X_Other,12,27,0.4444444444444444,5,12,0.0012440595004031103,0.0012440595004031103,5 10 15,3 4 5,5.0 10.0
Replace__BothReleased,pc1,0,T8,FC6,T_Temp,F_Motor,12,27,0.4444444444444444,5,12,0.0012440595004031103,0.0012440595004031103,5 10 15,3 4 5,5.0 10.0
Replace__BothReleased,pc1,50,Fp2,F7,F_Exec,X_Other,12,27,0.4444444444444444,5,12,0.0012440595004031103,0.0012440595004031103,5 10 15,3 4 5,5.0 10.0
Replace__BothReleased,pc1,200,Fp1,Fp2,F_Exec,F_Exec,12,27,0.4444444444444444,5,12,0.0012440595004031103,0.0012440595004031103,5 10 15,3 4 5,5.0 10.0
Replace__BothReleased,pc2,50,Oz,Fz,O_Vis,F_Exec,12,27,0.4444444444444444,5,12,0.0012440595004031103,0.0012440595004031103,5 10 15,3 4 5,5.0 10.0
Replace__BothReleased,pc3,50,O1,FC1,O_Vis,F_Motor,12,27,0.4444444444444444,5,12,0.0012440595004031103,0.0012440595004031103,5 10 15,3 4 5,5.0 10.0
BothStartLoadPhase__LiftOff,pc3,100,FC6,F4,F_Motor,F_Motor,12,27,0.4444444444444444,4,12,0.00016973510588022393,0.00016973510588022393,5 10 15,3 4,5.0 10.0 15.0
FirstDigitTouch__BothStartLoadPhase,pc3,0,P3,P7,P_Space,P_Space,12,27,0.4444444444444444,4,12,0.00016973510588022393,0.00016973510588022393,5 10 15,3 4,5.0 10.0 15.0
Replace__BothReleased,pc1,50,PO9,Fz,O_Vis,F_Exec,12,27,0.4444444444444444,4,12,0.00016973510588022393,0.00016973510588022393,5 10 15,3 4,5.0 10.0 15.0
Replace__BothReleased,pc3,200,Fp2,Fp1,F_Exec,F_Exec,12,27,0.4444444444444444,4,12,0.00016973510588022393,0.00016973510588022393,5 10 15,3 4,5.0 10.0 15.0
BothStartLoadPhase__LiftOff,pc1,100,PO10,TP9,O_Vis,T_Temp,11,27,0.4074074074074074,6,12,0.00011562389125060647,0.00015545927568147235,10 15,3 4 5,5.0 10.0 15.0
BothStartLoadPhase__LiftOff,pc1,200,PO10,C3,O_Vis,F_Motor,11,27,0.4074074074074074,6,12,0.00011562389125060647,0.00015545927568147235,10 15,3 4 5,5.0 10.0 15.0
BothStartLoadPhase__LiftOff,pc1,200,PO10,FC5,O_Vis,F_Motor,11,27,0.4074074074074074,6,12,0.00011562389125060647,0.00015545927568147235,10 15,3 4 5,5.0 10.0 15.0
BothStartLoadPhase__LiftOff,pc2,150,O2,O1,O_Vis,O_Vis,11,27,0.4074074074074074,6,12,0.00011562389125060647,0.00015545927568147235,10 15,3 4 5,5.0 10.0 15.0
BothStartLoadPhase__LiftOff,pc3,0,CP6,C4,P_Space,F_Motor,11,27,0.4074074074074074,6,12,0.00011562389125060647,0.00015545927568147235,10 15,3 4 5,5.0 10.0 15.0
BothStartLoadPhase__LiftOff,pc3,100,P7,O1,P_Space,O_Vis,11,27,0.4074074074074074,6,12,0.00011562389125060647,0.00015545927568147235,10 15,3 4 5,5.0 10.0 15.0
BothStartLoadPhase__LiftOff,pc3,100,P8,P4,P_Space,P_Space,11,27,0.4074074074074074,6,12,0.00011562389125060647,0.00015545927568147235,10 15,3 4 5,5.0 10.0 15.0
FirstDigitTouch__BothStartLoadPhase,pc1,0,P7,CP5,P_Space,P_Space,11,27,0.4074074074074074,6,12,0.00011562389125060647,0.00015545927568147235,10 15,3 4 5,5.0 10.0 15.0
FirstDigitTouch__BothStartLoadPhase,pc2,0,Oz,PO10,O_Vis,O_Vis,11,27,0.4074074074074074,6,12,0.00011562389125060647,0.00015545927568147235,10 15,3 4 5,5.0 10.0 15.0
FirstDigitTouch__BothStartLoadPhase,pc2,200,Oz,PO10,O_Vis,O_Vis,11,27,0.4074074074074074,6,12,0.00011562389125060647,0.00015545927568147235,10 15,3 4 5,5.0 10.0 15.0
FirstDigitTouch__BothStartLoadPhase,pc3,150,P7,O1,P_Space,O_Vis,11,27,0.4074074074074074,6,12,0.00011562389125060647,0.00015545927568147235,10 15,3 4 5,5.0 10.0 15.0
FirstDigitTouch__BothStartLoadPhase,pc3,200,CP6,P8,P_Space,P_Space,11,27,0.4074074074074074,6,12,0.00011562389125060647,0.00015545927568147235,10 15,3 4 5,5.0 10.0 15.0
HandStart__FirstDigitTouch,pc2,50,O2,Fz,O_Vis,F_Exec,11,27,0.4074074074074074,6,12,0.00011562389125060647,0.00015545927568147235,10 15,3 4 5,5.0 10.0 15.0
HandStart__FirstDigitTouch,pc2,100,Oz,PO9,O_Vis,O_Vis,11,27,0.4074074074074074,6,12,0.00011562389125060647,0.00015545927568147235,10 15,3 4 5,5.0 10.0 15.0
HandStart__FirstDigitTouch,pc2,100,P7,P3,P_Space,P_Space,11,27,0.4074074074074074,6,12,0.00011562389125060647,0.00015545927568147235,10 15,3 4 5,5.0 10.0 15.0
HandStart__FirstDigitTouch,pc3,100,C4,CP2,F_Motor,P_Space,11,27,0.4074074074074074,6,12,0.00011562389125060647,0.00015545927568147235,10 15,3 4 5,5.0 10.0 15.0
HandStart__FirstDigitTouch,pc3,200,Oz,Fp2,O_Vis,F_Exec,11,27,0.4074074074074074,6,12,0.00011562389125060647,0.00015545927568147235,10 15,3 4 5,5.0 10.0 15.0
LiftOff__Replace,pc1,150,PO10,FC1,O_Vis,F_Motor,11,27,0.4074074074074074,6,12,0.00011562389125060647,0.00015545927568147235,10 15,3 4 5,5.0 10.0 15.0
LiftOff__Replace,pc3,0,C4,FC2,F_Motor,F_Motor,11,27,0.4074074074074074,6,12,0.00011562389125060647,0.00015545927568147235,10 15,3 4 5,5.0 10.0 15.0
LiftOff__Replace,pc3,100,P8,O2,P_Space,O_Vis,11,27,0.4074074074074074,6,12,0.00011562389125060647,0.00015545927568147235,10 15,3 4 5,5.0 10.0 15.0
Replace__BothReleased,pc1,50,Fp2,FC5,F_Exec,F_Motor,11,27,0.4074074074074074,6,12,0.00011562389125060647,0.00015545927568147235,10 15,3 4 5,5.0 10.0 15.0
Replace__BothReleased,pc2,0,P8,CP6,P_Space,P_Space,11,27,0.4074074074074074,6,12,0.00011562389125060647,0.00015545927568147235,10 15,3 4 5,5.0 10.0 15.0
HandStart__FirstDigitTouch,pc2,150,O1,O2,O_Vis,O_Vis,10,27,0.37037037037037035,11,12,5.152694495849263e-12,2.5109162067074976e-11,10 15,3 4 5,5.0 10.0 15.0
LiftOff__Replace,pc2,200,O2,P8,O_Vis,P_Space,10,27,0.37037037037037035,10,12,3.4930855940150567e-10,1.2972305774547853e-09,10 15,3 4 5,5.0 10.0 15.0
BothStartLoadPhase__LiftOff,pc2,200,O2,P8,O_Vis,P_Space,10,27,0.37037037037037035,8,12,4.0023808014420435e-07,8.776649328876482e-07,10 15,3 4 5,5.0 10.0 15.0
FirstDigitTouch__BothStartLoadPhase,pc1,200,PO10,C3,O_Vis,F_Motor,10,27,0.37037037037037035,8,12,4.0023808014420435e-07,8.776649328876482e-07,10 15,3 4 5,5.0 10.0 15.0
HandStart__FirstDigitTouch,pc2,200,O2,P8,O_Vis,P_Space,10,27,0.37037037037037035,8,12,4.0023808014420435e-07,8.776649328876482e-07,10 15,3 4 5,5.0 10.0 15.0
LiftOff__Replace,pc2,100,O1,P7,O_Vis,P_Space,10,27,0.37037037037037035,8,12,4.0023808014420435e-07,8.776649328876482e-07,10 15,3 4 5,5.0 10.0 15.0
BothStartLoadPhase__LiftOff,pc1,50,PO10,FC2,O_Vis,F_Motor,10,27,0.37037037037037035,7,12,7.948737705520244e-06,1.363275126030567e-05,10 15,3 4 5,5.0 10.0 15.0
BothStartLoadPhase__LiftOff,pc2,100,P8,CP6,P_Space,P_Space,10,27,0.37037037037037035,7,12,7.948737705520244e-06,1.363275126030567e-05,10 15,3 4 5,5.0 10.0 15.0
BothStartLoadPhase__LiftOff,pc3,150,CP6,C4,P_Space,F_Motor,10,27,0.37037037037037035,7,12,7.948737705520244e-06,1.363275126030567e-05,10 15,3 4 5,5.0 10.0 15.0
FirstDigitTouch__BothStartLoadPhase,pc1,200,PO10,Fz,O_Vis,F_Exec,10,27,0.37037037037037035,7,12,7.948737705520244e-06,1.363275126030567e-05,10 15,3 4 5,5.0 10.0 15.0
FirstDigitTouch__BothStartLoadPhase,pc2,50,O2,O1,O_Vis,O_Vis,10,27,0.37037037037037035,7,12,7.948737705520244e-06,1.363275126030567e-05,10 15,3 4 5,5.0 10.0 15.0
HandStart__FirstDigitTouch,pc1,50,PO10,Cz,O_Vis,F_Motor,10,27,0.37037037037037035,7,12,7.948737705520244e-06,1.363275126030567e-05,10 15,3 4 5,5.0 10.0 15.0
HandStart__FirstDigitTouch,pc3,0,FC6,F4,F_Motor,F_Motor,10,27,0.37037037037037035,7,12,7.948737705520244e-06,1.363275126030567e-05,10 15,3 4 5,5.0 10.0 15.0
HandStart__FirstDigitTouch,pc3,200,FC5,FC1,F_Motor,F_Motor,10,27,0.37037037037037035,7,12,7.948737705520244e-06,1.363275126030567e-05,10 15,3 4 5,5.0 10.0 15.0
LiftOff__Replace,pc1,150,PO9,C4,O_Vis,F_Motor,10,27,0.37037037037037035,7,12,7.948737705520244e-06,1.363275126030567e-05,10 15,3 4 5,5.0 10.0 15.0
LiftOff__Replace,pc3,50,C4,CP2,F_Motor,P_Space,10,27,0.37037037037037035,7,12,7.948737705520244e-06,1.363275126030567e-05,10 15,3 4 5,5.0 10.0 15.0
LiftOff__Replace,pc3,100,P3,P7,P_Space,P_Space,10,27,0.37037037037037035,7,12,7.948737705520244e-06,1.363275126030567e-05,10 15,3 4 5,5.0 10.0 15.0
Replace__BothReleased,pc3,0,C4,CP2,F_Motor,P_Space,10,27,0.37037037037037035,6,12,0.00011562389125060647,0.00015545927568147235,5 10 15,3 4 5,5.0 10.0 15.0
Replace__BothReleased,pc3,50,CP6,C4,P_Space,F_Motor,10,27,0.37037037037037035,6,12,0.00011562389125060647,0.00015545927568147235,5 10 15,3 4 5,5.0 10.0 15.0
BothStartLoadPhase__LiftOff,pc1,0,PO9,F8,O_Vis,X_Other,10,27,0.37037037037037035,5,12,0.0012440595004031103,0.0012440595004031103,10 15,3 4 5,5.0 10.0
BothStartLoadPhase__LiftOff,pc1,100,P7,CP5,P_Space,P_Space,10,27,0.37037037037037035,5,12,0.0012440595004031103,0.0012440595004031103,10 15,3 4 5,5.0 10.0
BothStartLoadPhase__LiftOff,pc1,100,PO10,C3,O_Vis,F_Motor,10,27,0.37037037037037035,5,12,0.0012440595004031103,0.0012440595004031103,10 15,3 4 5,5.0 10.0
BothStartLoadPhase__LiftOff,pc1,100,PO10,FC5,O_Vis,F_Motor,10,27,0.37037037037037035,5,12,0.0012440595004031103,0.0012440595004031103,10 15,3 4 5,5.0 10.0
BothStartLoadPhase__LiftOff,pc1,200,P7,CP5,P_Space,P_Space,10,27,0.37037037037037035,5,12,0.0012440595004031103,0.0012440595004031103,10 15,3 4 5,5.0 10.0
BothStartLoadPhase__LiftOff,pc2,150,O1,P7,O_Vis,P_Space,10,27,0.37037037037037035,5,12,0.0012440595004031103,0.0012440595004031103,10 15,3 4 5,5.0 10.0
BothStartLoadPhase__LiftOff,pc3,0,C4,FC2,F_Motor,F_Motor,10,27,0.37037037037037035,5,12,0.0012440595004031103,0.0012440595004031103,10 15,3 4 5,5.0 10.0
BothStartLoadPhase__LiftOff,pc3,0,C4,FC6,F_Motor,F_Motor,10,27,0.37037037037037035,5,12,0.0012440595004031103,0.0012440595004031103,10 15,3 4 5,5.0 10.0
BothStartLoadPhase__LiftOff,pc3,0,O2,C3,O_Vis,F_Motor,10,27,0.37037037037037035,5,12,0.0012440595004031103,0.0012440595004031103,10 15,3 4 5,5.0 10.0
BothStartLoadPhase__LiftOff,pc3,150,P3,P7,P_Space,P_Space,10,27,0.37037037037037035,5,12,0.0012440595004031103,0.0012440595004031103,10 15,3 4 5,5.0 10.0
FirstDigitTouch__BothStartLoadPhase,pc1,0,O1,PO9,O_Vis,O_Vis,10,27,0.37037037037037035,5,12,0.0012440595004031103,0.0012440595004031103,10 15,3 4 5,5.0 10.0
FirstDigitTouch__BothStartLoadPhase,pc1,50,F4,FC2,F_Motor,F_Motor,10,27,0.37037037037037035,5,12,0.0012440595004031103,0.0012440595004031103,10 15,3 4 5,5.0 10.0
FirstDigitTouch__BothStartLoadPhase,pc1,100,P7,CP5,P_Space,P_Space,10,27,0.37037037037037035,5,12,0.0012440595004031103,0.0012440595004031103,10 15,3 4 5,5.0 10.0
FirstDigitTouch__BothStartLoadPhase,pc1,100,PO9,P7,O_Vis,P_Space,10,27,0.37037037037037035,5,12,0.0012440595004031103,0.0012440595004031103,10 15,3 4 5,5.0 10.0
FirstDigitTouch__BothStartLoadPhase,pc1,150,PO10,TP9,O_Vis,T_Temp,10,27,0.37037037037037035,5,12,0.0012440595004031103,0.0012440595004031103,10 15,3 4 5,5.0 10.0
FirstDigitTouch__BothStartLoadPhase,pc1,150,PO9,P7,O_Vis,P_Space,10,27,0.37037037037037035,5,12,0.0012440595004031103,0.0012440595004031103,10 15,3 4 5,5.0 10.0
FirstDigitTouch__BothStartLoadPhase,pc2,150,O1,P7,O_Vis,P_Space,10,27,0.37037037037037035,5,12,0.0012440595004031103,0.0012440595004031103,10 15,3 4 5,5.0 10.0
FirstDigitTouch__BothStartLoadPhase,pc2,200,O1,O2,O_Vis,O_Vis,10,27,0.37037037037037035,5,12,0.0012440595004031103,0.0012440595004031103,10 15,3 4 5,5.0 10.0
FirstDigitTouch__BothStartLoadPhase,pc3,0,C4,FC2,F_Motor,F_Motor,10,27,0.37037037037037035,5,12,0.0012440595004031103,0.0012440595004031103,10 15,3 4 5,5.0 10.0
FirstDigitTouch__BothStartLoadPhase,pc3,0,CP6,P8,P_Space,P_Space,10,27,0.37037037037037035,5,12,0.0012440595004031103,0.0012440595004031103,10 15,3 4 5,5.0 10.0
FirstDigitTouch__BothStartLoadPhase,pc3,0,O2,C3,O_Vis,F_Motor,10,27,0.37037037037037035,5,12,0.0012440595004031103,0.0012440595004031103,10 15,3 4 5,5.0 10.0
FirstDigitTouch__BothStartLoadPhase,pc3,50,FC6,F4,F_Motor,F_Motor,10,27,0.37037037037037035,5,12,0.0012440595004031103,0.0012440595004031103,10 15,3 4 5,5.0 10.0
FirstDigitTouch__BothStartLoadPhase,pc3,100,P8,P4,P_Space,P_Space,10,27,0.37037037037037035,5,12,0.0012440595004031103,0.0012440595004031103,10 15,3 4 5,5.0 10.0
FirstDigitTouch__BothStartLoadPhase,pc3,150,FC5,F3,F_Motor,F_Motor,10,27,0.37037037037037035,5,12,0.0012440595004031103,0.0012440595004031103,10 15,3 4 5,5.0 10.0
FirstDigitTouch__BothStartLoadPhase,pc3,150,P4,CP6,P_Space,P_Space,10,27,0.37037037037037035,5,12,0.0012440595004031103,0.0012440595004031103,10 15,3 4 5,5.0 10.0
FirstDigitTouch__BothStartLoadPhase,pc3,200,P8,O2,P_Space,O_Vis,10,27,0.37037037037037035,5,12,0.0012440595004031103,0.0012440595004031103,10 15,3 4 5,5.0 10.0
HandStart__FirstDigitTouch,pc1,50,PO9,Fz,O_Vis,F_Exec,10,27,0.37037037037037035,5,12,0.0012440595004031103,0.0012440595004031103,10 15,3 4 5,5.0 10.0
HandStart__FirstDigitTouch,pc1,100,PO9,C4,O_Vis,F_Motor,10,27,0.37037037037037035,5,12,0.0012440595004031103,0.0012440595004031103,10 15,3 4 5,5.0 10.0
HandStart__FirstDigitTouch,pc2,100,Oz,PO10,O_Vis,O_Vis,10,27,0.37037037037037035,5,12,0.0012440595004031103,0.0012440595004031103,10 15,3 4 5,5.0 10.0
HandStart__FirstDigitTouch,pc2,100,P8,CP6,P_Space,P_Space,10,27,0.37037037037037035,5,12,0.0012440595004031103,0.0012440595004031103,10 15,3 4 5,5.0 10.0
HandStart__FirstDigitTouch,pc3,0,O2,C3,O_Vis,F_Motor,10,27,0.37037037037037035,5,12,0.0012440595004031103,0.0012440595004031103,10 15,3 4 5,5.0 10.0
HandStart__FirstDigitTouch,pc3,50,P7,O1,P_Space,O_Vis,10,27,0.37037037037037035,5,12,0.0012440595004031103,0.0012440595004031103,10 15,3 4 5,5.0 10.0
HandStart__FirstDigitTouch,pc3,100,P8,P4,P_Space,P_Space,10,27,0.37037037037037035,5,12,0.0012440595004031103,0.0012440595004031103,10 15,3 4 5,5.0 10.0
LiftOff__Replace,pc2,0,Oz,PO10,O_Vis,O_Vis,10,27,0.37037037037037035,5,12,0.0012440595004031103,0.0012440595004031103,10 15,3 4 5,5.0 10.0
LiftOff__Replace,pc2,0,P7,P3,P_Space,P_Space,10,27,0.37037037037037035,5,12,0.0012440595004031103,0.0012440595004031103,10 15,3 4 5,5.0 10.0
LiftOff__Replace,pc3,100,CP6,CP2,P_Space,P_Space,10,27,0.37037037037037035,5,12,0.0012440595004031103,0.0012440595004031103,10 15,3 4 5,5.0 10.0
LiftOff__Replace,pc3,150,PO10,P8,O_Vis,P_Space,10,27,0.37037037037037035,5,12,0.0012440595004031103,0.0012440595004031103,10 15,3 4 5,5.0 10.0
LiftOff__Replace,pc3,200,P8,PO10,P_Space,O_Vis,10,27,0.37037037037037035,5,12,0.0012440595004031103,0.0012440595004031103,10 15,3 4 5,5.0 10.0
Replace__BothReleased,pc1,0,O1,PO9,O_Vis,O_Vis,10,27,0.37037037037037035,5,12,0.0012440595004031103,0.0012440595004031103,10 15,3 4 5,5.0 10.0
Replace__BothReleased,pc1,0,P7,CP5,P_Space,P_Space,10,27,0.37037037037037035,5,12,0.0012440595004031103,0.0012440595004031103,10 15,3 4 5,5.0 10.0
Replace__BothReleased,pc1,50,Fp1,F7,F_Exec,X_Other,10,27,0.37037037037037035,5,12,0.0012440595004031103,0.0012440595004031103,10 15,3 4 5,5.0 10.0
Replace__BothReleased,pc1,100,PO10,P8,O_Vis,P_Space,10,27,0.37037037037037035,5,12,0.0012440595004031103,0.0012440595004031103,10 15,3 4 5,5.0 10.0
Replace__BothReleased,pc1,100,PO9,Fz,O_Vis,F_Exec,10,27,0.37037037037037035,5,12,0.0012440595004031103,0.0012440595004031103,10 15,3 4 5,5.0 10.0
Replace__BothReleased,pc1,200,PO9,Fz,O_Vis,F_Exec,10,27,0.37037037037037035,5,12,0.0012440595004031103,0.0012440595004031103,10 15,3 4 5,5.0 10.0
Replace__BothReleased,pc2,50,Oz,PO10,O_Vis,O_Vis,10,27,0.37037037037037035,5,12,0.0012440595004031103,0.0012440595004031103,10 15,3 4 5,5.0 10.0
Replace__BothReleased,pc2,150,Fp1,FC5,F_Exec,F_Motor,10,27,0.37037037037037035,5,12,0.0012440595004031103,0.0012440595004031103,10 15,3 4 5,5.0 10.0
Replace__BothReleased,pc3,0,C4,FC2,F_Motor,F_Motor,10,27,0.37037037037037035,5,12,0.0012440595004031103,0.0012440595004031103,10 15,3 4 5,5.0 10.0
Replace__BothReleased,pc3,0,O2,C3,O_Vis,F_Motor,10,27,0.37037037037037035,5,12,0.0012440595004031103,0.0012440595004031103,10 15,3 4 5,5.0 10.0
Replace__BothReleased,pc3,150,Oz,Fp2,O_Vis,F_Exec,10,27,0.37037037037037035,5,12,0.0012440595004031103,0.0012440595004031103,10 15,3 4 5,5.0 10.0
Replace__BothReleased,pc3,150,P4,CP6,P_Space,P_Space,10,27,0.37037037037037035,5,12,0.0012440595004031103,0.0012440595004031103,10 15,3 4 5,5.0 10.0
Replace__BothReleased,pc3,200,O1,FC1,O_Vis,F_Motor,10,27,0.37037037037037035,5,12,0.0012440595004031103,0.0012440595004031103,10 15,3 4 5,5.0 10.0
Replace__BothReleased,pc3,200,Oz,Fp1,O_Vis,F_Exec,10,27,0.37037037037037035,5,12,0.0012440595004031103,0.0012440595004031103,10 15,3 4 5,5.0 10.0
LiftOff__Replace,pc2,50,Oz,Fz,O_Vis,F_Exec,9,27,0.3333333333333333,9,12,1.4375572031334258e-08,3.80456949449967e-08,15,3 4 5,5.0 10.0 15.0
LiftOff__Replace,pc2,100,O1,P3,O_Vis,P_Space,9,27,0.3333333333333333,9,12,1.4375572031334258e-08,3.80456949449967e-08,15,3 4 5,5.0 10.0 15.0
LiftOff__Replace,pc2,150,O2,P8,O_Vis,P_Space,9,27,0.3333333333333333,9,12,1.4375572031334258e-08,3.80456949449967e-08,15,3 4 5,5.0 10.0 15.0
HandStart__FirstDigitTouch,pc1,200,PO10,F3,O_Vis,F_Motor,9,27,0.3333333333333333,8,12,4.0023808014420435e-07,8.776649328876482e-07,15,3 4 5,5.0 10.0 15.0
LiftOff__Replace,pc1,200,PO10,F3,O_Vis,F_Motor,9,27,0.3333333333333333,8,12,4.0023808014420435e-07,8.776649328876482e-07,15,3 4 5,5.0 10.0 15.0
LiftOff__Replace,pc2,50,O2,FC1,O_Vis,F_Motor,9,27,0.3333333333333333,8,12,4.0023808014420435e-07,8.776649328876482e-07,15,3 4 5,5.0 10.0 15.0
BothStartLoadPhase__LiftOff,pc2,0,O1,O2,O_Vis,O_Vis,9,27,0.3333333333333333,7,12,7.948737705520244e-06,1.363275126030567e-05,15,3 4 5,5.0 10.0 15.0
BothStartLoadPhase__LiftOff,pc2,200,Oz,PO9,O_Vis,O_Vis,9,27,0.3333333333333333,7,12,7.948737705520244e-06,1.363275126030567e-05,15,3 4 5,5.0 10.0 15.0
FirstDigitTouch__BothStartLoadPhase,pc1,50,PO10,C3,O_Vis,F_Motor,9,27,0.3333333333333333,7,12,7.948737705520244e-06,1.363275126030567e-05,15,3 4 5,5.0 10.0 15.0
FirstDigitTouch__BothStartLoadPhase,pc1,150,PO10,C3,O_Vis,F_Motor,9,27,0.3333333333333333,7,12,7.948737705520244e-06,1.363275126030567e-05,15,3 4 5,5.0 10.0 15.0
FirstDigitTouch__BothStartLoadPhase,pc1,200,PO10,FC2,O_Vis,F_Motor,9,27,0.3333333333333333,7,12,7.948737705520244e-06,1.363275126030567e-05,15,3 4 5,5.0 10.0 15.0
FirstDigitTouch__BothStartLoadPhase,pc2,0,O2,P8,O_Vis,P_Space,9,27,0.3333333333333333,7,12,7.948737705520244e-06,1.363275126030567e-05,15,3 4 5,5.0 10.0 15.0
FirstDigitTouch__BothStartLoadPhase,pc2,50,O1,O2,O_Vis,O_Vis,9,27,0.3333333333333333,7,12,7.948737705520244e-06,1.363275126030567e-05,15,3 4 5,5.0 10.0 15.0
FirstDigitTouch__BothStartLoadPhase,pc2,200,O1,P7,O_Vis,P_Space,9,27,0.3333333333333333,7,12,7.948737705520244e-06,1.363275126030567e-05,15,3 4 5,5.0 10.0 15.0
FirstDigitTouch__BothStartLoadPhase,pc3,200,FC5,F3,F_Motor,F_Motor,9,27,0.3333333333333333,7,12,7.948737705520244e-06,1.363275126030567e-05,15,3 4 5,5.0 10.0 15.0
HandStart__FirstDigitTouch,pc1,50,P7,CP5,P_Space,P_Space,9,27,0.3333333333333333,7,12,7.948737705520244e-06,1.363275126030567e-05,15,3 4 5,5.0 10.0 15.0
HandStart__FirstDigitTouch,pc1,100,PO10,Fz,O_Vis,F_Exec,9,27,0.3333333333333333,7,12,7.948737705520244e-06,1.363275126030567e-05,15,3 4 5,5.0 10.0 15.0
HandStart__FirstDigitTouch,pc3,0,P8,PO10,P_Space,O_Vis,9,27,0.3333333333333333,7,12,7.948737705520244e-06,1.363275126030567e-05,15,3 4 5,5.0 10.0 15.0
LiftOff__Replace,pc1,50,PO10,FC2,O_Vis,F_Motor,9,27,0.3333333333333333,7,12,7.948737705520244e-06,1.363275126030567e-05,15,3 4 5,5.0 10.0 15.0
LiftOff__Replace,pc1,50,PO9,FC1,O_Vis,F_Motor,9,27,0.3333333333333333,7,12,7.948737705520244e-06,1.363275126030567e-05,15,3 4 5,5.0 10.0 15.0
LiftOff__Replace,pc2,100,P7,CP5,P_Space,P_Space,9,27,0.3333333333333333,7,12,7.948737705520244e-06,1.363275126030567e-05,15,3 4 5,5.0 10.0 15.0
LiftOff__Replace,pc3,100,FC6,F4,F_Motor,F_Motor,9,27,0.3333333333333333,7,12,7.948737705520244e-06,1.363275126030567e-05,15,3 4 5,5.0 10.0 15.0
HandStart__FirstDigitTouch,pc3,0,C4,FC2,F_Motor,F_Motor,9,27,0.3333333333333333,5,12,0.0012440595004031103,0.0012440595004031103,5 10 15,3 4 5,5.0 10.0
Replace__BothReleased,pc3,50,F8,Fp2,X_Other,F_Exec,9,27,0.3333333333333333,5,12,0.0012440595004031103,0.0012440595004031103,5 10 15,3 4 5,5.0 10.0
BothStartLoadPhase__LiftOff,pc1,0,PO9,C4,O_Vis,F_Motor,8,27,0.2962962962962963,6,12,0.00011562389125060647,0.00015545927568147235,10 15,3 4 5,5.0 10.0 15.0
BothStartLoadPhase__LiftOff,pc1,150,PO10,FC1,O_Vis,F_Motor,8,27,0.2962962962962963,6,12,0.00011562389125060647,0.00015545927568147235,10 15,3 4 5,5.0 10.0 15.0
BothStartLoadPhase__LiftOff,pc1,200,PO10,F3,O_Vis,F_Motor,8,27,0.2962962962962963,6,12,0.00011562389125060647,0.00015545927568147235,10 15,3 4 5,5.0 10.0 15.0
BothStartLoadPhase__LiftOff,pc2,50,O1,O2,O_Vis,O_Vis,8,27,0.2962962962962963,6,12,0.00011562389125060647,0.00015545927568147235,10 15,3 4 5,5.0 10.0 15.0
BothStartLoadPhase__LiftOff,pc2,100,P7,CP5,P_Space,P_Space,8,27,0.2962962962962963,6,12,0.00011562389125060647,0.00015545927568147235,10 15,3 4 5,5.0 10.0 15.0
BothStartLoadPhase__LiftOff,pc2,150,O1,O2,O_Vis,O_Vis,8,27,0.2962962962962963,6,12,0.00011562389125060647,0.00015545927568147235,10 15,3 4 5,5.0 10.0 15.0
BothStartLoadPhase__LiftOff,pc3,50,CP6,C4,P_Space,F_Motor,8,27,0.2962962962962963,6,12,0.00011562389125060647,0.00015545927568147235,10 15,3 4 5,5.0 10.0 15.0
BothStartLoadPhase__LiftOff,pc3,50,FC5,F3,F_Motor,F_Motor,8,27,0.2962962962962963,6,12,0.00011562389125060647,0.00015545927568147235,10 15,3 4 5,5.0 10.0 15.0
BothStartLoadPhase__LiftOff,pc3,50,P4,CP6,P_Space,P_Space,8,27,0.2962962962962963,6,12,0.00011562389125060647,0.00015545927568147235,10 15,3 4 5,5.0 10.0 15.0
BothStartLoadPhase__LiftOff,pc3,150,FC5,F3,F_Motor,F_Motor,8,27,0.2962962962962963,6,12,0.00011562389125060647,0.00015545927568147235,10 15,3 4 5,5.0 10.0 15.0
BothStartLoadPhase__LiftOff,pc3,200,C4,CP2,F_Motor,P_Space,8,27,0.2962962962962963,6,12,0.00011562389125060647,0.00015545927568147235,10 15,3 4 5,5.0 10.0 15.0
FirstDigitTouch__BothStartLoadPhase,pc1,0,P8,CP6,P_Space,P_Space,8,27,0.2962962962962963,6,12,0.00011562389125060647,0.00015545927568147235,10 15,3 4 5,5.0 10.0 15.0
FirstDigitTouch__BothStartLoadPhase,pc1,0,PO9,C4,O_Vis,F_Motor,8,27,0.2962962962962963,6,12,0.00011562389125060647,0.00015545927568147235,10 15,3 4 5,5.0 10.0 15.0
FirstDigitTouch__BothStartLoadPhase,pc1,150,PO10,FC2,O_Vis,F_Motor,8,27,0.2962962962962963,6,12,0.00011562389125060647,0.00015545927568147235,10 15,3 4 5,5.0 10.0 15.0
FirstDigitTouch__BothStartLoadPhase,pc1,200,PO10,CP5,O_Vis,P_Space,8,27,0.2962962962962963,6,12,0.00011562389125060647,0.00015545927568147235,10 15,3 4 5,5.0 10.0 15.0
FirstDigitTouch__BothStartLoadPhase,pc2,100,O1,P3,O_Vis,P_Space,8,27,0.2962962962962963,6,12,0.00011562389125060647,0.00015545927568147235,10 15,3 4 5,5.0 10.0 15.0
FirstDigitTouch__BothStartLoadPhase,pc3,100,C4,CP2,F_Motor,P_Space,8,27,0.2962962962962963,6,12,0.00011562389125060647,0.00015545927568147235,10 15,3 4 5,5.0 10.0 15.0
HandStart__FirstDigitTouch,pc1,50,PO9,FC2,O_Vis,F_Motor,8,27,0.2962962962962963,6,12,0.00011562389125060647,0.00015545927568147235,10 15,3 4 5,5.0 10.0 15.0
HandStart__FirstDigitTouch,pc1,100,PO10,FC5,O_Vis,F_Motor,8,27,0.2962962962962963,6,12,0.00011562389125060647,0.00015545927568147235,10 15,3 4 5,5.0 10.0 15.0
HandStart__FirstDigitTouch,pc3,0,CP6,C4,P_Space,F_Motor,8,27,0.2962962962962963,6,12,0.00011562389125060647,0.00015545927568147235,10 15,3 4 5,5.0 10.0 15.0
LiftOff__Replace,pc1,0,PO9,FC2,O_Vis,F_Motor,8,27,0.2962962962962963,6,12,0.00011562389125060647,0.00015545927568147235,10 15,3 4 5,5.0 10.0 15.0
LiftOff__Replace,pc1,150,PO10,F4,O_Vis,F_Motor,8,27,0.2962962962962963,6,12,0.00011562389125060647,0.00015545927568147235,10 15,3 4 5,5.0 10.0 15.0
LiftOff__Replace,pc1,200,PO9,C4,O_Vis,F_Motor,8,27,0.2962962962962963,6,12,0.00011562389125060647,0.00015545927568147235,10 15,3 4 5,5.0 10.0 15.0
LiftOff__Replace,pc2,50,O1,P7,O_Vis,P_Space,8,27,0.2962962962962963,6,12,0.00011562389125060647,0.00015545927568147235,10 15,3 4 5,5.0 10.0 15.0
LiftOff__Replace,pc3,150,Fz,PO10,F_Exec,O_Vis,8,27,0.2962962962962963,6,12,0.00011562389125060647,0.00015545927568147235,10 15,3 4 5,5.0 10.0 15.0
LiftOff__Replace,pc3,200,Fz,PO10,F_Exec,O_Vis,8,27,0.2962962962962963,6,12,0.00011562389125060647,0.00015545927568147235,10 15,3 4 5,5.0 10.0 15.0
Replace__BothReleased,pc1,50,PO9,P7,O_Vis,P_Space,8,27,0.2962962962962963,6,12,0.00011562389125060647,0.00015545927568147235,10 15,3 4 5,5.0 10.0 15.0
Replace__BothReleased,pc2,0,O2,P8,O_Vis,P_Space,8,27,0.2962962962962963,6,12,0.00011562389125060647,0.00015545927568147235,10 15,3 4 5,5.0 10.0 15.0
Replace__BothReleased,pc3,100,P4,CP6,P_Space,P_Space,8,27,0.2962962962962963,6,12,0.00011562389125060647,0.00015545927568147235,10 15,3 4 5,5.0 10.0 15.0
BothStartLoadPhase__LiftOff,pc3,50,P3,P7,P_Space,P_Space,8,27,0.2962962962962963,4,12,0.0023033026213961152,0.0023033026213961152,5 10 15,3 4,5.0 10.0
HandStart__FirstDigitTouch,pc2,0,PO9,O1,O_Vis,O_Vis,8,27,0.2962962962962963,4,12,0.0023033026213961152,0.0023033026213961152,5 10 15,3 4,5.0 10.0
HandStart__FirstDigitTouch,pc3,0,O1,C4,O_Vis,F_Motor,8,27,0.2962962962962963,4,12,0.0023033026213961152,0.0023033026213961152,5 10 15,3 4,5.0 10.0
HandStart__FirstDigitTouch,pc3,150,Fp1,PO10,F_Exec,O_Vis,8,27,0.2962962962962963,4,12,0.0023033026213961152,0.0023033026213961152,5 10 15,3 4,5.0 10.0
LiftOff__Replace,pc3,0,O2,C3,O_Vis,F_Motor,8,27,0.2962962962962963,4,12,0.0023033026213961152,0.0023033026213961152,5 10 15,3 4,5.0 10.0
Replace__BothReleased,pc3,0,FC5,F3,F_Motor,F_Motor,8,27,0.2962962962962963,4,12,0.0023033026213961152,0.0023033026213961152,5 10 15,3 4,5.0 10.0
Replace__BothReleased,pc3,50,F8,Fp1,X_Other,F_Exec,8,27,0.2962962962962963,4,12,0.0023033026213961152,0.0023033026213961152,5 10 15,3 4,5.0 10.0
Replace__BothReleased,pc3,50,Fp1,CP5,F_Exec,P_Space,8,27,0.2962962962962963,4,12,0.0023033026213961152,0.0023033026213961152,5 10 15,3 4,5.0 10.0
Replace__BothReleased,pc3,100,P4,P8,P_Space,P_Space,8,27,0.2962962962962963,4,12,0.0023033026213961152,0.0023033026213961152,5 10 15,3 4,5.0 10.0
BothStartLoadPhase__LiftOff,pc1,0,P8,CP6,P_Space,P_Space,7,27,0.25925925925925924,6,12,0.00011562389125060647,0.00015545927568147235,15,3 4 5,5.0 10.0 15.0
BothStartLoadPhase__LiftOff,pc1,50,PO10,C3,O_Vis,F_Motor,7,27,0.25925925925925924,6,12,0.00011562389125060647,0.00015545927568147235,15,3 4 5,5.0 10.0 15.0
BothStartLoadPhase__LiftOff,pc1,150,PO10,FC2,O_Vis,F_Motor,7,27,0.25925925925925924,6,12,0.00011562389125060647,0.00015545927568147235,15,3 4 5,5.0 10.0 15.0
BothStartLoadPhase__LiftOff,pc1,200,PO10,FC2,O_Vis,F_Motor,7,27,0.25925925925925924,6,12,0.00011562389125060647,0.00015545927568147235,15,3 4 5,5.0 10.0 15.0
BothStartLoadPhase__LiftOff,pc2,50,O2,FC1,O_Vis,F_Motor,7,27,0.25925925925925924,6,12,0.00011562389125060647,0.00015545927568147235,15,3 4 5,5.0 10.0 15.0
BothStartLoadPhase__LiftOff,pc2,200,O1,P7,O_Vis,P_Space,7,27,0.25925925925925924,6,12,0.00011562389125060647,0.00015545927568147235,15,3 4 5,5.0 10.0 15.0
FirstDigitTouch__BothStartLoadPhase,pc1,200,PO10,F3,O_Vis,F_Motor,7,27,0.25925925925925924,6,12,0.00011562389125060647,0.00015545927568147235,15,3 4 5,5.0 10.0 15.0
FirstDigitTouch__BothStartLoadPhase,pc2,0,O1,O2,O_Vis,O_Vis,7,27,0.25925925925925924,6,12,0.00011562389125060647,0.00015545927568147235,15,3 4 5,5.0 10.0 15.0
FirstDigitTouch__BothStartLoadPhase,pc2,150,O2,O1,O_Vis,O_Vis,7,27,0.25925925925925924,6,12,0.00011562389125060647,0.00015545927568147235,15,3 4 5,5.0 10.0 15.0
HandStart__FirstDigitTouch,pc1,50,PO9,C4,O_Vis,F_Motor,7,27,0.25925925925925924,6,12,0.00011562389125060647,0.00015545927568147235,15,3 4 5,5.0 10.0 15.0
HandStart__FirstDigitTouch,pc1,100,P7,CP5,P_Space,P_Space,7,27,0.25925925925925924,6,12,0.00011562389125060647,0.00015545927568147235,15,3 4 5,5.0 10.0 15.0
HandStart__FirstDigitTouch,pc1,150,O1,PO9,O_Vis,O_Vis,7,27,0.25925925925925924,6,12,0.00011562389125060647,0.00015545927568147235,15,3 4 5,5.0 10.0 15.0
HandStart__FirstDigitTouch,pc2,100,O1,O2,O_Vis,O_Vis,7,27,0.25925925925925924,6,12,0.00011562389125060647,0.00015545927568147235,15,3 4 5,5.0 10.0 15.0
HandStart__FirstDigitTouch,pc2,200,O1,P7,O_Vis,P_Space,7,27,0.25925925925925924,6,12,0.00011562389125060647,0.00015545927568147235,15,3 4 5,5.0 10.0 15.0
LiftOff__Replace,pc1,200,PO10,C3,O_Vis,F_Motor,7,27,0.25925925925925924,6,12,0.00011562389125060647,0.00015545927568147235,15,3 4 5,5.0 10.0 15.0
LiftOff__Replace,pc2,0,O1,O2,O_Vis,O_Vis,7,27,0.25925925925925924,6,12,0.00011562389125060647,0.00015545927568147235,15,3 4 5,5.0 10.0 15.0
LiftOff__Replace,pc2,200,Oz,Fz,O_Vis,F_Exec,7,27,0.25925925925925924,6,12,0.00011562389125060647,0.00015545927568147235,15,3 4 5,5.0 10.0 15.0
LiftOff__Replace,pc3,150,FC5,F3,F_Motor,F_Motor,7,27,0.25925925925925924,6,12,0.00011562389125060647,0.00015545927568147235,15,3 4 5,5.0 10.0 15.0
Replace__BothReleased,pc2,200,O1,P7,O_Vis,P_Space,7,27,0.25925925925925924,6,12,0.00011562389125060647,0.00015545927568147235,15,3 4 5,5.0 10.0 15.0
Replace__BothReleased,pc3,0,FC6,F4,F_Motor,F_Motor,7,27,0.25925925925925924,6,12,0.00011562389125060647,0.00015545927568147235,15,3 4 5,5.0 10.0 15.0
BothStartLoadPhase__LiftOff,pc1,0,O1,PO9,O_Vis,O_Vis,7,27,0.25925925925925924,5,12,0.0012440595004031103,0.0012440595004031103,10 15,3 4 5,5.0 10.0
BothStartLoadPhase__LiftOff,pc1,0,PO9,FC2,O_Vis,F_Motor,7,27,0.25925925925925924,5,12,0.0012440595004031103,0.0012440595004031103,10 15,3 4 5,5.0 10.0
BothStartLoadPhase__LiftOff,pc2,50,O2,O1,O_Vis,O_Vis,7,27,0.25925925925925924,5,12,0.0012440595004031103,0.0012440595004031103,10 15,3 4 5,5.0 10.0
BothStartLoadPhase__LiftOff,pc2,200,O1,O2,O_Vis,O_Vis,7,27,0.25925925925925924,5,12,0.0012440595004031103,0.0012440595004031103,10 15,3 4 5,5.0 10.0
BothStartLoadPhase__LiftOff,pc2,200,O2,O1,O_Vis,O_Vis,7,27,0.25925925925925924,5,12,0.0012440595004031103,0.0012440595004031103,10 15,3 4 5,5.0 10.0
BothStartLoadPhase__LiftOff,pc3,0,Oz,F8,O_Vis,X_Other,7,27,0.25925925925925924,5,12,0.0012440595004031103,0.0012440595004031103,10 15,3 4 5,5.0 10.0
BothStartLoadPhase__LiftOff,pc3,50,FC6,F4,F_Motor,F_Motor,7,27,0.25925925925925924,5,12,0.0012440595004031103,0.0012440595004031103,10 15,3 4 5,5.0 10.0
BothStartLoadPhase__LiftOff,pc3,150,FC5,FC1,F_Motor,F_Motor,7,27,0.25925925925925924,5,12,0.0012440595004031103,0.0012440595004031103,10 15,3 4 5,5.0 10.0
BothStartLoadPhase__LiftOff,pc3,200,Oz,Fp2,O_Vis,F_Exec,7,27,0.25925925925925924,5,12,0.0012440595004031103,0.0012440595004031103,10 15,3 4 5,5.0 10.0
BothStartLoadPhase__LiftOff,pc3,200,P8,O2,P_Space,O_Vis,7,27,0.25925925925925924,5,12,0.0012440595004031103,0.0012440595004031103,10 15,3 4 5,5.0 10.0
FirstDigitTouch__BothStartLoadPhase,pc1,200,P7,CP5,P_Space,P_Space,7,27,0.25925925925925924,5,12,0.0012440595004031103,0.0012440595004031103,10 15,3 4 5,5.0 10.0
FirstDigitTouch__BothStartLoadPhase,pc2,50,O2,Fz,O_Vis,F_Exec,7,27,0.25925925925925924,5,12,0.0012440595004031103,0.0012440595004031103,10 15,3 4 5,5.0 10.0
FirstDigitTouch__BothStartLoadPhase,pc2,50,Oz,Fz,O_Vis,F_Exec,7,27,0.25925925925925924,5,12,0.0012440595004031103,0.0012440595004031103,10 15,3 4 5,5.0 10.0
FirstDigitTouch__BothStartLoadPhase,pc2,100,P8,CP6,P_Space,P_Space,7,27,0.25925925925925924,5,12,0.0012440595004031103,0.0012440595004031103,10 15,3 4 5,5.0 10.0
FirstDigitTouch__BothStartLoadPhase,pc2,200,O2,P8,O_Vis,P_Space,7,27,0.25925925925925924,5,12,0.0012440595004031103,0.0012440595004031103,10 15,3 4 5,5.0 10.0
FirstDigitTouch__BothStartLoadPhase,pc3,0,FC5,FC1,F_Motor,F_Motor,7,27,0.25925925925925924,5,12,0.0012440595004031103,0.0012440595004031103,10 15,3 4 5,5.0 10.0
FirstDigitTouch__BothStartLoadPhase,pc3,50,FC5,F3,F_Motor,F_Motor,7,27,0.25925925925925924,5,12,0.0012440595004031103,0.0012440595004031103,10 15,3 4 5,5.0 10.0
FirstDigitTouch__BothStartLoadPhase,pc3,200,C4,CP2,F_Motor,P_Space,7,27,0.25925925925925924,5,12,0.0012440595004031103,0.0012440595004031103,10 15,3 4 5,5.0 10.0
HandStart__FirstDigitTouch,pc1,0,P8,CP6,P_Space,P_Space,7,27,0.25925925925925924,5,12,0.0012440595004031103,0.0012440595004031103,10 15,3 4 5,5.0 10.0
HandStart__FirstDigitTouch,pc1,100,PO10,C3,O_Vis,F_Motor,7,27,0.25925925925925924,5,12,0.0012440595004031103,0.0012440595004031103,10 15,3 4 5,5.0 10.0
HandStart__FirstDigitTouch,pc1,100,PO10,FC1,O_Vis,F_Motor,7,27,0.25925925925925924,5,12,0.0012440595004031103,0.0012440595004031103,10 15,3 4 5,5.0 10.0
HandStart__FirstDigitTouch,pc1,150,PO10,FC5,O_Vis,F_Motor,7,27,0.25925925925925924,5,12,0.0012440595004031103,0.0012440595004031103,10 15,3 4 5,5.0 10.0
HandStart__FirstDigitTouch,pc2,0,Oz,PO9,O_Vis,O_Vis,7,27,0.25925925925925924,5,12,0.0012440595004031103,0.0012440595004031103,10 15,3 4 5,5.0 10.0
HandStart__FirstDigitTouch,pc3,0,Oz,Fp2,O_Vis,F_Exec,7,27,0.25925925925925924,5,12,0.0012440595004031103,0.0012440595004031103,10 15,3 4 5,5.0 10.0
HandStart__FirstDigitTouch,pc3,100,CP6,P8,P_Space,P_Space,7,27,0.25925925925925924,5,12,0.0012440595004031103,0.0012440595004031103,10 15,3 4 5,5.0 10.0
HandStart__FirstDigitTouch,pc3,150,O2,Cz,O_Vis,F_Motor,7,27,0.25925925925925924,5,12,0.0012440595004031103,0.0012440595004031103,10 15,3 4 5,5.0 10.0
HandStart__FirstDigitTouch,pc3,200,FC5,F3,F_Motor,F_Motor,7,27,0.25925925925925924,5,12,0.0012440595004031103,0.0012440595004031103,10 15,3 4 5,5.0 10.0
HandStart__FirstDigitTouch,pc3,200,O2,Cz,O_Vis,F_Motor,7,27,0.25925925925925924,5,12,0.0012440595004031103,0.0012440595004031103,10 15,3 4 5,5.0 10.0
LiftOff__Replace,pc1,0,PO9,C4,O_Vis,F_Motor,7,27,0.25925925925925924,5,12,0.0012440595004031103,0.0012440595004031103,10 15,3 4 5,5.0 10.0
LiftOff__Replace,pc1,150,PO9,FC2,O_Vis,F_Motor,7,27,0.25925925925925924,5,12,0.0012440595004031103,0.0012440595004031103,10 15,3 4 5,5.0 10.0
LiftOff__Replace,pc1,150,PO9,Fz,O_Vis,F_Exec,7,27,0.25925925925925924,5,12,0.0012440595004031103,0.0012440595004031103,10 15,3 4 5,5.0 10.0
LiftOff__Replace,pc1,200,F4,FC2,F_Motor,F_Motor,7,27,0.25925925925925924,5,12,0.0012440595004031103,0.0012440595004031103,10 15,3 4 5,5.0 10.0
LiftOff__Replace,pc1,200,O1,PO9,O_Vis,O_Vis,7,27,0.25925925925925924,5,12,0.0012440595004031103,0.0012440595004031103,10 15,3 4 5,5.0 10.0
LiftOff__Replace,pc1,200,P7,CP5,P_Space,P_Space,7,27,0.25925925925925924,5,12,0.0012440595004031103,0.0012440595004031103,10 15,3 4 5,5.0 10.0
LiftOff__Replace,pc3,100,P8,P4,P_Space,P_Space,7,27,0.25925925925925924,5,12,0.0012440595004031103,0.0012440595004031103,10 15,3 4 5,5.0 10.0
LiftOff__Replace,pc3,100,P8,PO10,P_Space,O_Vis,7,27,0.25925925925925924,5,12,0.0012440595004031103,0.0012440595004031103,10 15,3 4 5,5.0 10.0
LiftOff__Replace,pc3,200,O2,Cz,O_Vis,F_Motor,7,27,0.25925925925925924,5,12,0.0012440595004031103,0.0012440595004031103,10 15,3 4 5,5.0 10.0
Replace__BothReleased,pc1,0,PO10,Fz,O_Vis,F_Exec,7,27,0.25925925925925924,5,12,0.0012440595004031103,0.0012440595004031103,10 15,3 4 5,5.0 10.0
Replace__BothReleased,pc1,50,PO10,Fz,O_Vis,F_Exec,7,27,0.25925925925925924,5,12,0.0012440595004031103,0.0012440595004031103,10 15,3 4 5,5.0 10.0
Replace__BothReleased,pc1,50,PO10,P8,O_Vis,P_Space,7,27,0.25925925925925924,5,12,0.0012440595004031103,0.0012440595004031103,10 15,3 4 5,5.0 10.0
Replace__BothReleased,pc1,100,Fp2,F7,F_Exec,X_Other,7,27,0.25925925925925924,5,12,0.0012440595004031103,0.0012440595004031103,10 15,3 4 5,5.0 10.0
Replace__BothReleased,pc1,150,Fp2,FC5,F_Exec,F_Motor,7,27,0.25925925925925924,5,12,0.0012440595004031103,0.0012440595004031103,10 15,3 4 5,5.0 10.0
Replace__BothReleased,pc1,200,PO10,FC1,O_Vis,F_Motor,7,27,0.25925925925925924,5,12,0.0012440595004031103,0.0012440595004031103,10 15,3 4 5,5.0 10.0
Replace__BothReleased,pc2,0,O1,P7,O_Vis,P_Space,7,27,0.25925925925925924,5,12,0.0012440595004031103,0.0012440595004031103,10 15,3 4 5,5.0 10.0
Replace__BothReleased,pc2,0,P7,PO9,P_Space,O_Vis,7,27,0.25925925925925924,5,12,0.0012440595004031103,0.0012440595004031103,10 15,3 4 5,5.0 10.0
Replace__BothReleased,pc2,50,O2,Fz,O_Vis,F_Exec,7,27,0.25925925925925924,5,12,0.0012440595004031103,0.0012440595004031103,10 15,3 4 5,5.0 10.0
Replace__BothReleased,pc2,50,Oz,PO9,O_Vis,O_Vis,7,27,0.25925925925925924,5,12,0.0012440595004031103,0.0012440595004031103,10 15,3 4 5,5.0 10.0
Replace__BothReleased,pc2,100,P7,P3,P_Space,P_Space,7,27,0.25925925925925924,5,12,0.0012440595004031103,0.0012440595004031103,10 15,3 4 5,5.0 10.0
Replace__BothReleased,pc3,0,O1,FC1,O_Vis,F_Motor,7,27,0.25925925925925924,5,12,0.0012440595004031103,0.0012440595004031103,10 15,3 4 5,5.0 10.0
Replace__BothReleased,pc3,50,Fp1,C3,F_Exec,F_Motor,7,27,0.25925925925925924,5,12,0.0012440595004031103,0.0012440595004031103,10 15,3 4 5,5.0 10.0
Replace__BothReleased,pc3,50,Fp1,TP9,F_Exec,T_Temp,7,27,0.25925925925925924,5,12,0.0012440595004031103,0.0012440595004031103,10 15,3 4 5,5.0 10.0
Replace__BothReleased,pc3,50,P4,P8,P_Space,P_Space,7,27,0.25925925925925924,5,12,0.0012440595004031103,0.0012440595004031103,10 15,3 4 5,5.0 10.0
Replace__BothReleased,pc3,100,CP6,C4,P_Space,F_Motor,7,27,0.25925925925925924,5,12,0.0012440595004031103,0.0012440595004031103,10 15,3 4 5,5.0 10.0
Replace__BothReleased,pc3,150,FC6,F4,F_Motor,F_Motor,7,27,0.25925925925925924,5,12,0.0012440595004031103,0.0012440595004031103,10 15,3 4 5,5.0 10.0
Replace__BothReleased,pc3,150,O1,FC1,O_Vis,F_Motor,7,27,0.25925925925925924,5,12,0.0012440595004031103,0.0012440595004031103,10 15,3 4 5,5.0 10.0
Replace__BothReleased,pc3,200,O2,Fp1,O_Vis,F_Exec,7,27,0.25925925925925924,5,12,0.0012440595004031103,0.0012440595004031103,10 15,3 4 5,5.0 10.0
Replace__BothReleased,pc3,200,O2,Fp2,O_Vis,F_Exec,7,27,0.25925925925925924,5,12,0.0012440595004031103,0.0012440595004031103,10 15,3 4 5,5.0 10.0
BothStartLoadPhase__LiftOff,pc1,0,PO9,P3,O_Vis,P_Space,6,27,0.2222222222222222,5,12,0.0012440595004031103,0.0012440595004031103,15,3 4 5,5.0 10.0
BothStartLoadPhase__LiftOff,pc1,150,PO10,F3,O_Vis,F_Motor,6,27,0.2222222222222222,5,12,0.0012440595004031103,0.0012440595004031103,15,3 4 5,5.0 10.0
BothStartLoadPhase__LiftOff,pc1,150,PO9,FC6,O_Vis,F_Motor,6,27,0.2222222222222222,5,12,0.0012440595004031103,0.0012440595004031103,15,3 4 5,5.0 10.0
BothStartLoadPhase__LiftOff,pc1,200,PO10,CP5,O_Vis,P_Space,6,27,0.2222222222222222,5,12,0.0012440595004031103,0.0012440595004031103,15,3 4 5,5.0 10.0
BothStartLoadPhase__LiftOff,pc1,200,PO9,FC2,O_Vis,F_Motor,6,27,0.2222222222222222,5,12,0.0012440595004031103,0.0012440595004031103,15,3 4 5,5.0 10.0
BothStartLoadPhase__LiftOff,pc2,0,O2,P8,O_Vis,P_Space,6,27,0.2222222222222222,5,12,0.0012440595004031103,0.0012440595004031103,15,3 4 5,5.0 10.0
BothStartLoadPhase__LiftOff,pc2,50,O2,Fz,O_Vis,F_Exec,6,27,0.2222222222222222,5,12,0.0012440595004031103,0.0012440595004031103,15,3 4 5,5.0 10.0
BothStartLoadPhase__LiftOff,pc2,100,O2,P4,O_Vis,P_Space,6,27,0.2222222222222222,5,12,0.0012440595004031103,0.0012440595004031103,15,3 4 5,5.0 10.0
BothStartLoadPhase__LiftOff,pc3,50,O1,C4,O_Vis,F_Motor,6,27,0.2222222222222222,5,12,0.0012440595004031103,0.0012440595004031103,15,3 4 5,5.0 10.0
BothStartLoadPhase__LiftOff,pc3,150,O1,FC1,O_Vis,F_Motor,6,27,0.2222222222222222,5,12,0.0012440595004031103,0.0012440595004031103,15,3 4 5,5.0 10.0
BothStartLoadPhase__LiftOff,pc3,150,O2,Cz,O_Vis,F_Motor,6,27,0.2222222222222222,5,12,0.0012440595004031103,0.0012440595004031103,15,3 4 5,5.0 10.0
BothStartLoadPhase__LiftOff,pc3,200,FC6,F4,F_Motor,F_Motor,6,27,0.2222222222222222,5,12,0.0012440595004031103,0.0012440595004031103,15,3 4 5,5.0 10.0
FirstDigitTouch__BothStartLoadPhase,pc1,0,PO9,FC2,O_Vis,F_Motor,6,27,0.2222222222222222,5,12,0.0012440595004031103,0.0012440595004031103,15,3 4 5,5.0 10.0
FirstDigitTouch__BothStartLoadPhase,pc1,50,O1,PO9,O_Vis,O_Vis,6,27,0.2222222222222222,5,12,0.0012440595004031103,0.0012440595004031103,15,3 4 5,5.0 10.0
FirstDigitTouch__BothStartLoadPhase,pc1,50,PO10,Cz,O_Vis,F_Motor,6,27,0.2222222222222222,5,12,0.0012440595004031103,0.0012440595004031103,15,3 4 5,5.0 10.0
FirstDigitTouch__BothStartLoadPhase,pc1,100,PO9,C4,O_Vis,F_Motor,6,27,0.2222222222222222,5,12,0.0012440595004031103,0.0012440595004031103,15,3 4 5,5.0 10.0
FirstDigitTouch__BothStartLoadPhase,pc1,150,PO9,FC6,O_Vis,F_Motor,6,27,0.2222222222222222,5,12,0.0012440595004031103,0.0012440595004031103,15,3 4 5,5.0 10.0
FirstDigitTouch__BothStartLoadPhase,pc2,50,O2,FC1,O_Vis,F_Motor,6,27,0.2222222222222222,5,12,0.0012440595004031103,0.0012440595004031103,15,3 4 5,5.0 10.0
FirstDigitTouch__BothStartLoadPhase,pc2,100,O1,O2,O_Vis,O_Vis,6,27,0.2222222222222222,5,12,0.0012440595004031103,0.0012440595004031103,15,3 4 5,5.0 10.0
FirstDigitTouch__BothStartLoadPhase,pc2,100,O1,P7,O_Vis,P_Space,6,27,0.2222222222222222,5,12,0.0012440595004031103,0.0012440595004031103,15,3 4 5,5.0 10.0
FirstDigitTouch__BothStartLoadPhase,pc2,150,O1,O2,O_Vis,O_Vis,6,27,0.2222222222222222,5,12,0.0012440595004031103,0.0012440595004031103,15,3 4 5,5.0 10.0
FirstDigitTouch__BothStartLoadPhase,pc2,200,P7,CP5,P_Space,P_Space,6,27,0.2222222222222222,5,12,0.0012440595004031103,0.0012440595004031103,15,3 4 5,5.0 10.0
FirstDigitTouch__BothStartLoadPhase,pc3,0,FC6,F4,F_Motor,F_Motor,6,27,0.2222222222222222,5,12,0.0012440595004031103,0.0012440595004031103,15,3 4 5,5.0 10.0
FirstDigitTouch__BothStartLoadPhase,pc3,0,Oz,F8,O_Vis,X_Other,6,27,0.2222222222222222,5,12,0.0012440595004031103,0.0012440595004031103,15,3 4 5,5.0 10.0
FirstDigitTouch__BothStartLoadPhase,pc3,50,P4,CP6,P_Space,P_Space,6,27,0.2222222222222222,5,12,0.0012440595004031103,0.0012440595004031103,15,3 4 5,5.0 10.0
FirstDigitTouch__BothStartLoadPhase,pc3,150,CP6,C4,P_Space,F_Motor,6,27,0.2222222222222222,5,12,0.0012440595004031103,0.0012440595004031103,15,3 4 5,5.0 10.0
HandStart__FirstDigitTouch,pc1,50,PO10,F3,O_Vis,F_Motor,6,27,0.2222222222222222,5,12,0.0012440595004031103,0.0012440595004031103,15,3 4 5,5.0 10.0
HandStart__FirstDigitTouch,pc1,150,P7,CP5,P_Space,P_Space,6,27,0.2222222222222222,5,12,0.0012440595004031103,0.0012440595004031103,15,3 4 5,5.0 10.0
HandStart__FirstDigitTouch,pc1,150,PO10,F3,O_Vis,F_Motor,6,27,0.2222222222222222,5,12,0.0012440595004031103,0.0012440595004031103,15,3 4 5,5.0 10.0
HandStart__FirstDigitTouch,pc1,150,PO9,FC1,O_Vis,F_Motor,6,27,0.2222222222222222,5,12,0.0012440595004031103,0.0012440595004031103,15,3 4 5,5.0 10.0
HandStart__FirstDigitTouch,pc1,200,PO9,FC6,O_Vis,F_Motor,6,27,0.2222222222222222,5,12,0.0012440595004031103,0.0012440595004031103,15,3 4 5,5.0 10.0
HandStart__FirstDigitTouch,pc1,200,PO9,Fz,O_Vis,F_Exec,6,27,0.2222222222222222,5,12,0.0012440595004031103,0.0012440595004031103,15,3 4 5,5.0 10.0
HandStart__FirstDigitTouch,pc2,0,O1,P7,O_Vis,P_Space,6,27,0.2222222222222222,5,12,0.0012440595004031103,0.0012440595004031103,15,3 4 5,5.0 10.0
HandStart__FirstDigitTouch,pc2,50,O1,P7,O_Vis,P_Space,6,27,0.2222222222222222,5,12,0.0012440595004031103,0.0012440595004031103,15,3 4 5,5.0 10.0
HandStart__FirstDigitTouch,pc2,50,O2,FC1,O_Vis,F_Motor,6,27,0.2222222222222222,5,12,0.0012440595004031103,0.0012440595004031103,15,3 4 5,5.0 10.0
HandStart__FirstDigitTouch,pc2,50,O2,FC2,O_Vis,F_Motor,6,27,0.2222222222222222,5,12,0.0012440595004031103,0.0012440595004031103,15,3 4 5,5.0 10.0
HandStart__FirstDigitTouch,pc2,100,O1,P7,O_Vis,P_Space,6,27,0.2222222222222222,5,12,0.0012440595004031103,0.0012440595004031103,15,3 4 5,5.0 10.0
HandStart__FirstDigitTouch,pc2,100,O2,O1,O_Vis,O_Vis,6,27,0.2222222222222222,5,12,0.0012440595004031103,0.0012440595004031103,15,3 4 5,5.0 10.0
HandStart__FirstDigitTouch,pc2,150,O1,P7,O_Vis,P_Space,6,27,0.2222222222222222,5,12,0.0012440595004031103,0.0012440595004031103,15,3 4 5,5.0 10.0
HandStart__FirstDigitTouch,pc2,150,O2,F4,O_Vis,F_Motor,6,27,0.2222222222222222,5,12,0.0012440595004031103,0.0012440595004031103,15,3 4 5,5.0 10.0
HandStart__FirstDigitTouch,pc2,200,O2,Fz,O_Vis,F_Exec,6,27,0.2222222222222222,5,12,0.0012440595004031103,0.0012440595004031103,15,3 4 5,5.0 10.0
HandStart__FirstDigitTouch,pc3,0,C4,CP6,F_Motor,P_Space,6,27,0.2222222222222222,5,12,0.0012440595004031103,0.0012440595004031103,15,3 4 5,5.0 10.0
HandStart__FirstDigitTouch,pc3,50,F3,FC1,F_Motor,F_Motor,6,27,0.2222222222222222,5,12,0.0012440595004031103,0.0012440595004031103,15,3 4 5,5.0 10.0
LiftOff__Replace,pc1,0,PO9,Fz,O_Vis,F_Exec,6,27,0.2222222222222222,5,12,0.0012440595004031103,0.0012440595004031103,15,3 4 5,5.0 10.0
LiftOff__Replace,pc1,50,PO10,F3,O_Vis,F_Motor,6,27,0.2222222222222222,5,12,0.0012440595004031103,0.0012440595004031103,15,3 4 5,5.0 10.0
LiftOff__Replace,pc1,50,PO9,C4,O_Vis,F_Motor,6,27,0.2222222222222222,5,12,0.0012440595004031103,0.0012440595004031103,15,3 4 5,5.0 10.0
LiftOff__Replace,pc1,100,PO10,FC5,O_Vis,F_Motor,6,27,0.2222222222222222,5,12,0.0012440595004031103,0.0012440595004031103,15,3 4 5,5.0 10.0
LiftOff__Replace,pc1,100,PO9,Fz,O_Vis,F_Exec,6,27,0.2222222222222222,5,12,0.0012440595004031103,0.0012440595004031103,15,3 4 5,5.0 10.0
LiftOff__Replace,pc1,150,PO10,F3,O_Vis,F_Motor,6,27,0.2222222222222222,5,12,0.0012440595004031103,0.0012440595004031103,15,3 4 5,5.0 10.0
LiftOff__Replace,pc1,150,PO10,FC2,O_Vis,F_Motor,6,27,0.2222222222222222,5,12,0.0012440595004031103,0.0012440595004031103,15,3 4 5,5.0 10.0
LiftOff__Replace,pc1,150,PO9,FC1,O_Vis,F_Motor,6,27,0.2222222222222222,5,12,0.0012440595004031103,0.0012440595004031103,15,3 4 5,5.0 10.0
LiftOff__Replace,pc1,200,PO10,FC2,O_Vis,F_Motor,6,27,0.2222222222222222,5,12,0.0012440595004031103,0.0012440595004031103,15,3 4 5,5.0 10.0
LiftOff__Replace,pc2,0,O2,O1,O_Vis,O_Vis,6,27,0.2222222222222222,5,12,0.0012440595004031103,0.0012440595004031103,15,3 4 5,5.0 10.0
LiftOff__Replace,pc2,50,O1,Fz,O_Vis,F_Exec,6,27,0.2222222222222222,5,12,0.0012440595004031103,0.0012440595004031103,15,3 4 5,5.0 10.0
LiftOff__Replace,pc2,50,O2,P8,O_Vis,P_Space,6,27,0.2222222222222222,5,12,0.0012440595004031103,0.0012440595004031103,15,3 4 5,5.0 10.0
LiftOff__Replace,pc2,50,Oz,FC1,O_Vis,F_Motor,6,27,0.2222222222222222,5,12,0.0012440595004031103,0.0012440595004031103,15,3 4 5,5.0 10.0
LiftOff__Replace,pc2,100,O2,P8,O_Vis,P_Space,6,27,0.2222222222222222,5,12,0.0012440595004031103,0.0012440595004031103,15,3 4 5,5.0 10.0
LiftOff__Replace,pc2,200,P8,CP6,P_Space,P_Space,6,27,0.2222222222222222,5,12,0.0012440595004031103,0.0012440595004031103,15,3 4 5,5.0 10.0
LiftOff__Replace,pc3,50,O1,C4,O_Vis,F_Motor,6,27,0.2222222222222222,5,12,0.0012440595004031103,0.0012440595004031103,15,3 4 5,5.0 10.0
LiftOff__Replace,pc3,50,P3,P7,P_Space,P_Space,6,27,0.2222222222222222,5,12,0.0012440595004031103,0.0012440595004031103,15,3 4 5,5.0 10.0
LiftOff__Replace,pc3,200,FC5,FC1,F_Motor,F_Motor,6,27,0.2222222222222222,5,12,0.0012440595004031103,0.0012440595004031103,15,3 4 5,5.0 10.0
Replace__BothReleased,pc1,100,PO9,F8,O_Vis,X_Other,6,27,0.2222222222222222,5,12,0.0012440595004031103,0.0012440595004031103,15,3 4 5,5.0 10.0
Replace__BothReleased,pc1,200,F4,FC2,F_Motor,F_Motor,6,27,0.2222222222222222,5,12,0.0012440595004031103,0.0012440595004031103,15,3 4 5,5.0 10.0
Replace__BothReleased,pc2,0,O1,O2,O_Vis,O_Vis,6,27,0.2222222222222222,5,12,0.0012440595004031103,0.0012440595004031103,15,3 4 5,5.0 10.0
Replace__BothReleased,pc2,50,O1,P7,O_Vis,P_Space,6,27,0.2222222222222222,5,12,0.0012440595004031103,0.0012440595004031103,15,3 4 5,5.0 10.0
Replace__BothReleased,pc2,100,Oz,F3,O_Vis,F_Motor,6,27,0.2222222222222222,5,12,0.0012440595004031103,0.0012440595004031103,15,3 4 5,5.0 10.0
Replace__BothReleased,pc2,100,P7,CP5,P_Space,P_Space,6,27,0.2222222222222222,5,12,0.0012440595004031103,0.0012440595004031103,15,3 4 5,5.0 10.0
Replace__BothReleased,pc2,150,O1,P7,O_Vis,P_Space,6,27,0.2222222222222222,5,12,0.0012440595004031103,0.0012440595004031103,15,3 4 5,5.0 10.0
Replace__BothReleased,pc2,200,O1,P3,O_Vis,P_Space,6,27,0.2222222222222222,5,12,0.0012440595004031103,0.0012440595004031103,15,3 4 5,5.0 10.0
Replace__BothReleased,pc2,200,O2,P8,O_Vis,P_Space,6,27,0.2222222222222222,5,12,0.0012440595004031103,0.0012440595004031103,15,3 4 5,5.0 10.0
Replace__BothReleased,pc2,200,Oz,Fz,O_Vis,F_Exec,6,27,0.2222222222222222,5,12,0.0012440595004031103,0.0012440595004031103,15,3 4 5,5.0 10.0
Replace__BothReleased,pc3,100,Fp1,C3,F_Exec,F_Motor,6,27,0.2222222222222222,5,12,0.0012440595004031103,0.0012440595004031103,15,3 4 5,5.0 10.0
BothStartLoadPhase__LiftOff,pc1,200,Fp2,Fp1,F_Exec,F_Exec,6,27,0.2222222222222222,4,12,0.0023033026213961152,0.0023033026213961152,10 15,3 4,5.0 10.0
BothStartLoadPhase__LiftOff,pc2,0,O1,FC6,O_Vis,F_Motor,6,27,0.2222222222222222,4,12,0.0023033026213961152,0.0023033026213961152,10 15,3 4,5.0 10.0
BothStartLoadPhase__LiftOff,pc2,0,P7,PO9,P_Space,O_Vis,6,27,0.2222222222222222,4,12,0.0023033026213961152,0.0023033026213961152,10 15,3 4,5.0 10.0
BothStartLoadPhase__LiftOff,pc2,50,O1,P7,O_Vis,P_Space,6,27,0.2222222222222222,4,12,0.0023033026213961152,0.0023033026213961152,10 15,3 4,5.0 10.0
BothStartLoadPhase__LiftOff,pc2,100,P7,P3,P_Space,P_Space,6,27,0.2222222222222222,4,12,0.0023033026213961152,0.0023033026213961152,10 15,3 4,5.0 10.0
BothStartLoadPhase__LiftOff,pc3,0,CP6,P8,P_Space,P_Space,6,27,0.2222222222222222,4,12,0.0023033026213961152,0.0023033026213961152,10 15,3 4,5.0 10.0
BothStartLoadPhase__LiftOff,pc3,0,P3,P7,P_Space,P_Space,6,27,0.2222222222222222,4,12,0.0023033026213961152,0.0023033026213961152,10 15,3 4,5.0 10.0
BothStartLoadPhase__LiftOff,pc3,50,P7,O1,P_Space,O_Vis,6,27,0.2222222222222222,4,12,0.0023033026213961152,0.0023033026213961152,10 15,3 4,5.0 10.0
BothStartLoadPhase__LiftOff,pc3,200,O1,FC1,O_Vis,F_Motor,6,27,0.2222222222222222,4,12,0.0023033026213961152,0.0023033026213961152,10 15,3 4,5.0 10.0
FirstDigitTouch__BothStartLoadPhase,pc1,0,PO9,F8,O_Vis,X_Other,6,27,0.2222222222222222,4,12,0.0023033026213961152,0.0023033026213961152,10 15,3 4,5.0 10.0
FirstDigitTouch__BothStartLoadPhase,pc1,50,PO9,Fz,O_Vis,F_Exec,6,27,0.2222222222222222,4,12,0.0023033026213961152,0.0023033026213961152,10 15,3 4,5.0 10.0
FirstDigitTouch__BothStartLoadPhase,pc2,0,P7,PO9,P_Space,O_Vis,6,27,0.2222222222222222,4,12,0.0023033026213961152,0.0023033026213961152,10 15,3 4,5.0 10.0
FirstDigitTouch__BothStartLoadPhase,pc3,50,FC5,FC1,F_Motor,F_Motor,6,27,0.2222222222222222,4,12,0.0023033026213961152,0.0023033026213961152,10 15,3 4,5.0 10.0
FirstDigitTouch__BothStartLoadPhase,pc3,50,Fp1,PO10,F_Exec,O_Vis,6,27,0.2222222222222222,4,12,0.0023033026213961152,0.0023033026213961152,10 15,3 4,5.0 10.0
FirstDigitTouch__BothStartLoadPhase,pc3,50,P3,P7,P_Space,P_Space,6,27,0.2222222222222222,4,12,0.0023033026213961152,0.0023033026213961152,10 15,3 4,5.0 10.0
HandStart__FirstDigitTouch,pc1,150,PO9,C4,O_Vis,F_Motor,6,27,0.2222222222222222,4,12,0.0023033026213961152,0.0023033026213961152,10 15,3 4,5.0 10.0
HandStart__FirstDigitTouch,pc3,0,Oz,F8,O_Vis,X_Other,6,27,0.2222222222222222,4,12,0.0023033026213961152,0.0023033026213961152,10 15,3 4,5.0 10.0
HandStart__FirstDigitTouch,pc3,50,CP6,P8,P_Space,P_Space,6,27,0.2222222222222222,4,12,0.0023033026213961152,0.0023033026213961152,10 15,3 4,5.0 10.0
HandStart__FirstDigitTouch,pc3,50,P4,CP6,P_Space,P_Space,6,27,0.2222222222222222,4,12,0.0023033026213961152,0.0023033026213961152,10 15,3 4,5.0 10.0
HandStart__FirstDigitTouch,pc3,100,CP6,CP2,P_Space,P_Space,6,27,0.2222222222222222,4,12,0.0023033026213961152,0.0023033026213961152,10 15,3 4,5.0 10.0
HandStart__FirstDigitTouch,pc3,200,PO10,P8,O_Vis,P_Space,6,27,0.2222222222222222,4,12,0.0023033026213961152,0.0023033026213961152,10 15,3 4,5.0 10.0
LiftOff__Replace,pc1,100,PO10,TP9,O_Vis,T_Temp,6,27,0.2222222222222222,4,12,0.0023033026213961152,0.0023033026213961152,10 15,3 4,5.0 10.0
LiftOff__Replace,pc1,100,PO9,C4,O_Vis,F_Motor,6,27,0.2222222222222222,4,12,0.0023033026213961152,0.0023033026213961152,10 15,3 4,5.0 10.0
LiftOff__Replace,pc2,0,O1,FC6,O_Vis,F_Motor,6,27,0.2222222222222222,4,12,0.0023033026213961152,0.0023033026213961152,10 15,3 4,5.0 10.0
LiftOff__Replace,pc2,0,O1,P7,O_Vis,P_Space,6,27,0.2222222222222222,4,12,0.0023033026213961152,0.0023033026213961152,10 15,3 4,5.0 10.0
LiftOff__Replace,pc2,0,P7,PO9,P_Space,O_Vis,6,27,0.2222222222222222,4,12,0.0023033026213961152,0.0023033026213961152,10 15,3 4,5.0 10.0
LiftOff__Replace,pc2,0,PO9,TP9,O_Vis,T_Temp,6,27,0.2222222222222222,4,12,0.0023033026213961152,0.0023033026213961152,10 15,3 4,5.0 10.0
LiftOff__Replace,pc3,0,C4,FC6,F_Motor,F_Motor,6,27,0.2222222222222222,4,12,0.0023033026213961152,0.0023033026213961152,10 15,3 4,5.0 10.0
LiftOff__Replace,pc3,0,FC5,FC1,F_Motor,F_Motor,6,27,0.2222222222222222,4,12,0.0023033026213961152,0.0023033026213961152,10 15,3 4,5.0 10.0
LiftOff__Replace,pc3,0,O1,C4,O_Vis,F_Motor,6,27,0.2222222222222222,4,12,0.0023033026213961152,0.0023033026213961152,10 15,3 4,5.0 10.0
Replace__BothReleased,pc1,50,Fp1,F3,F_Exec,F_Motor,6,27,0.2222222222222222,4,12,0.0023033026213961152,0.0023033026213961152,10 15,3 4,5.0 10.0
Replace__BothReleased,pc1,150,PO10,Fp2,O_Vis,F_Exec,6,27,0.2222222222222222,4,12,0.0023033026213961152,0.0023033026213961152,10 15,3 4,5.0 10.0
Replace__BothReleased,pc1,150,PO10,Fz,O_Vis,F_Exec,6,27,0.2222222222222222,4,12,0.0023033026213961152,0.0023033026213961152,10 15,3 4,5.0 10.0
Replace__BothReleased,pc2,50,O1,Fz,O_Vis,F_Exec,6,27,0.2222222222222222,4,12,0.0023033026213961152,0.0023033026213961152,10 15,3 4,5.0 10.0
Replace__BothReleased,pc3,0,FC5,FC1,F_Motor,F_Motor,6,27,0.2222222222222222,4,12,0.0023033026213961152,0.0023033026213961152,10 15,3 4,5.0 10.0
Replace__BothReleased,pc3,0,P3,P7,P_Space,P_Space,6,27,0.2222222222222222,4,12,0.0023033026213961152,0.0023033026213961152,10 15,3 4,5.0 10.0
Replace__BothReleased,pc3,100,Fp1,P8,F_Exec,P_Space,6,27,0.2222222222222222,4,12,0.0023033026213961152,0.0023033026213961152,10 15,3 4,5.0 10.0
Replace__BothReleased,pc3,150,Fp1,T7,F_Exec,T_Temp,6,27,0.2222222222222222,4,12,0.0023033026213961152,0.0023033026213961152,10 15,3 4,5.0 10.0
Replace__BothReleased,pc3,150,Oz,Fp1,O_Vis,F_Exec,6,27,0.2222222222222222,4,12,0.0023033026213961152,0.0023033026213961152,10 15,3 4,5.0 10.0
BothStartLoadPhase__LiftOff,pc3,0,O2,Cz,O_Vis,F_Motor,5,27,0.18518518518518517,4,12,0.002968335608119265,0.002968335608119265,5 10 15,3 4,5.0 10.0
FirstDigitTouch__BothStartLoadPhase,pc3,0,O2,Cz,O_Vis,F_Motor,5,27,0.18518518518518517,4,12,0.002968335608119265,0.002968335608119265,5 10 15,3 4,5.0 10.0
FirstDigitTouch__BothStartLoadPhase,pc3,150,O1,FC1,O_Vis,F_Motor,5,27,0.18518518518518517,4,12,0.002968335608119265,0.002968335608119265,5 10 15,3 4,5.0 10.0
Replace__BothReleased,pc1,50,Fp2,F3,F_Exec,F_Motor,5,27,0.18518518518518517,4,12,0.002968335608119265,0.002968335608119265,5 10 15,3 4,5.0 10.0
Replace__BothReleased,pc1,100,Fp1,F3,F_Exec,F_Motor,5,27,0.18518518518518517,4,12,0.002968335608119265,0.002968335608119265,5 10 15,3 4,5.0 10.0
Replace__BothReleased,pc1,150,Fp1,Fp2,F_Exec,F_Exec,5,27,0.18518518518518517,4,12,0.002968335608119265,0.002968335608119265,5 10 15,3 4,5.0 10.0
Replace__BothReleased,pc3,100,F4,Fp2,F_Motor,F_Exec,5,27,0.18518518518518517,4,12,0.002968335608119265,0.002968335608119265,5 10 15,3 4,5.0 10.0
Replace__BothReleased,pc3,150,P8,O2,P_Space,O_Vis,5,27,0.18518518518518517,4,12,0.002968335608119265,0.002968335608119265,5 10 15,3 4,5.0 10.0
BothStartLoadPhase__LiftOff,pc1,50,F4,FC2,F_Motor,F_Motor,3,27,0.1111111111111111,4,12,0.009867188280343492,0.009867188280343492,10 15,3 4,5.0
BothStartLoadPhase__LiftOff,pc1,50,F4,FC6,F_Motor,F_Motor,3,27,0.1111111111111111,4,12,0.009867188280343492,0.009867188280343492,10 15,3 4,5.0
BothStartLoadPhase__LiftOff,pc1,50,PO9,Fz,O_Vis,F_Exec,3,27,0.1111111111111111,4,12,0.009867188280343492,0.009867188280343492,10 15,3 4,5.0
BothStartLoadPhase__LiftOff,pc1,100,PO10,CP5,O_Vis,P_Space,3,27,0.1111111111111111,4,12,0.009867188280343492,0.009867188280343492,10 15,3 4,5.0
BothStartLoadPhase__LiftOff,pc1,150,F4,FC2,F_Motor,F_Motor,3,27,0.1111111111111111,4,12,0.009867188280343492,0.009867188280343492,10 15,3 4,5.0
BothStartLoadPhase__LiftOff,pc1,150,P7,CP5,P_Space,P_Space,3,27,0.1111111111111111,4,12,0.009867188280343492,0.009867188280343492,10 15,3 4,5.0
BothStartLoadPhase__LiftOff,pc1,150,PO9,C4,O_Vis,F_Motor,3,27,0.1111111111111111,4,12,0.009867188280343492,0.009867188280343492,10 15,3 4,5.0
BothStartLoadPhase__LiftOff,pc1,200,PO9,FC6,O_Vis,F_Motor,3,27,0.1111111111111111,4,12,0.009867188280343492,0.009867188280343492,10 15,3 4,5.0
BothStartLoadPhase__LiftOff,pc2,0,P7,P3,P_Space,P_Space,3,27,0.1111111111111111,4,12,0.009867188280343492,0.009867188280343492,10 15,3 4,5.0
BothStartLoadPhase__LiftOff,pc2,0,P7,TP9,P_Space,T_Temp,3,27,0.1111111111111111,4,12,0.009867188280343492,0.009867188280343492,10 15,3 4,5.0
BothStartLoadPhase__LiftOff,pc3,0,FC5,FC1,F_Motor,F_Motor,3,27,0.1111111111111111,4,12,0.009867188280343492,0.009867188280343492,10 15,3 4,5.0
BothStartLoadPhase__LiftOff,pc3,0,P8,PO10,P_Space,O_Vis,3,27,0.1111111111111111,4,12,0.009867188280343492,0.009867188280343492,10 15,3 4,5.0
BothStartLoadPhase__LiftOff,pc3,150,FC6,F4,F_Motor,F_Motor,3,27,0.1111111111111111,4,12,0.009867188280343492,0.009867188280343492,10 15,3 4,5.0
BothStartLoadPhase__LiftOff,pc3,150,Fp2,F7,F_Exec,X_Other,3,27,0.1111111111111111,4,12,0.009867188280343492,0.009867188280343492,10 15,3 4,5.0
FirstDigitTouch__BothStartLoadPhase,pc1,0,PO10,FC1,O_Vis,F_Motor,3,27,0.1111111111111111,4,12,0.009867188280343492,0.009867188280343492,10 15,3 4,5.0
FirstDigitTouch__BothStartLoadPhase,pc1,50,F4,FC6,F_Motor,F_Motor,3,27,0.1111111111111111,4,12,0.009867188280343492,0.009867188280343492,10 15,3 4,5.0
FirstDigitTouch__BothStartLoadPhase,pc1,50,PO9,FC2,O_Vis,F_Motor,3,27,0.1111111111111111,4,12,0.009867188280343492,0.009867188280343492,10 15,3 4,5.0
FirstDigitTouch__BothStartLoadPhase,pc1,100,PO10,CP5,O_Vis,P_Space,3,27,0.1111111111111111,4,12,0.009867188280343492,0.009867188280343492,10 15,3 4,5.0
FirstDigitTouch__BothStartLoadPhase,pc1,150,P7,CP5,P_Space,P_Space,3,27,0.1111111111111111,4,12,0.009867188280343492,0.009867188280343492,10 15,3 4,5.0
FirstDigitTouch__BothStartLoadPhase,pc1,150,PO10,F3,O_Vis,F_Motor,3,27,0.1111111111111111,4,12,0.009867188280343492,0.009867188280343492,10 15,3 4,5.0
FirstDigitTouch__BothStartLoadPhase,pc1,150,PO9,C4,O_Vis,F_Motor,3,27,0.1111111111111111,4,12,0.009867188280343492,0.009867188280343492,10 15,3 4,5.0
FirstDigitTouch__BothStartLoadPhase,pc1,200,PO9,FC6,O_Vis,F_Motor,3,27,0.1111111111111111,4,12,0.009867188280343492,0.009867188280343492,10 15,3 4,5.0
FirstDigitTouch__BothStartLoadPhase,pc2,0,O1,F8,O_Vis,X_Other,3,27,0.1111111111111111,4,12,0.009867188280343492,0.009867188280343492,10 15,3 4,5.0
FirstDigitTouch__BothStartLoadPhase,pc2,0,O1,FC6,O_Vis,F_Motor,3,27,0.1111111111111111,4,12,0.009867188280343492,0.009867188280343492,10 15,3 4,5.0
FirstDigitTouch__BothStartLoadPhase,pc2,100,P7,P3,P_Space,P_Space,3,27,0.1111111111111111,4,12,0.009867188280343492,0.009867188280343492,10 15,3 4,5.0
FirstDigitTouch__BothStartLoadPhase,pc2,200,O2,O1,O_Vis,O_Vis,3,27,0.1111111111111111,4,12,0.009867188280343492,0.009867188280343492,10 15,3 4,5.0
FirstDigitTouch__BothStartLoadPhase,pc3,0,P8,PO10,P_Space,O_Vis,3,27,0.1111111111111111,4,12,0.009867188280343492,0.009867188280343492,10 15,3 4,5.0
FirstDigitTouch__BothStartLoadPhase,pc3,50,CP6,P8,P_Space,P_Space,3,27,0.1111111111111111,4,12,0.009867188280343492,0.009867188280343492,10 15,3 4,5.0
FirstDigitTouch__BothStartLoadPhase,pc3,100,CP6,P8,P_Space,P_Space,3,27,0.1111111111111111,4,12,0.009867188280343492,0.009867188280343492,10 15,3 4,5.0
FirstDigitTouch__BothStartLoadPhase,pc3,100,FC6,F4,F_Motor,F_Motor,3,27,0.1111111111111111,4,12,0.009867188280343492,0.009867188280343492,10 15,3 4,5.0
FirstDigitTouch__BothStartLoadPhase,pc3,100,P7,O1,P_Space,O_Vis,3,27,0.1111111111111111,4,12,0.009867188280343492,0.009867188280343492,10 15,3 4,5.0
FirstDigitTouch__BothStartLoadPhase,pc3,150,Fp1,PO10,F_Exec,O_Vis,3,27,0.1111111111111111,4,12,0.009867188280343492,0.009867188280343492,10 15,3 4,5.0
FirstDigitTouch__BothStartLoadPhase,pc3,150,O2,Cz,O_Vis,F_Motor,3,27,0.1111111111111111,4,12,0.009867188280343492,0.009867188280343492,10 15,3 4,5.0
HandStart__FirstDigitTouch,pc1,0,PO9,FC6,O_Vis,F_Motor,3,27,0.1111111111111111,4,12,0.009867188280343492,0.009867188280343492,10 15,3 4,5.0
HandStart__FirstDigitTouch,pc1,100,PO9,FC6,O_Vis,F_Motor,3,27,0.1111111111111111,4,12,0.009867188280343492,0.009867188280343492,10 15,3 4,5.0
HandStart__FirstDigitTouch,pc1,150,PO10,FC6,O_Vis,F_Motor,3,27,0.1111111111111111,4,12,0.009867188280343492,0.009867188280343492,10 15,3 4,5.0
HandStart__FirstDigitTouch,pc1,200,PO9,FC2,O_Vis,F_Motor,3,27,0.1111111111111111,4,12,0.009867188280343492,0.009867188280343492,10 15,3 4,5.0
HandStart__FirstDigitTouch,pc2,0,P7,CP5,P_Space,P_Space,3,27,0.1111111111111111,4,12,0.009867188280343492,0.009867188280343492,10 15,3 4,5.0
HandStart__FirstDigitTouch,pc2,0,P8,CP6,P_Space,P_Space,3,27,0.1111111111111111,4,12,0.009867188280343492,0.009867188280343492,10 15,3 4,5.0
HandStart__FirstDigitTouch,pc2,100,P8,P4,P_Space,P_Space,3,27,0.1111111111111111,4,12,0.009867188280343492,0.009867188280343492,10 15,3 4,5.0
HandStart__FirstDigitTouch,pc2,150,O2,P4,O_Vis,P_Space,3,27,0.1111111111111111,4,12,0.009867188280343492,0.009867188280343492,10 15,3 4,5.0
HandStart__FirstDigitTouch,pc3,0,FC5,F3,F_Motor,F_Motor,3,27,0.1111111111111111,4,12,0.009867188280343492,0.009867188280343492,10 15,3 4,5.0
HandStart__FirstDigitTouch,pc3,0,O2,Cz,O_Vis,F_Motor,3,27,0.1111111111111111,4,12,0.009867188280343492,0.009867188280343492,10 15,3 4,5.0
HandStart__FirstDigitTouch,pc3,0,P3,P7,P_Space,P_Space,3,27,0.1111111111111111,4,12,0.009867188280343492,0.009867188280343492,10 15,3 4,5.0
HandStart__FirstDigitTouch,pc3,50,FC5,F3,F_Motor,F_Motor,3,27,0.1111111111111111,4,12,0.009867188280343492,0.009867188280343492,10 15,3 4,5.0
HandStart__FirstDigitTouch,pc3,100,C4,FC2,F_Motor,F_Motor,3,27,0.1111111111111111,4,12,0.009867188280343492,0.009867188280343492,10 15,3 4,5.0
HandStart__FirstDigitTouch,pc3,150,Oz,P4,O_Vis,P_Space,3,27,0.1111111111111111,4,12,0.009867188280343492,0.009867188280343492,10 15,3 4,5.0
HandStart__FirstDigitTouch,pc3,200,C4,CP2,F_Motor,P_Space,3,27,0.1111111111111111,4,12,0.009867188280343492,0.009867188280343492,10 15,3 4,5.0
HandStart__FirstDigitTouch,pc3,200,Oz,P4,O_Vis,P_Space,3,27,0.1111111111111111,4,12,0.009867188280343492,0.009867188280343492,10 15,3 4,5.0
LiftOff__Replace,pc1,100,PO10,FC1,O_Vis,F_Motor,3,27,0.1111111111111111,4,12,0.009867188280343492,0.009867188280343492,10 15,3 4,5.0
LiftOff__Replace,pc2,0,PO10,P8,O_Vis,P_Space,3,27,0.1111111111111111,4,12,0.009867188280343492,0.009867188280343492,10 15,3 4,5.0
LiftOff__Replace,pc2,50,O2,Fz,O_Vis,F_Exec,3,27,0.1111111111111111,4,12,0.009867188280343492,0.009867188280343492,10 15,3 4,5.0
LiftOff__Replace,pc3,0,FC6,F4,F_Motor,F_Motor,3,27,0.1111111111111111,4,12,0.009867188280343492,0.009867188280343492,10 15,3 4,5.0
LiftOff__Replace,pc3,0,FC6,F8,F_Motor,X_Other,3,27,0.1111111111111111,4,12,0.009867188280343492,0.009867188280343492,10 15,3 4,5.0
LiftOff__Replace,pc3,0,P8,CP6,P_Space,P_Space,3,27,0.1111111111111111,4,12,0.009867188280343492,0.009867188280343492,10 15,3 4,5.0
LiftOff__Replace,pc3,150,CP6,C4,P_Space,F_Motor,3,27,0.1111111111111111,4,12,0.009867188280343492,0.009867188280343492,10 15,3 4,5.0
Replace__BothReleased,pc1,100,PO9,P7,O_Vis,P_Space,3,27,0.1111111111111111,4,12,0.009867188280343492,0.009867188280343492,10 15,3 4,5.0
Replace__BothReleased,pc1,150,Fp2,Fp1,F_Exec,F_Exec,3,27,0.1111111111111111,4,12,0.009867188280343492,0.009867188280343492,10 15,3 4,5.0
Replace__BothReleased,pc1,200,PO10,Fp2,O_Vis,F_Exec,3,27,0.1111111111111111,4,12,0.009867188280343492,0.009867188280343492,10 15,3 4,5.0
Replace__BothReleased,pc1,200,PO10,Fz,O_Vis,F_Exec,3,27,0.1111111111111111,4,12,0.009867188280343492,0.009867188280343492,10 15,3 4,5.0
Replace__BothReleased,pc2,0,P7,CP5,P_Space,P_Space,3,27,0.1111111111111111,4,12,0.009867188280343492,0.009867188280343492,10 15,3 4,5.0
Replace__BothReleased,pc2,50,Fp1,F4,F_Exec,F_Motor,3,27,0.1111111111111111,4,12,0.009867188280343492,0.009867188280343492,10 15,3 4,5.0
Replace__BothReleased,pc2,50,Fp1,T7,F_Exec,T_Temp,3,27,0.1111111111111111,4,12,0.009867188280343492,0.009867188280343492,10 15,3 4,5.0
Replace__BothReleased,pc2,50,O1,O2,O_Vis,O_Vis,3,27,0.1111111111111111,4,12,0.009867188280343492,0.009867188280343492,10 15,3 4,5.0
Replace__BothReleased,pc2,200,Oz,F3,O_Vis,F_Motor,3,27,0.1111111111111111,4,12,0.009867188280343492,0.009867188280343492,10 15,3 4,5.0
Replace__BothReleased,pc3,0,O2,Cz,O_Vis,F_Motor,3,27,0.1111111111111111,4,12,0.009867188280343492,0.009867188280343492,10 15,3 4,5.0
Replace__BothReleased,pc3,50,C4,CP2,F_Motor,P_Space,3,27,0.1111111111111111,4,12,0.009867188280343492,0.009867188280343492,10 15,3 4,5.0
Replace__BothReleased,pc3,50,F4,Fz,F_Motor,F_Exec,3,27,0.1111111111111111,4,12,0.009867188280343492,0.009867188280343492,10 15,3 4,5.0
Replace__BothReleased,pc3,50,P7,O1,P_Space,O_Vis,3,27,0.1111111111111111,4,12,0.009867188280343492,0.009867188280343492,10 15,3 4,5.0
Replace__BothReleased,pc3,100,C4,FC2,F_Motor,F_Motor,3,27,0.1111111111111111,4,12,0.009867188280343492,0.009867188280343492,10 15,3 4,5.0
Replace__BothReleased,pc3,100,CP6,CP2,P_Space,P_Space,3,27,0.1111111111111111,4,12,0.009867188280343492,0.009867188280343492,10 15,3 4,5.0
Replace__BothReleased,pc3,100,CP6,P8,P_Space,P_Space,3,27,0.1111111111111111,4,12,0.009867188280343492,0.009867188280343492,10 15,3 4,5.0
Replace__BothReleased,pc3,100,Fp1,TP9,F_Exec,T_Temp,3,27,0.1111111111111111,4,12,0.009867188280343492,0.009867188280343492,10 15,3 4,5.0
Replace__BothReleased,pc3,150,F8,Fp2,X_Other,F_Exec,3,27,0.1111111111111111,4,12,0.009867188280343492,0.009867188280343492,10 15,3 4,5.0
Replace__BothReleased,pc3,150,P8,PO10,P_Space,O_Vis,3,27,0.1111111111111111,4,12,0.009867188280343492,0.009867188280343492,10 15,3 4,5.0
Replace__BothReleased,pc3,200,O1,Fp1,O_Vis,F_Exec,3,27,0.1111111111111111,4,12,0.009867188280343492,0.009867188280343492,10 15,3 4,5.0
Replace__BothReleased,pc3,200,P8,PO10,P_Space,O_Vis,3,27,0.1111111111111111,4,12,0.009867188280343492,0.009867188280343492,10 15,3 4,5.0
BothStartLoadPhase__LiftOff,pc1,0,T8,C4,T_Temp,F_Motor,3,27,0.1111111111111111,3,12,0.002968335608119265,0.002968335608119265,5 10,3,5.0 10.0
BothStartLoadPhase__LiftOff,pc2,0,P8,CP6,P_Space,P_Space,3,27,0.1111111111111111,3,12,0.002968335608119265,0.002968335608119265,5 10,3,5.0 10.0
BothStartLoadPhase__LiftOff,pc3,50,Fp2,Fp1,F_Exec,F_Exec,3,27,0.1111111111111111,3,12,0.002968335608119265,0.002968335608119265,5 10,3,5.0 10.0
BothStartLoadPhase__LiftOff,pc3,100,Fp1,F7,F_Exec,X_Other,3,27,0.1111111111111111,3,12,0.002968335608119265,0.002968335608119265,5 10,3,5.0 10.0
BothStartLoadPhase__LiftOff,pc3,100,Fp1,PO10,F_Exec,O_Vis,3,27,0.1111111111111111,3,12,0.002968335608119265,0.002968335608119265,5 10,3,5.0 10.0
BothStartLoadPhase__LiftOff,pc3,100,Fp2,F7,F_Exec,X_Other,3,27,0.1111111111111111,3,12,0.002968335608119265,0.002968335608119265,5 10,3,5.0 10.0
FirstDigitTouch__BothStartLoadPhase,pc1,0,T8,C4,T_Temp,F_Motor,3,27,0.1111111111111111,3,12,0.002968335608119265,0.002968335608119265,5 10,3,5.0 10.0
FirstDigitTouch__BothStartLoadPhase,pc2,0,P8,CP6,P_Space,P_Space,3,27,0.1111111111111111,3,12,0.002968335608119265,0.002968335608119265,5 10,3,5.0 10.0
FirstDigitTouch__BothStartLoadPhase,pc2,100,Fp2,PO10,F_Exec,O_Vis,3,27,0.1111111111111111,3,12,0.002968335608119265,0.002968335608119265,5 10,3,5.0 10.0
FirstDigitTouch__BothStartLoadPhase,pc3,50,Fp2,F7,F_Exec,X_Other,3,27,0.1111111111111111,3,12,0.002968335608119265,0.002968335608119265,5 10,3,5.0 10.0
HandStart__FirstDigitTouch,pc1,0,T8,C4,T_Temp,F_Motor,3,27,0.1111111111111111,3,12,0.002968335608119265,0.002968335608119265,5 10,3,5.0 10.0
HandStart__FirstDigitTouch,pc3,100,Fp1,TP10,F_Exec,T_Temp,3,27,0.1111111111111111,3,12,0.002968335608119265,0.002968335608119265,5 10,3,5.0 10.0
LiftOff__Replace,pc1,0,T8,C4,T_Temp,F_Motor,3,27,0.1111111111111111,3,12,0.002968335608119265,0.002968335608119265,5 10,3,5.0 10.0
LiftOff__Replace,pc1,0,T8,CP6,T_Temp,P_Space,3,27,0.1111111111111111,3,12,0.002968335608119265,0.002968335608119265,5 10,3,5.0 10.0
Replace__BothReleased,pc1,0,T8,C4,T_Temp,F_Motor,3,27,0.1111111111111111,3,12,0.002968335608119265,0.002968335608119265,5 10,3,5.0 10.0
Replace__BothReleased,pc3,50,Fp1,FC6,F_Exec,F_Motor,3,27,0.1111111111111111,3,12,0.002968335608119265,0.002968335608119265,5 10,3,5.0 10.0
Replace__BothReleased,pc3,150,Fp1,P8,F_Exec,P_Space,3,27,0.1111111111111111,3,12,0.002968335608119265,0.002968335608119265,5 10,3,5.0 10.0
Replace__BothReleased,pc3,150,Fp1,TP9,F_Exec,T_Temp,3,27,0.1111111111111111,3,12,0.002968335608119265,0.002968335608119265,5 10,3,5.0 10.0
BothStartLoadPhase__LiftOff,pc1,0,P7,CP5,P_Space,P_Space,2,27,0.07407407407407407,4,12,0.009867188280343492,0.009867188280343492,15,3 4,5.0
BothStartLoadPhase__LiftOff,pc1,0,T8,CP2,T_Temp,P_Space,2,27,0.07407407407407407,4,12,0.009867188280343492,0.009867188280343492,15,3 4,5.0
BothStartLoadPhase__LiftOff,pc1,50,O1,PO9,O_Vis,O_Vis,2,27,0.07407407407407407,4,12,0.009867188280343492,0.009867188280343492,15,3 4,5.0
BothStartLoadPhase__LiftOff,pc1,50,P7,CP5,P_Space,P_Space,2,27,0.07407407407407407,4,12,0.009867188280343492,0.009867188280343492,15,3 4,5.0
BothStartLoadPhase__LiftOff,pc1,50,PO10,Cz,O_Vis,F_Motor,2,27,0.07407407407407407,4,12,0.009867188280343492,0.009867188280343492,15,3 4,5.0
BothStartLoadPhase__LiftOff,pc1,50,PO10,FC5,O_Vis,F_Motor,2,27,0.07407407407407407,4,12,0.009867188280343492,0.009867188280343492,15,3 4,5.0
BothStartLoadPhase__LiftOff,pc1,50,PO9,C4,O_Vis,F_Motor,2,27,0.07407407407407407,4,12,0.009867188280343492,0.009867188280343492,15,3 4,5.0
BothStartLoadPhase__LiftOff,pc1,100,P8,CP6,P_Space,P_Space,2,27,0.07407407407407407,4,12,0.009867188280343492,0.009867188280343492,15,3 4,5.0
BothStartLoadPhase__LiftOff,pc1,100,PO10,F3,O_Vis,F_Motor,2,27,0.07407407407407407,4,12,0.009867188280343492,0.009867188280343492,15,3 4,5.0
BothStartLoadPhase__LiftOff,pc1,100,PO10,FC1,O_Vis,F_Motor,2,27,0.07407407407407407,4,12,0.009867188280343492,0.009867188280343492,15,3 4,5.0
BothStartLoadPhase__LiftOff,pc1,100,PO10,Fz,O_Vis,F_Exec,2,27,0.07407407407407407,4,12,0.009867188280343492,0.009867188280343492,15,3 4,5.0
BothStartLoadPhase__LiftOff,pc1,100,PO9,C4,O_Vis,F_Motor,2,27,0.07407407407407407,4,12,0.009867188280343492,0.009867188280343492,15,3 4,5.0
BothStartLoadPhase__LiftOff,pc1,100,PO9,FC6,O_Vis,F_Motor,2,27,0.07407407407407407,4,12,0.009867188280343492,0.009867188280343492,15,3 4,5.0
BothStartLoadPhase__LiftOff,pc1,150,F4,FC6,F_Motor,F_Motor,2,27,0.07407407407407407,4,12,0.009867188280343492,0.009867188280343492,15,3 4,5.0
BothStartLoadPhase__LiftOff,pc1,150,PO10,TP9,O_Vis,T_Temp,2,27,0.07407407407407407,4,12,0.009867188280343492,0.009867188280343492,15,3 4,5.0
BothStartLoadPhase__LiftOff,pc1,200,O1,PO9,O_Vis,O_Vis,2,27,0.07407407407407407,4,12,0.009867188280343492,0.009867188280343492,15,3 4,5.0
BothStartLoadPhase__LiftOff,pc1,200,PO9,C4,O_Vis,F_Motor,2,27,0.07407407407407407,4,12,0.009867188280343492,0.009867188280343492,15,3 4,5.0
BothStartLoadPhase__LiftOff,pc2,0,O2,O1,O_Vis,O_Vis,2,27,0.07407407407407407,4,12,0.009867188280343492,0.009867188280343492,15,3 4,5.0
BothStartLoadPhase__LiftOff,pc2,50,O1,FC6,O_Vis,F_Motor,2,27,0.07407407407407407,4,12,0.009867188280343492,0.009867188280343492,15,3 4,5.0
BothStartLoadPhase__LiftOff,pc2,50,O2,F4,O_Vis,F_Motor,2,27,0.07407407407407407,4,12,0.009867188280343492,0.009867188280343492,15,3 4,5.0
BothStartLoadPhase__LiftOff,pc2,50,O2,FC2,O_Vis,F_Motor,2,27,0.07407407407407407,4,12,0.009867188280343492,0.009867188280343492,15,3 4,5.0
BothStartLoadPhase__LiftOff,pc2,50,Oz,FC1,O_Vis,F_Motor,2,27,0.07407407407407407,4,12,0.009867188280343492,0.009867188280343492,15,3 4,5.0
BothStartLoadPhase__LiftOff,pc2,100,O1,FC6,O_Vis,F_Motor,2,27,0.07407407407407407,4,12,0.009867188280343492,0.009867188280343492,15,3 4,5.0
BothStartLoadPhase__LiftOff,pc2,100,O1,O2,O_Vis,O_Vis,2,27,0.07407407407407407,4,12,0.009867188280343492,0.009867188280343492,15,3 4,5.0
BothStartLoadPhase__LiftOff,pc2,100,O1,P7,O_Vis,P_Space,2,27,0.07407407407407407,4,12,0.009867188280343492,0.009867188280343492,15,3 4,5.0
BothStartLoadPhase__LiftOff,pc2,100,Oz,PO9,O_Vis,O_Vis,2,27,0.07407407407407407,4,12,0.009867188280343492,0.009867188280343492,15,3 4,5.0
BothStartLoadPhase__LiftOff,pc2,150,O1,P3,O_Vis,P_Space,2,27,0.07407407407407407,4,12,0.009867188280343492,0.009867188280343492,15,3 4,5.0
BothStartLoadPhase__LiftOff,pc2,150,O2,F4,O_Vis,F_Motor,2,27,0.07407407407407407,4,12,0.009867188280343492,0.009867188280343492,15,3 4,5.0
BothStartLoadPhase__LiftOff,pc2,200,P7,CP5,P_Space,P_Space,2,27,0.07407407407407407,4,12,0.009867188280343492,0.009867188280343492,15,3 4,5.0
BothStartLoadPhase__LiftOff,pc3,0,FC6,F4,F_Motor,F_Motor,2,27,0.07407407407407407,4,12,0.009867188280343492,0.009867188280343492,15,3 4,5.0
BothStartLoadPhase__LiftOff,pc3,0,Oz,FC5,O_Vis,F_Motor,2,27,0.07407407407407407,4,12,0.009867188280343492,0.009867188280343492,15,3 4,5.0
BothStartLoadPhase__LiftOff,pc3,50,F3,FC1,F_Motor,F_Motor,2,27,0.07407407407407407,4,12,0.009867188280343492,0.009867188280343492,15,3 4,5.0
BothStartLoadPhase__LiftOff,pc3,50,F3,FC5,F_Motor,F_Motor,2,27,0.07407407407407407,4,12,0.009867188280343492,0.009867188280343492,15,3 4,5.0
BothStartLoadPhase__LiftOff,pc3,100,O2,C3,O_Vis,F_Motor,2,27,0.07407407407407407,4,12,0.009867188280343492,0.009867188280343492,15,3 4,5.0
BothStartLoadPhase__LiftOff,pc3,100,O2,Fp1,O_Vis,F_Exec,2,27,0.07407407407407407,4,12,0.009867188280343492,0.009867188280343492,15,3 4,5.0
BothStartLoadPhase__LiftOff,pc3,100,Oz,Fp2,O_Vis,F_Exec,2,27,0.07407407407407407,4,12,0.009867188280343492,0.009867188280343492,15,3 4,5.0
BothStartLoadPhase__LiftOff,pc3,100,P3,P7,P_Space,P_Space,2,27,0.07407407407407407,4,12,0.009867188280343492,0.009867188280343492,15,3 4,5.0
BothStartLoadPhase__LiftOff,pc3,150,C4,FC6,F_Motor,F_Motor,2,27,0.07407407407407407,4,12,0.009867188280343492,0.009867188280343492,15,3 4,5.0
FirstDigitTouch__BothStartLoadPhase,pc1,0,PO10,Fz,O_Vis,F_Exec,2,27,0.07407407407407407,4,12,0.009867188280343492,0.009867188280343492,15,3 4,5.0
FirstDigitTouch__BothStartLoadPhase,pc1,50,P7,CP5,P_Space,P_Space,2,27,0.07407407407407407,4,12,0.009867188280343492,0.009867188280343492,15,3 4,5.0
FirstDigitTouch__BothStartLoadPhase,pc1,100,P8,CP6,P_Space,P_Space,2,27,0.07407407407407407,4,12,0.009867188280343492,0.009867188280343492,15,3 4,5.0
FirstDigitTouch__BothStartLoadPhase,pc1,100,PO10,F3,O_Vis,F_Motor,2,27,0.07407407407407407,4,12,0.009867188280343492,0.009867188280343492,15,3 4,5.0
FirstDigitTouch__BothStartLoadPhase,pc1,100,PO10,FC1,O_Vis,F_Motor,2,27,0.07407407407407407,4,12,0.009867188280343492,0.009867188280343492,15,3 4,5.0
FirstDigitTouch__BothStartLoadPhase,pc1,100,PO10,Fz,O_Vis,F_Exec,2,27,0.07407407407407407,4,12,0.009867188280343492,0.009867188280343492,15,3 4,5.0
FirstDigitTouch__BothStartLoadPhase,pc1,100,PO9,FC6,O_Vis,F_Motor,2,27,0.07407407407407407,4,12,0.009867188280343492,0.009867188280343492,15,3 4,5.0
FirstDigitTouch__BothStartLoadPhase,pc1,150,F4,FC2,F_Motor,F_Motor,2,27,0.07407407407407407,4,12,0.009867188280343492,0.009867188280343492,15,3 4,5.0
FirstDigitTouch__BothStartLoadPhase,pc1,150,PO10,CP5,O_Vis,P_Space,2,27,0.07407407407407407,4,12,0.009867188280343492,0.009867188280343492,15,3 4,5.0
FirstDigitTouch__BothStartLoadPhase,pc2,0,O2,O1,O_Vis,O_Vis,2,27,0.07407407407407407,4,12,0.009867188280343492,0.009867188280343492,15,3 4,5.0
FirstDigitTouch__BothStartLoadPhase,pc2,50,O1,P7,O_Vis,P_Space,2,27,0.07407407407407407,4,12,0.009867188280343492,0.009867188280343492,15,3 4,5.0
FirstDigitTouch__BothStartLoadPhase,pc2,50,O2,F4,O_Vis,F_Motor,2,27,0.07407407407407407,4,12,0.009867188280343492,0.009867188280343492,15,3 4,5.0
FirstDigitTouch__BothStartLoadPhase,pc2,100,Fp1,PO9,F_Exec,O_Vis,2,27,0.07407407407407407,4,12,0.009867188280343492,0.009867188280343492,15,3 4,5.0
FirstDigitTouch__BothStartLoadPhase,pc2,100,O1,FC6,O_Vis,F_Motor,2,27,0.07407407407407407,4,12,0.009867188280343492,0.009867188280343492,15,3 4,5.0
FirstDigitTouch__BothStartLoadPhase,pc2,100,O2,P4,O_Vis,P_Space,2,27,0.07407407407407407,4,12,0.009867188280343492,0.009867188280343492,15,3 4,5.0
FirstDigitTouch__BothStartLoadPhase,pc2,100,O2,P8,O_Vis,P_Space,2,27,0.07407407407407407,4,12,0.009867188280343492,0.009867188280343492,15,3 4,5.0
FirstDigitTouch__BothStartLoadPhase,pc2,150,Fp2,P7,F_Exec,P_Space,2,27,0.07407407407407407,4,12,0.009867188280343492,0.009867188280343492,15,3 4,5.0
FirstDigitTouch__BothStartLoadPhase,pc2,150,O2,F4,O_Vis,F_Motor,2,27,0.07407407407407407,4,12,0.009867188280343492,0.009867188280343492,15,3 4,5.0
FirstDigitTouch__BothStartLoadPhase,pc2,150,O2,FC5,O_Vis,F_Motor,2,27,0.07407407407407407,4,12,0.009867188280343492,0.009867188280343492,15,3 4,5.0
FirstDigitTouch__BothStartLoadPhase,pc2,200,Fp2,PO9,F_Exec,O_Vis,2,27,0.07407407407407407,4,12,0.009867188280343492,0.009867188280343492,15,3 4,5.0
FirstDigitTouch__BothStartLoadPhase,pc2,200,Oz,PO9,O_Vis,O_Vis,2,27,0.07407407407407407,4,12,0.009867188280343492,0.009867188280343492,15,3 4,5.0
FirstDigitTouch__BothStartLoadPhase,pc2,200,P8,CP6,P_Space,P_Space,2,27,0.07407407407407407,4,12,0.009867188280343492,0.009867188280343492,15,3 4,5.0
FirstDigitTouch__BothStartLoadPhase,pc3,50,CP6,C4,P_Space,F_Motor,2,27,0.07407407407407407,4,12,0.009867188280343492,0.009867188280343492,15,3 4,5.0
FirstDigitTouch__BothStartLoadPhase,pc3,50,F3,FC5,F_Motor,F_Motor,2,27,0.07407407407407407,4,12,0.009867188280343492,0.009867188280343492,15,3 4,5.0
FirstDigitTouch__BothStartLoadPhase,pc3,50,Oz,Cz,O_Vis,F_Motor,2,27,0.07407407407407407,4,12,0.009867188280343492,0.009867188280343492,15,3 4,5.0
FirstDigitTouch__BothStartLoadPhase,pc3,100,C4,FC6,F_Motor,F_Motor,2,27,0.07407407407407407,4,12,0.009867188280343492,0.009867188280343492,15,3 4,5.0
FirstDigitTouch__BothStartLoadPhase,pc3,100,FC5,F3,F_Motor,F_Motor,2,27,0.07407407407407407,4,12,0.009867188280343492,0.009867188280343492,15,3 4,5.0
FirstDigitTouch__BothStartLoadPhase,pc3,100,Fp1,PO10,F_Exec,O_Vis,2,27,0.07407407407407407,4,12,0.009867188280343492,0.009867188280343492,15,3 4,5.0
FirstDigitTouch__BothStartLoadPhase,pc3,100,O2,Fp1,O_Vis,F_Exec,2,27,0.07407407407407407,4,12,0.009867188280343492,0.009867188280343492,15,3 4,5.0
FirstDigitTouch__BothStartLoadPhase,pc3,100,Oz,F8,O_Vis,X_Other,2,27,0.07407407407407407,4,12,0.009867188280343492,0.009867188280343492,15,3 4,5.0
FirstDigitTouch__BothStartLoadPhase,pc3,150,FC5,Oz,F_Motor,O_Vis,2,27,0.07407407407407407,4,12,0.009867188280343492,0.009867188280343492,15,3 4,5.0
FirstDigitTouch__BothStartLoadPhase,pc3,150,FC6,F4,F_Motor,F_Motor,2,27,0.07407407407407407,4,12,0.009867188280343492,0.009867188280343492,15,3 4,5.0
FirstDigitTouch__BothStartLoadPhase,pc3,150,P3,P7,P_Space,P_Space,2,27,0.07407407407407407,4,12,0.009867188280343492,0.009867188280343492,15,3 4,5.0
FirstDigitTouch__BothStartLoadPhase,pc3,200,C4,FC6,F_Motor,F_Motor,2,27,0.07407407407407407,4,12,0.009867188280343492,0.009867188280343492,15,3 4,5.0
FirstDigitTouch__BothStartLoadPhase,pc3,200,Oz,FC5,O_Vis,F_Motor,2,27,0.07407407407407407,4,12,0.009867188280343492,0.009867188280343492,15,3 4,5.0
HandStart__FirstDigitTouch,pc1,0,PO10,FC5,O_Vis,F_Motor,2,27,0.07407407407407407,4,12,0.009867188280343492,0.009867188280343492,15,3 4,5.0
HandStart__FirstDigitTouch,pc1,0,PO9,C4,O_Vis,F_Motor,2,27,0.07407407407407407,4,12,0.009867188280343492,0.009867188280343492,15,3 4,5.0
HandStart__FirstDigitTouch,pc1,0,T8,CP2,T_Temp,P_Space,2,27,0.07407407407407407,4,12,0.009867188280343492,0.009867188280343492,15,3 4,5.0
HandStart__FirstDigitTouch,pc1,50,PO10,C3,O_Vis,F_Motor,2,27,0.07407407407407407,4,12,0.009867188280343492,0.009867188280343492,15,3 4,5.0
HandStart__FirstDigitTouch,pc1,50,PO9,FC1,O_Vis,F_Motor,2,27,0.07407407407407407,4,12,0.009867188280343492,0.009867188280343492,15,3 4,5.0
HandStart__FirstDigitTouch,pc1,100,P8,CP6,P_Space,P_Space,2,27,0.07407407407407407,4,12,0.009867188280343492,0.009867188280343492,15,3 4,5.0
HandStart__FirstDigitTouch,pc1,100,PO10,F3,O_Vis,F_Motor,2,27,0.07407407407407407,4,12,0.009867188280343492,0.009867188280343492,15,3 4,5.0
HandStart__FirstDigitTouch,pc1,100,PO10,TP9,O_Vis,T_Temp,2,27,0.07407407407407407,4,12,0.009867188280343492,0.009867188280343492,15,3 4,5.0
HandStart__FirstDigitTouch,pc1,100,PO9,FC2,O_Vis,F_Motor,2,27,0.07407407407407407,4,12,0.009867188280343492,0.009867188280343492,15,3 4,5.0
HandStart__FirstDigitTouch,pc1,100,PO9,Fz,O_Vis,F_Exec,2,27,0.07407407407407407,4,12,0.009867188280343492,0.009867188280343492,15,3 4,5.0
HandStart__FirstDigitTouch,pc1,150,PO9,FC2,O_Vis,F_Motor,2,27,0.07407407407407407,4,12,0.009867188280343492,0.009867188280343492,15,3 4,5.0
HandStart__FirstDigitTouch,pc1,150,PO9,FC6,O_Vis,F_Motor,2,27,0.07407407407407407,4,12,0.009867188280343492,0.009867188280343492,15,3 4,5.0
HandStart__FirstDigitTouch,pc1,200,P7,CP5,P_Space,P_Space,2,27,0.07407407407407407,4,12,0.009867188280343492,0.009867188280343492,15,3 4,5.0
HandStart__FirstDigitTouch,pc1,200,PO10,C3,O_Vis,F_Motor,2,27,0.07407407407407407,4,12,0.009867188280343492,0.009867188280343492,15,3 4,5.0
HandStart__FirstDigitTouch,pc1,200,PO10,FC5,O_Vis,F_Motor,2,27,0.07407407407407407,4,12,0.009867188280343492,0.009867188280343492,15,3 4,5.0
HandStart__FirstDigitTouch,pc1,200,PO9,C4,O_Vis,F_Motor,2,27,0.07407407407407407,4,12,0.009867188280343492,0.009867188280343492,15,3 4,5.0
HandStart__FirstDigitTouch,pc2,0,O1,O2,O_Vis,O_Vis,2,27,0.07407407407407407,4,12,0.009867188280343492,0.009867188280343492,15,3 4,5.0
HandStart__FirstDigitTouch,pc2,50,O2,F4,O_Vis,F_Motor,2,27,0.07407407407407407,4,12,0.009867188280343492,0.009867188280343492,15,3 4,5.0
HandStart__FirstDigitTouch,pc2,50,Oz,FC2,O_Vis,F_Motor,2,27,0.07407407407407407,4,12,0.009867188280343492,0.009867188280343492,15,3 4,5.0
HandStart__FirstDigitTouch,pc2,100,O2,P4,O_Vis,P_Space,2,27,0.07407407407407407,4,12,0.009867188280343492,0.009867188280343492,15,3 4,5.0
HandStart__FirstDigitTouch,pc2,100,O2,P8,O_Vis,P_Space,2,27,0.07407407407407407,4,12,0.009867188280343492,0.009867188280343492,15,3 4,5.0
HandStart__FirstDigitTouch,pc2,100,P7,CP5,P_Space,P_Space,2,27,0.07407407407407407,4,12,0.009867188280343492,0.009867188280343492,15,3 4,5.0
HandStart__FirstDigitTouch,pc2,150,O2,Fz,O_Vis,F_Exec,2,27,0.07407407407407407,4,12,0.009867188280343492,0.009867188280343492,15,3 4,5.0
HandStart__FirstDigitTouch,pc2,200,O1,FC6,O_Vis,F_Motor,2,27,0.07407407407407407,4,12,0.009867188280343492,0.009867188280343492,15,3 4,5.0
HandStart__FirstDigitTouch,pc2,200,O2,F3,O_Vis,F_Motor,2,27,0.07407407407407407,4,12,0.009867188280343492,0.009867188280343492,15,3 4,5.0
HandStart__FirstDigitTouch,pc2,200,Oz,Fz,O_Vis,F_Exec,2,27,0.07407407407407407,4,12,0.009867188280343492,0.009867188280343492,15,3 4,5.0
HandStart__FirstDigitTouch,pc3,0,C4,FC6,F_Motor,F_Motor,2,27,0.07407407407407407,4,12,0.009867188280343492,0.009867188280343492,15,3 4,5.0
HandStart__FirstDigitTouch,pc3,50,CP6,C4,P_Space,F_Motor,2,27,0.07407407407407407,4,12,0.009867188280343492,0.009867188280343492,15,3 4,5.0
HandStart__FirstDigitTouch,pc3,50,F4,Fz,F_Motor,F_Exec,2,27,0.07407407407407407,4,12,0.009867188280343492,0.009867188280343492,15,3 4,5.0
HandStart__FirstDigitTouch,pc3,50,O1,C4,O_Vis,F_Motor,2,27,0.07407407407407407,4,12,0.009867188280343492,0.009867188280343492,15,3 4,5.0
HandStart__FirstDigitTouch,pc3,50,Oz,Cz,O_Vis,F_Motor,2,27,0.07407407407407407,4,12,0.009867188280343492,0.009867188280343492,15,3 4,5.0
HandStart__FirstDigitTouch,pc3,100,Oz,P4,O_Vis,P_Space,2,27,0.07407407407407407,4,12,0.009867188280343492,0.009867188280343492,15,3 4,5.0
HandStart__FirstDigitTouch,pc3,150,FC5,FC1,F_Motor,F_Motor,2,27,0.07407407407407407,4,12,0.009867188280343492,0.009867188280343492,15,3 4,5.0
HandStart__FirstDigitTouch,pc3,150,O1,C4,O_Vis,F_Motor,2,27,0.07407407407407407,4,12,0.009867188280343492,0.009867188280343492,15,3 4,5.0
LiftOff__Replace,pc1,0,T8,CP2,T_Temp,P_Space,2,27,0.07407407407407407,4,12,0.009867188280343492,0.009867188280343492,15,3 4,5.0
LiftOff__Replace,pc1,50,P7,CP5,P_Space,P_Space,2,27,0.07407407407407407,4,12,0.009867188280343492,0.009867188280343492,15,3 4,5.0
LiftOff__Replace,pc1,50,PO10,C3,O_Vis,F_Motor,2,27,0.07407407407407407,4,12,0.009867188280343492,0.009867188280343492,15,3 4,5.0
LiftOff__Replace,pc1,100,PO10,C3,O_Vis,F_Motor,2,27,0.07407407407407407,4,12,0.009867188280343492,0.009867188280343492,15,3 4,5.0
LiftOff__Replace,pc1,100,PO10,F3,O_Vis,F_Motor,2,27,0.07407407407407407,4,12,0.009867188280343492,0.009867188280343492,15,3 4,5.0
LiftOff__Replace,pc1,100,PO9,FC2,O_Vis,F_Motor,2,27,0.07407407407407407,4,12,0.009867188280343492,0.009867188280343492,15,3 4,5.0
LiftOff__Replace,pc1,150,F4,FC2,F_Motor,F_Motor,2,27,0.07407407407407407,4,12,0.009867188280343492,0.009867188280343492,15,3 4,5.0
LiftOff__Replace,pc1,150,O1,PO9,O_Vis,O_Vis,2,27,0.07407407407407407,4,12,0.009867188280343492,0.009867188280343492,15,3 4,5.0
LiftOff__Replace,pc1,150,PO10,C3,O_Vis,F_Motor,2,27,0.07407407407407407,4,12,0.009867188280343492,0.009867188280343492,15,3 4,5.0
LiftOff__Replace,pc1,150,PO9,FC6,O_Vis,F_Motor,2,27,0.07407407407407407,4,12,0.009867188280343492,0.009867188280343492,15,3 4,5.0
LiftOff__Replace,pc1,200,PO10,F4,O_Vis,F_Motor,2,27,0.07407407407407407,4,12,0.009867188280343492,0.009867188280343492,15,3 4,5.0
LiftOff__Replace,pc1,200,PO10,FC5,O_Vis,F_Motor,2,27,0.07407407407407407,4,12,0.009867188280343492,0.009867188280343492,15,3 4,5.0
LiftOff__Replace,pc1,200,PO9,FC6,O_Vis,F_Motor,2,27,0.07407407407407407,4,12,0.009867188280343492,0.009867188280343492,15,3 4,5.0
LiftOff__Replace,pc2,0,P7,TP9,P_Space,T_Temp,2,27,0.07407407407407407,4,12,0.009867188280343492,0.009867188280343492,15,3 4,5.0
LiftOff__Replace,pc2,0,PO9,O1,O_Vis,O_Vis,2,27,0.07407407407407407,4,12,0.009867188280343492,0.009867188280343492,15,3 4,5.0
LiftOff__Replace,pc2,50,Oz,FC2,O_Vis,F_Motor,2,27,0.07407407407407407,4,12,0.009867188280343492,0.009867188280343492,15,3 4,5.0
LiftOff__Replace,pc2,50,P7,CP5,P_Space,P_Space,2,27,0.07407407407407407,4,12,0.009867188280343492,0.009867188280343492,15,3 4,5.0
LiftOff__Replace,pc2,50,P7,PO9,P_Space,O_Vis,2,27,0.07407407407407407,4,12,0.009867188280343492,0.009867188280343492,15,3 4,5.0
LiftOff__Replace,pc2,100,O2,P4,O_Vis,P_Space,2,27,0.07407407407407407,4,12,0.009867188280343492,0.009867188280343492,15,3 4,5.0
LiftOff__Replace,pc2,100,P8,P4,P_Space,P_Space,2,27,0.07407407407407407,4,12,0.009867188280343492,0.009867188280343492,15,3 4,5.0
LiftOff__Replace,pc2,150,O2,F4,O_Vis,F_Motor,2,27,0.07407407407407407,4,12,0.009867188280343492,0.009867188280343492,15,3 4,5.0
LiftOff__Replace,pc2,150,P7,PO9,P_Space,O_Vis,2,27,0.07407407407407407,4,12,0.009867188280343492,0.009867188280343492,15,3 4,5.0
LiftOff__Replace,pc2,200,O1,P3,O_Vis,P_Space,2,27,0.07407407407407407,4,12,0.009867188280343492,0.009867188280343492,15,3 4,5.0
LiftOff__Replace,pc2,200,P7,P3,P_Space,P_Space,2,27,0.07407407407407407,4,12,0.009867188280343492,0.009867188280343492,15,3 4,5.0
LiftOff__Replace,pc3,0,Oz,FC6,O_Vis,F_Motor,2,27,0.07407407407407407,4,12,0.009867188280343492,0.009867188280343492,15,3 4,5.0
LiftOff__Replace,pc3,50,F4,Fz,F_Motor,F_Exec,2,27,0.07407407407407407,4,12,0.009867188280343492,0.009867188280343492,15,3 4,5.0
LiftOff__Replace,pc3,50,O1,PO10,O_Vis,O_Vis,2,27,0.07407407407407407,4,12,0.009867188280343492,0.009867188280343492,15,3 4,5.0
LiftOff__Replace,pc3,100,F3,FC5,F_Motor,F_Motor,2,27,0.07407407407407407,4,12,0.009867188280343492,0.009867188280343492,15,3 4,5.0
LiftOff__Replace,pc3,100,Fp2,O1,F_Exec,O_Vis,2,27,0.07407407407407407,4,12,0.009867188280343492,0.009867188280343492,15,3 4,5.0
LiftOff__Replace,pc3,100,O2,C3,O_Vis,F_Motor,2,27,0.07407407407407407,4,12,0.009867188280343492,0.009867188280343492,15,3 4,5.0
LiftOff__Replace,pc3,150,C4,CP2,F_Motor,P_Space,2,27,0.07407407407407407,4,12,0.009867188280343492,0.009867188280343492,15,3 4,5.0
LiftOff__Replace,pc3,200,C4,FC6,F_Motor,F_Motor,2,27,0.07407407407407407,4,12,0.009867188280343492,0.009867188280343492,15,3 4,5.0
LiftOff__Replace,pc3,200,FC5,F3,F_Motor,F_Motor,2,27,0.07407407407407407,4,12,0.009867188280343492,0.009867188280343492,15,3 4,5.0
LiftOff__Replace,pc3,200,Fp2,Oz,F_Exec,O_Vis,2,27,0.07407407407407407,4,12,0.009867188280343492,0.009867188280343492,15,3 4,5.0
LiftOff__Replace,pc3,200,PO10,P8,O_Vis,P_Space,2,27,0.07407407407407407,4,12,0.009867188280343492,0.009867188280343492,15,3 4,5.0
Replace__BothReleased,pc1,0,PO10,C3,O_Vis,F_Motor,2,27,0.07407407407407407,4,12,0.009867188280343492,0.009867188280343492,15,3 4,5.0
Replace__BothReleased,pc1,0,PO10,FC1,O_Vis,F_Motor,2,27,0.07407407407407407,4,12,0.009867188280343492,0.009867188280343492,15,3 4,5.0
Replace__BothReleased,pc1,100,Fp1,F7,F_Exec,X_Other,2,27,0.07407407407407407,4,12,0.009867188280343492,0.009867188280343492,15,3 4,5.0
Replace__BothReleased,pc1,100,Fp2,T7,F_Exec,T_Temp,2,27,0.07407407407407407,4,12,0.009867188280343492,0.009867188280343492,15,3 4,5.0
Replace__BothReleased,pc1,100,O2,Fp2,O_Vis,F_Exec,2,27,0.07407407407407407,4,12,0.009867188280343492,0.009867188280343492,15,3 4,5.0
Replace__BothReleased,pc1,100,P7,CP5,P_Space,P_Space,2,27,0.07407407407407407,4,12,0.009867188280343492,0.009867188280343492,15,3 4,5.0
Replace__BothReleased,pc1,150,Fp1,F3,F_Exec,F_Motor,2,27,0.07407407407407407,4,12,0.009867188280343492,0.009867188280343492,15,3 4,5.0
Replace__BothReleased,pc1,150,O2,Fp2,O_Vis,F_Exec,2,27,0.07407407407407407,4,12,0.009867188280343492,0.009867188280343492,15,3 4,5.0
Replace__BothReleased,pc1,200,PO9,FC6,O_Vis,F_Motor,2,27,0.07407407407407407,4,12,0.009867188280343492,0.009867188280343492,15,3 4,5.0
Replace__BothReleased,pc2,0,PO9,TP9,O_Vis,T_Temp,2,27,0.07407407407407407,4,12,0.009867188280343492,0.009867188280343492,15,3 4,5.0
Replace__BothReleased,pc2,50,O2,O1,O_Vis,O_Vis,2,27,0.07407407407407407,4,12,0.009867188280343492,0.009867188280343492,15,3 4,5.0
Replace__BothReleased,pc2,100,O1,F8,O_Vis,X_Other,2,27,0.07407407407407407,4,12,0.009867188280343492,0.009867188280343492,15,3 4,5.0
Replace__BothReleased,pc2,100,O1,O2,O_Vis,O_Vis,2,27,0.07407407407407407,4,12,0.009867188280343492,0.009867188280343492,15,3 4,5.0
Replace__BothReleased,pc2,100,Oz,PO9,O_Vis,O_Vis,2,27,0.07407407407407407,4,12,0.009867188280343492,0.009867188280343492,15,3 4,5.0
Replace__BothReleased,pc2,150,O1,P3,O_Vis,P_Space,2,27,0.07407407407407407,4,12,0.009867188280343492,0.009867188280343492,15,3 4,5.0
Replace__BothReleased,pc2,150,O2,O1,O_Vis,O_Vis,2,27,0.07407407407407407,4,12,0.009867188280343492,0.009867188280343492,15,3 4,5.0
Replace__BothReleased,pc2,150,Oz,Fz,O_Vis,F_Exec,2,27,0.07407407407407407,4,12,0.009867188280343492,0.009867188280343492,15,3 4,5.0
Replace__BothReleased,pc2,200,O1,F4,O_Vis,F_Motor,2,27,0.07407407407407407,4,12,0.009867188280343492,0.009867188280343492,15,3 4,5.0
Replace__BothReleased,pc2,200,Oz,F4,O_Vis,F_Motor,2,27,0.07407407407407407,4,12,0.009867188280343492,0.009867188280343492,15,3 4,5.0
Replace__BothReleased,pc3,0,C4,CP6,F_Motor,P_Space,2,27,0.07407407407407407,4,12,0.009867188280343492,0.009867188280343492,15,3 4,5.0
Replace__BothReleased,pc3,0,Oz,Fp2,O_Vis,F_Exec,2,27,0.07407407407407407,4,12,0.009867188280343492,0.009867188280343492,15,3 4,5.0
Replace__BothReleased,pc3,0,P3,CP5,P_Space,P_Space,2,27,0.07407407407407407,4,12,0.009867188280343492,0.009867188280343492,15,3 4,5.0
Replace__BothReleased,pc3,50,P3,P7,P_Space,P_Space,2,27,0.07407407407407407,4,12,0.009867188280343492,0.009867188280343492,15,3 4,5.0
Replace__BothReleased,pc3,100,Fp2,O2,F_Exec,O_Vis,2,27,0.07407407407407407,4,12,0.009867188280343492,0.009867188280343492,15,3 4,5.0
Replace__BothReleased,pc3,200,CP6,C4,P_Space,F_Motor,2,27,0.07407407407407407,4,12,0.009867188280343492,0.009867188280343492,15,3 4,5.0
BothStartLoadPhase__LiftOff,pc1,0,T8,CP6,T_Temp,P_Space,1,27,0.037037037037037035,3,12,0.01999016322955004,0.01999016322955004,10,3,5.0
BothStartLoadPhase__LiftOff,pc1,100,PO10,T7,O_Vis,T_Temp,1,27,0.037037037037037035,3,12,0.01999016322955004,0.01999016322955004,10,3,5.0
BothStartLoadPhase__LiftOff,pc1,150,PO10,FC5,O_Vis,F_Motor,1,27,0.037037037037037035,3,12,0.01999016322955004,0.01999016322955004,10,3,5.0
BothStartLoadPhase__LiftOff,pc2,0,O1,F8,O_Vis,X_Other,1,27,0.037037037037037035,3,12,0.01999016322955004,0.01999016322955004,10,3,5.0
BothStartLoadPhase__LiftOff,pc2,100,O1,F8,O_Vis,X_Other,1,27,0.037037037037037035,3,12,0.01999016322955004,0.01999016322955004,10,3,5.0
BothStartLoadPhase__LiftOff,pc2,200,P8,CP6,P_Space,P_Space,1,27,0.037037037037037035,3,12,0.01999016322955004,0.01999016322955004,10,3,5.0
BothStartLoadPhase__LiftOff,pc3,0,T8,CP6,T_Temp,P_Space,1,27,0.037037037037037035,3,12,0.01999016322955004,0.01999016322955004,10,3,5.0
BothStartLoadPhase__LiftOff,pc3,50,CP6,P8,P_Space,P_Space,1,27,0.037037037037037035,3,12,0.01999016322955004,0.01999016322955004,10,3,5.0
BothStartLoadPhase__LiftOff,pc3,50,Fz,PO10,F_Exec,O_Vis,1,27,0.037037037037037035,3,12,0.01999016322955004,0.01999016322955004,10,3,5.0
BothStartLoadPhase__LiftOff,pc3,100,Fp2,FC5,F_Exec,F_Motor,1,27,0.037037037037037035,3,12,0.01999016322955004,0.01999016322955004,10,3,5.0
BothStartLoadPhase__LiftOff,pc3,200,Fp2,F7,F_Exec,X_Other,1,27,0.037037037037037035,3,12,0.01999016322955004,0.01999016322955004,10,3,5.0
BothStartLoadPhase__LiftOff,pc3,200,Fp2,Oz,F_Exec,O_Vis,1,27,0.037037037037037035,3,12,0.01999016322955004,0.01999016322955004,10,3,5.0
FirstDigitTouch__BothStartLoadPhase,pc1,0,T8,CP6,T_Temp,P_Space,1,27,0.037037037037037035,3,12,0.01999016322955004,0.01999016322955004,10,3,5.0
FirstDigitTouch__BothStartLoadPhase,pc1,100,PO10,T7,O_Vis,T_Temp,1,27,0.037037037037037035,3,12,0.01999016322955004,0.01999016322955004,10,3,5.0
FirstDigitTouch__BothStartLoadPhase,pc1,200,Fp2,Fp1,F_Exec,F_Exec,1,27,0.037037037037037035,3,12,0.01999016322955004,0.01999016322955004,10,3,5.0
FirstDigitTouch__BothStartLoadPhase,pc1,200,PO10,T7,O_Vis,T_Temp,1,27,0.037037037037037035,3,12,0.01999016322955004,0.01999016322955004,10,3,5.0
FirstDigitTouch__BothStartLoadPhase,pc2,0,P7,P3,P_Space,P_Space,1,27,0.037037037037037035,3,12,0.01999016322955004,0.01999016322955004,10,3,5.0
FirstDigitTouch__BothStartLoadPhase,pc2,50,Fp2,PO10,F_Exec,O_Vis,1,27,0.037037037037037035,3,12,0.01999016322955004,0.01999016322955004,10,3,5.0
FirstDigitTouch__BothStartLoadPhase,pc2,50,P7,PO9,P_Space,O_Vis,1,27,0.037037037037037035,3,12,0.01999016322955004,0.01999016322955004,10,3,5.0
FirstDigitTouch__BothStartLoadPhase,pc2,100,Fp2,Fp1,F_Exec,F_Exec,1,27,0.037037037037037035,3,12,0.01999016322955004,0.01999016322955004,10,3,5.0
FirstDigitTouch__BothStartLoadPhase,pc2,100,Fp2,P7,F_Exec,P_Space,1,27,0.037037037037037035,3,12,0.01999016322955004,0.01999016322955004,10,3,5.0
FirstDigitTouch__BothStartLoadPhase,pc2,100,Fp2,PO9,F_Exec,O_Vis,1,27,0.037037037037037035,3,12,0.01999016322955004,0.01999016322955004,10,3,5.0
FirstDigitTouch__BothStartLoadPhase,pc2,100,Fp2,TP10,F_Exec,T_Temp,1,27,0.037037037037037035,3,12,0.01999016322955004,0.01999016322955004,10,3,5.0
FirstDigitTouch__BothStartLoadPhase,pc2,150,Fp2,PO10,F_Exec,O_Vis,1,27,0.037037037037037035,3,12,0.01999016322955004,0.01999016322955004,10,3,5.0
FirstDigitTouch__BothStartLoadPhase,pc2,150,Fp2,PO9,F_Exec,O_Vis,1,27,0.037037037037037035,3,12,0.01999016322955004,0.01999016322955004,10,3,5.0
FirstDigitTouch__BothStartLoadPhase,pc2,200,Fp2,PO10,F_Exec,O_Vis,1,27,0.037037037037037035,3,12,0.01999016322955004,0.01999016322955004,10,3,5.0
FirstDigitTouch__BothStartLoadPhase,pc2,200,O2,FC5,O_Vis,F_Motor,1,27,0.037037037037037035,3,12,0.01999016322955004,0.01999016322955004,10,3,5.0
FirstDigitTouch__BothStartLoadPhase,pc3,0,T8,CP6,T_Temp,P_Space,1,27,0.037037037037037035,3,12,0.01999016322955004,0.01999016322955004,10,3,5.0
FirstDigitTouch__BothStartLoadPhase,pc3,50,O1,C4,O_Vis,F_Motor,1,27,0.037037037037037035,3,12,0.01999016322955004,0.01999016322955004,10,3,5.0
FirstDigitTouch__BothStartLoadPhase,pc3,50,P7,O1,P_Space,O_Vis,1,27,0.037037037037037035,3,12,0.01999016322955004,0.01999016322955004,10,3,5.0
FirstDigitTouch__BothStartLoadPhase,pc3,100,CP6,CP2,P_Space,P_Space,1,27,0.037037037037037035,3,12,0.01999016322955004,0.01999016322955004,10,3,5.0
FirstDigitTouch__BothStartLoadPhase,pc3,100,Fp1,F7,F_Exec,X_Other,1,27,0.037037037037037035,3,12,0.01999016322955004,0.01999016322955004,10,3,5.0
FirstDigitTouch__BothStartLoadPhase,pc3,100,Fp2,F7,F_Exec,X_Other,1,27,0.037037037037037035,3,12,0.01999016322955004,0.01999016322955004,10,3,5.0
FirstDigitTouch__BothStartLoadPhase,pc3,100,Fp2,FC5,F_Exec,F_Motor,1,27,0.037037037037037035,3,12,0.01999016322955004,0.01999016322955004,10,3,5.0
FirstDigitTouch__BothStartLoadPhase,pc3,100,Fp2,PO9,F_Exec,O_Vis,1,27,0.037037037037037035,3,12,0.01999016322955004,0.01999016322955004,10,3,5.0
FirstDigitTouch__BothStartLoadPhase,pc3,100,O2,C3,O_Vis,F_Motor,1,27,0.037037037037037035,3,12,0.01999016322955004,0.01999016322955004,10,3,5.0
FirstDigitTouch__BothStartLoadPhase,pc3,100,P3,P7,P_Space,P_Space,1,27,0.037037037037037035,3,12,0.01999016322955004,0.01999016322955004,10,3,5.0
FirstDigitTouch__BothStartLoadPhase,pc3,150,C4,FC2,F_Motor,F_Motor,1,27,0.037037037037037035,3,12,0.01999016322955004,0.01999016322955004,10,3,5.0
FirstDigitTouch__BothStartLoadPhase,pc3,150,FC5,O2,F_Motor,O_Vis,1,27,0.037037037037037035,3,12,0.01999016322955004,0.01999016322955004,10,3,5.0
FirstDigitTouch__BothStartLoadPhase,pc3,150,Fp2,F7,F_Exec,X_Other,1,27,0.037037037037037035,3,12,0.01999016322955004,0.01999016322955004,10,3,5.0
FirstDigitTouch__BothStartLoadPhase,pc3,150,Fp2,PO9,F_Exec,O_Vis,1,27,0.037037037037037035,3,12,0.01999016322955004,0.01999016322955004,10,3,5.0
FirstDigitTouch__BothStartLoadPhase,pc3,200,Fp2,Oz,F_Exec,O_Vis,1,27,0.037037037037037035,3,12,0.01999016322955004,0.01999016322955004,10,3,5.0
FirstDigitTouch__BothStartLoadPhase,pc3,200,Fp2,PO9,F_Exec,O_Vis,1,27,0.037037037037037035,3,12,0.01999016322955004,0.01999016322955004,10,3,5.0
FirstDigitTouch__BothStartLoadPhase,pc3,200,O1,FC1,O_Vis,F_Motor,1,27,0.037037037037037035,3,12,0.01999016322955004,0.01999016322955004,10,3,5.0
FirstDigitTouch__BothStartLoadPhase,pc3,200,Oz,Fp2,O_Vis,F_Exec,1,27,0.037037037037037035,3,12,0.01999016322955004,0.01999016322955004,10,3,5.0
HandStart__FirstDigitTouch,pc1,0,T8,CP6,T_Temp,P_Space,1,27,0.037037037037037035,3,12,0.01999016322955004,0.01999016322955004,10,3,5.0
HandStart__FirstDigitTouch,pc2,0,FC5,F3,F_Motor,F_Motor,1,27,0.037037037037037035,3,12,0.01999016322955004,0.01999016322955004,10,3,5.0
HandStart__FirstDigitTouch,pc2,0,P7,PO9,P_Space,O_Vis,1,27,0.037037037037037035,3,12,0.01999016322955004,0.01999016322955004,10,3,5.0
HandStart__FirstDigitTouch,pc3,0,T8,CP6,T_Temp,P_Space,1,27,0.037037037037037035,3,12,0.01999016322955004,0.01999016322955004,10,3,5.0
HandStart__FirstDigitTouch,pc3,50,Fp1,PO10,F_Exec,O_Vis,1,27,0.037037037037037035,3,12,0.01999016322955004,0.01999016322955004,10,3,5.0
HandStart__FirstDigitTouch,pc3,50,Fp1,TP10,F_Exec,T_Temp,1,27,0.037037037037037035,3,12,0.01999016322955004,0.01999016322955004,10,3,5.0
HandStart__FirstDigitTouch,pc3,50,P8,O2,P_Space,O_Vis,1,27,0.037037037037037035,3,12,0.01999016322955004,0.01999016322955004,10,3,5.0
HandStart__FirstDigitTouch,pc3,100,O1,FC1,O_Vis,F_Motor,1,27,0.037037037037037035,3,12,0.01999016322955004,0.01999016322955004,10,3,5.0
HandStart__FirstDigitTouch,pc3,150,C4,FC2,F_Motor,F_Motor,1,27,0.037037037037037035,3,12,0.01999016322955004,0.01999016322955004,10,3,5.0
HandStart__FirstDigitTouch,pc3,150,F7,Fp2,X_Other,F_Exec,1,27,0.037037037037037035,3,12,0.01999016322955004,0.01999016322955004,10,3,5.0
HandStart__FirstDigitTouch,pc3,150,Fp1,TP10,F_Exec,T_Temp,1,27,0.037037037037037035,3,12,0.01999016322955004,0.01999016322955004,10,3,5.0
HandStart__FirstDigitTouch,pc3,150,O2,Fp2,O_Vis,F_Exec,1,27,0.037037037037037035,3,12,0.01999016322955004,0.01999016322955004,10,3,5.0
HandStart__FirstDigitTouch,pc3,200,Oz,Fp1,O_Vis,F_Exec,1,27,0.037037037037037035,3,12,0.01999016322955004,0.01999016322955004,10,3,5.0
LiftOff__Replace,pc1,0,F4,FC6,F_Motor,F_Motor,1,27,0.037037037037037035,3,12,0.01999016322955004,0.01999016322955004,10,3,5.0
LiftOff__Replace,pc1,0,FC5,C3,F_Motor,F_Motor,1,27,0.037037037037037035,3,12,0.01999016322955004,0.01999016322955004,10,3,5.0
LiftOff__Replace,pc1,0,O1,F8,O_Vis,X_Other,1,27,0.037037037037037035,3,12,0.01999016322955004,0.01999016322955004,10,3,5.0
LiftOff__Replace,pc1,0,PO10,P4,O_Vis,P_Space,1,27,0.037037037037037035,3,12,0.01999016322955004,0.01999016322955004,10,3,5.0
LiftOff__Replace,pc3,0,O2,PO10,O_Vis,O_Vis,1,27,0.037037037037037035,3,12,0.01999016322955004,0.01999016322955004,10,3,5.0
LiftOff__Replace,pc3,0,P8,P4,P_Space,P_Space,1,27,0.037037037037037035,3,12,0.01999016322955004,0.01999016322955004,10,3,5.0
Replace__BothReleased,pc1,0,F3,Fp1,F_Motor,F_Exec,1,27,0.037037037037037035,3,12,0.01999016322955004,0.01999016322955004,10,3,5.0
Replace__BothReleased,pc1,0,T8,CP6,T_Temp,P_Space,1,27,0.037037037037037035,3,12,0.01999016322955004,0.01999016322955004,10,3,5.0
Replace__BothReleased,pc1,100,Fp2,F3,F_Exec,F_Motor,1,27,0.037037037037037035,3,12,0.01999016322955004,0.01999016322955004,10,3,5.0
Replace__BothReleased,pc1,200,F8,Fp2,X_Other,F_Exec,1,27,0.037037037037037035,3,12,0.01999016322955004,0.01999016322955004,10,3,5.0
Replace__BothReleased,pc1,200,Fp2,F7,F_Exec,X_Other,1,27,0.037037037037037035,3,12,0.01999016322955004,0.01999016322955004,10,3,5.0
Replace__BothReleased,pc1,200,PO9,FC2,O_Vis,F_Motor,1,27,0.037037037037037035,3,12,0.01999016322955004,0.01999016322955004,10,3,5.0
Replace__BothReleased,pc2,50,Oz,F3,O_Vis,F_Motor,1,27,0.037037037037037035,3,12,0.01999016322955004,0.01999016322955004,10,3,5.0
Replace__BothReleased,pc2,150,P7,PO9,P_Space,O_Vis,1,27,0.037037037037037035,3,12,0.01999016322955004,0.01999016322955004,10,3,5.0
Replace__BothReleased,pc2,200,O1,Fz,O_Vis,F_Exec,1,27,0.037037037037037035,3,12,0.01999016322955004,0.01999016322955004,10,3,5.0
Replace__BothReleased,pc3,50,Fp1,P8,F_Exec,P_Space,1,27,0.037037037037037035,3,12,0.01999016322955004,0.01999016322955004,10,3,5.0
Replace__BothReleased,pc3,100,Fp1,CP5,F_Exec,P_Space,1,27,0.037037037037037035,3,12,0.01999016322955004,0.01999016322955004,10,3,5.0
Replace__BothReleased,pc3,100,Fp1,FC6,F_Exec,F_Motor,1,27,0.037037037037037035,3,12,0.01999016322955004,0.01999016322955004,10,3,5.0
Replace__BothReleased,pc3,100,P8,O2,P_Space,O_Vis,1,27,0.037037037037037035,3,12,0.01999016322955004,0.01999016322955004,10,3,5.0
Replace__BothReleased,pc3,100,P8,P4,P_Space,P_Space,1,27,0.037037037037037035,3,12,0.01999016322955004,0.01999016322955004,10,3,5.0
Replace__BothReleased,pc3,150,F4,Fp2,F_Motor,F_Exec,1,27,0.037037037037037035,3,12,0.01999016322955004,0.01999016322955004,10,3,5.0
Replace__BothReleased,pc3,150,Fp1,CP5,F_Exec,P_Space,1,27,0.037037037037037035,3,12,0.01999016322955004,0.01999016322955004,10,3,5.0
