subject,split,classifier,channel_set,preprocess,baseline_context,smooth_proba_ms,val_keep_all_positive,edge_selection,mode,m,max_edges,alpha,fusion_weight,fusion_grid,label_shift_ms,stride,mfg_feature_mode,baseline_auc,mfg_auc,combined_auc,fusion_auc,baseline_ap,mfg_ap,combined_ap,fusion_ap,best_assisted_feature_set,best_assisted_auc,best_assisted_minus_baseline,result_dir
2,1-2-3-4-5-6-7|8,sgd_logistic,all32,bandpass_0_5_48,causal,0.0,True,event_union,corr,2,8,0.2,0.1,0.1,0.0,100,expanded,0.8814036825176391,0.7729823268518389,0.8920504617071447,0.8835107201446535,0.6290543585179736,0.3981346614721713,0.650504477080046,0.6310140294726541,combined,0.8920504617071447,0.010646779189505629,out\classification_subject_epochs3\runs\subj02_split02\alpha_0p2_fusion_0p1
2,1-2-3-4-5-6-7|8,sgd_logistic,all32,bandpass_0_5_48,causal,0.0,True,event_union,corr,2,8,0.2,0.15,0.15,0.0,100,expanded,0.8814036825176391,0.7729823268518389,0.8920504617071447,0.8842574170443115,0.6290543585179736,0.3981346614721713,0.650504477080046,0.6307327709215994,combined,0.8920504617071447,0.010646779189505629,out\classification_subject_epochs3\runs\subj02_split02\alpha_0p2_fusion_0p15
2,1-2-3-4-5-6-7|8,sgd_logistic,all32,bandpass_0_5_48,causal,0.0,True,event_union,corr,2,8,0.2,0.2,0.2,0.0,100,expanded,0.8814036825176391,0.7729823268518389,0.8920504617071447,0.884667861428961,0.6290543585179736,0.3981346614721713,0.650504477080046,0.6303207932074398,combined,0.8920504617071447,0.010646779189505629,out\classification_subject_epochs3\runs\subj02_split02\alpha_0p2_fusion_0p2
2,1-2-3-4-5-6-7|8,sgd_logistic,all32,bandpass_0_5_48,causal,0.0,True,event_union,corr,2,8,0.2,0.25,0.25,0.0,100,expanded,0.8814036825176391,0.7729823268518389,0.8920504617071447,0.8847428387499963,0.6290543585179736,0.3981346614721713,0.650504477080046,0.6287203875389781,combined,0.8920504617071447,0.010646779189505629,out\classification_subject_epochs3\runs\subj02_split02\alpha_0p2_fusion_0p25
2,1-2-3-4-5-6-7|8,sgd_logistic,all32,bandpass_0_5_48,causal,0.0,True,event_union,corr,2,8,0.1,0.1,0.1,0.0,100,expanded,0.8874698093238864,0.7778437950429854,0.897948429120223,0.8900160074359774,0.6486431889265046,0.40791657021076483,0.6619521717455171,0.650888063069518,combined,0.897948429120223,0.010478619796336575,out\classification_subject_epochs3\runs\subj02_split02\alpha_0p1_fusion_0p1
2,1-2-3-4-5-6-7|8,sgd_logistic,all32,bandpass_0_5_48,causal,0.0,True,event_union,corr,2,8,0.1,0.15,0.15,0.0,100,expanded,0.8874698093238864,0.7778437950429854,0.897948429120223,0.8909316234706561,0.6486431889265046,0.40791657021076483,0.6619521717455171,0.6490477100309725,combined,0.897948429120223,0.010478619796336575,out\classification_subject_epochs3\runs\subj02_split02\alpha_0p1_fusion_0p15
2,1-2-3-4-5-6-7|8,sgd_logistic,all32,bandpass_0_5_48,causal,0.0,True,event_union,corr,2,8,0.1,0.2,0.2,0.0,100,expanded,0.8874698093238864,0.7778437950429854,0.897948429120223,0.8917092383549988,0.6486431889265046,0.40791657021076483,0.6619521717455171,0.6470698414533698,combined,0.897948429120223,0.010478619796336575,out\classification_subject_epochs3\runs\subj02_split02\alpha_0p1_fusion_0p2
2,1-2-3-4-5-6-7|8,sgd_logistic,all32,bandpass_0_5_48,causal,0.0,True,event_union,corr,2,8,0.1,0.25,0.25,0.0,100,expanded,0.8874698093238864,0.7778437950429854,0.897948429120223,0.8921037519302977,0.6486431889265046,0.40791657021076483,0.6619521717455171,0.6446114456589288,combined,0.897948429120223,0.010478619796336575,out\classification_subject_epochs3\runs\subj02_split02\alpha_0p1_fusion_0p25
2,1-2-3-4-5-6-7|8,sgd_logistic,all32,bandpass_0_5_48,causal,0.0,True,event_union,corr,2,8,0.3,0.1,0.1,0.0,100,expanded,0.8772213957085011,0.7683083983447697,0.8873675516562703,0.8790468968296591,0.6167130827950389,0.39117752695557145,0.6381330994511417,0.6190009328314181,combined,0.8873675516562703,0.010146155947769242,out\classification_subject_epochs3\runs\subj02_split02\alpha_0p3_fusion_0p1
2,1-2-3-4-5-6-7|8,sgd_logistic,all32,bandpass_0_5_48,causal,0.0,True,event_union,corr,2,8,0.3,0.15,0.15,0.0,100,expanded,0.8772213957085011,0.7683083983447697,0.8873675516562703,0.8796068863083324,0.6167130827950389,0.39117752695557145,0.6381330994511417,0.6195829075574926,combined,0.8873675516562703,0.010146155947769242,out\classification_subject_epochs3\runs\subj02_split02\alpha_0p3_fusion_0p15
2,1-2-3-4-5-6-7|8,sgd_logistic,all32,bandpass_0_5_48,causal,0.0,True,event_union,corr,2,8,0.3,0.2,0.2,0.0,100,expanded,0.8772213957085011,0.7683083983447697,0.8873675516562703,0.8798161209428428,0.6167130827950389,0.39117752695557145,0.6381330994511417,0.6185928894648606,combined,0.8873675516562703,0.010146155947769242,out\classification_subject_epochs3\runs\subj02_split02\alpha_0p3_fusion_0p2
2,1-2-3-4-5-6-7|8,sgd_logistic,all32,bandpass_0_5_48,causal,0.0,True,event_union,corr,2,8,0.3,0.25,0.25,0.0,100,expanded,0.8772213957085011,0.7683083983447697,0.8873675516562703,0.87981713313654,0.6167130827950389,0.39117752695557145,0.6381330994511417,0.6172550951048156,combined,0.8873675516562703,0.010146155947769242,out\classification_subject_epochs3\runs\subj02_split02\alpha_0p3_fusion_0p25
1,1-2-3-4-5-6|7,sgd_logistic,all32,bandpass_0_5_48,causal,0.0,True,event_union,corr,2,8,0.2,0.25,0.25,0.0,100,expanded,0.8721024311798734,0.7649970361262013,0.8772794458724499,0.8819577751806924,0.6432184477753301,0.41873236558854243,0.6484211549845635,0.6695744318143592,fusion,0.8819577751806924,0.009855344000819,out\classification_subject_epochs3\runs\subj01_split01\alpha_0p2_fusion_0p25
1,1-2-3-4-5-6|7,sgd_logistic,all32,bandpass_0_5_48,causal,0.0,True,event_union,corr,2,8,0.1,0.25,0.25,0.0,100,expanded,0.8799000355764508,0.7619801392807659,0.8824232132463866,0.8895882826389024,0.6611662097194245,0.4156398013553993,0.6604369339512908,0.6856703181617343,fusion,0.8895882826389024,0.009688247062451638,out\classification_subject_epochs3\runs\subj01_split01\alpha_0p1_fusion_0p25
1,1-2-3-4-5-6|7,sgd_logistic,all32,bandpass_0_5_48,causal,0.0,True,event_union,corr,2,8,0.3,0.25,0.25,0.0,100,expanded,0.8661025673187752,0.765319139367226,0.8729516450555107,0.875708277911205,0.6308575980789772,0.41856357852643766,0.6397462091623285,0.6570199931318411,fusion,0.875708277911205,0.009605710592429761,out\classification_subject_epochs3\runs\subj01_split01\alpha_0p3_fusion_0p25
1,1-2-3-4-5-6|7,sgd_logistic,all32,bandpass_0_5_48,causal,0.0,True,event_union,corr,2,8,0.1,0.2,0.2,0.0,100,expanded,0.8799000355764508,0.7619801392807659,0.8824232132463866,0.8887432406658423,0.6611662097194245,0.4156398013553993,0.6604369339512908,0.6837856871261545,fusion,0.8887432406658423,0.008843205089391515,out\classification_subject_epochs3\runs\subj01_split01\alpha_0p1_fusion_0p2
1,1-2-3-4-5-6|7,sgd_logistic,all32,bandpass_0_5_48,causal,0.0,True,event_union,corr,2,8,0.2,0.2,0.2,0.0,100,expanded,0.8721024311798734,0.7649970361262013,0.8772794458724499,0.8807097016247992,0.6432184477753301,0.41873236558854243,0.6484211549845635,0.6669490024907979,fusion,0.8807097016247992,0.008607270444925819,out\classification_subject_epochs3\runs\subj01_split01\alpha_0p2_fusion_0p2
11,1-2-3-4-5-6|7,sgd_logistic,all32,bandpass_0_5_48,causal,0.0,True,event_union,corr,2,8,0.1,0.1,0.1,0.0,100,expanded,0.8067628762135656,0.686450891701576,0.8153487217560054,0.8100906645301297,0.49176502996416693,0.29704954310800175,0.5090233638690818,0.49723277465145754,combined,0.8153487217560054,0.008585845542439796,out\classification_subject_epochs3\runs\subj11_split01\alpha_0p1_fusion_0p1
11,1-2-3-4-5-6|7,sgd_logistic,all32,bandpass_0_5_48,causal,0.0,True,event_union,corr,2,8,0.1,0.15,0.15,0.0,100,expanded,0.8067628762135656,0.686450891701576,0.8153487217560054,0.8113868556528355,0.49176502996416693,0.29704954310800175,0.5090233638690818,0.49869134564293405,combined,0.8153487217560054,0.008585845542439796,out\classification_subject_epochs3\runs\subj11_split01\alpha_0p1_fusion_0p15
11,1-2-3-4-5-6|7,sgd_logistic,all32,bandpass_0_5_48,causal,0.0,True,event_union,corr,2,8,0.1,0.2,0.2,0.0,100,expanded,0.8067628762135656,0.686450891701576,0.8153487217560054,0.8122189174073852,0.49176502996416693,0.29704954310800175,0.5090233638690818,0.4985774724482542,combined,0.8153487217560054,0.008585845542439796,out\classification_subject_epochs3\runs\subj11_split01\alpha_0p1_fusion_0p2
11,1-2-3-4-5-6|7,sgd_logistic,all32,bandpass_0_5_48,causal,0.0,True,event_union,corr,2,8,0.1,0.25,0.25,0.0,100,expanded,0.8067628762135656,0.686450891701576,0.8153487217560054,0.8126574766707741,0.49176502996416693,0.29704954310800175,0.5090233638690818,0.4985664747875262,combined,0.8153487217560054,0.008585845542439796,out\classification_subject_epochs3\runs\subj11_split01\alpha_0p1_fusion_0p25
1,1-2-3-4-5-6|7,sgd_logistic,all32,bandpass_0_5_48,causal,0.0,True,event_union,corr,2,8,0.3,0.2,0.2,0.0,100,expanded,0.8661025673187752,0.765319139367226,0.8729516450555107,0.8742696684928202,0.6308575980789772,0.41856357852643766,0.6397462091623285,0.6545799363466481,fusion,0.8742696684928202,0.008167101174044955,out\classification_subject_epochs3\runs\subj01_split01\alpha_0p3_fusion_0p2
11,1-2-3-4-5-6|7,sgd_logistic,all32,bandpass_0_5_48,causal,0.0,True,event_union,corr,2,8,0.3,0.1,0.1,0.0,100,expanded,0.7994096596841583,0.6846242039417595,0.8068648568171425,0.8014982089094097,0.4792109505266144,0.29143480392035975,0.4941921314048317,0.4815419941927012,combined,0.8068648568171425,0.007455197132984148,out\classification_subject_epochs3\runs\subj11_split01\alpha_0p3_fusion_0p1
11,1-2-3-4-5-6|7,sgd_logistic,all32,bandpass_0_5_48,causal,0.0,True,event_union,corr,2,8,0.3,0.15,0.15,0.0,100,expanded,0.7994096596841583,0.6846242039417595,0.8068648568171425,0.8022648227797143,0.4792109505266144,0.29143480392035975,0.4941921314048317,0.48213699050497255,combined,0.8068648568171425,0.007455197132984148,out\classification_subject_epochs3\runs\subj11_split01\alpha_0p3_fusion_0p15
11,1-2-3-4-5-6|7,sgd_logistic,all32,bandpass_0_5_48,causal,0.0,True,event_union,corr,2,8,0.3,0.2,0.2,0.0,100,expanded,0.7994096596841583,0.6846242039417595,0.8068648568171425,0.8026540264046215,0.4792109505266144,0.29143480392035975,0.4941921314048317,0.4819402007461637,combined,0.8068648568171425,0.007455197132984148,out\classification_subject_epochs3\runs\subj11_split01\alpha_0p3_fusion_0p2
11,1-2-3-4-5-6|7,sgd_logistic,all32,bandpass_0_5_48,causal,0.0,True,event_union,corr,2,8,0.3,0.25,0.25,0.0,100,expanded,0.7994096596841583,0.6846242039417595,0.8068648568171425,0.802867904746002,0.4792109505266144,0.29143480392035975,0.4941921314048317,0.48136843012959085,combined,0.8068648568171425,0.007455197132984148,out\classification_subject_epochs3\runs\subj11_split01\alpha_0p3_fusion_0p25
1,1-2-3-4-5-6|7,sgd_logistic,all32,bandpass_0_5_48,causal,0.0,True,event_union,corr,2,8,0.1,0.15,0.15,0.0,100,expanded,0.8799000355764508,0.7619801392807659,0.8824232132463866,0.887323700204988,0.6611662097194245,0.4156398013553993,0.6604369339512908,0.6802932147619342,fusion,0.887323700204988,0.007423664628537163,out\classification_subject_epochs3\runs\subj01_split01\alpha_0p1_fusion_0p15
11,1-2-3-4-5-6|7,sgd_logistic,all32,bandpass_0_5_48,causal,0.0,True,event_union,corr,2,8,0.2,0.1,0.1,0.0,100,expanded,0.803194091829221,0.6863262343445374,0.8105129672034974,0.8057839200766693,0.4877984961368806,0.2945989272123613,0.502286704770408,0.49150613538918037,combined,0.8105129672034974,0.007318875374276446,out\classification_subject_epochs3\runs\subj11_split01\alpha_0p2_fusion_0p1
11,1-2-3-4-5-6|7,sgd_logistic,all32,bandpass_0_5_48,causal,0.0,True,event_union,corr,2,8,0.2,0.15,0.15,0.0,100,expanded,0.803194091829221,0.6863262343445374,0.8105129672034974,0.8067836334383122,0.4877984961368806,0.2945989272123613,0.502286704770408,0.4914478310339249,combined,0.8105129672034974,0.007318875374276446,out\classification_subject_epochs3\runs\subj11_split01\alpha_0p2_fusion_0p15
11,1-2-3-4-5-6|7,sgd_logistic,all32,bandpass_0_5_48,causal,0.0,True,event_union,corr,2,8,0.2,0.2,0.2,0.0,100,expanded,0.803194091829221,0.6863262343445374,0.8105129672034974,0.8072991182429504,0.4877984961368806,0.2945989272123613,0.502286704770408,0.49149089747202884,combined,0.8105129672034974,0.007318875374276446,out\classification_subject_epochs3\runs\subj11_split01\alpha_0p2_fusion_0p2
11,1-2-3-4-5-6|7,sgd_logistic,all32,bandpass_0_5_48,causal,0.0,True,event_union,corr,2,8,0.2,0.25,0.25,0.0,100,expanded,0.803194091829221,0.6863262343445374,0.8105129672034974,0.8075290701070381,0.4877984961368806,0.2945989272123613,0.502286704770408,0.4905518977188905,combined,0.8105129672034974,0.007318875374276446,out\classification_subject_epochs3\runs\subj11_split01\alpha_0p2_fusion_0p25
6,1-2-3-4-5-6-7|8,sgd_logistic,all32,bandpass_0_5_48,causal,0.0,True,event_union,corr,2,8,0.1,0.1,0.1,0.0,100,expanded,0.8592275121704448,0.7007424006324837,0.8662105434408175,0.8600360788621765,0.5833758822502345,0.3110998754888346,0.5910518767629218,0.5785131485263663,combined,0.8662105434408175,0.006983031270372697,out\classification_subject_epochs3\runs\subj06_split02\alpha_0p1_fusion_0p1
6,1-2-3-4-5-6-7|8,sgd_logistic,all32,bandpass_0_5_48,causal,0.0,True,event_union,corr,2,8,0.1,0.15,0.15,0.0,100,expanded,0.8592275121704448,0.7007424006324837,0.8662105434408175,0.8602018351939286,0.5833758822502345,0.3110998754888346,0.5910518767629218,0.5767870800695586,combined,0.8662105434408175,0.006983031270372697,out\classification_subject_epochs3\runs\subj06_split02\alpha_0p1_fusion_0p15
6,1-2-3-4-5-6-7|8,sgd_logistic,all32,bandpass_0_5_48,causal,0.0,True,event_union,corr,2,8,0.1,0.2,0.2,0.0,100,expanded,0.8592275121704448,0.7007424006324837,0.8662105434408175,0.8601662991722575,0.5833758822502345,0.3110998754888346,0.5910518767629218,0.5746981200113943,combined,0.8662105434408175,0.006983031270372697,out\classification_subject_epochs3\runs\subj06_split02\alpha_0p1_fusion_0p2
6,1-2-3-4-5-6-7|8,sgd_logistic,all32,bandpass_0_5_48,causal,0.0,True,event_union,corr,2,8,0.1,0.25,0.25,0.0,100,expanded,0.8592275121704448,0.7007424006324837,0.8662105434408175,0.8596124280798966,0.5833758822502345,0.3110998754888346,0.5910518767629218,0.5714575890067092,combined,0.8662105434408175,0.006983031270372697,out\classification_subject_epochs3\runs\subj06_split02\alpha_0p1_fusion_0p25
6,1-2-3-4-5-6-7|8,sgd_logistic,all32,bandpass_0_5_48,causal,0.0,True,event_union,corr,2,8,0.2,0.1,0.1,0.0,100,expanded,0.8516974192850681,0.6980914059505644,0.8586205091082014,0.8526141398119383,0.5648374754511113,0.30483944733124063,0.5701121297212076,0.5586120559222151,combined,0.8586205091082014,0.006923089823133277,out\classification_subject_epochs3\runs\subj06_split02\alpha_0p2_fusion_0p1
6,1-2-3-4-5-6-7|8,sgd_logistic,all32,bandpass_0_5_48,causal,0.0,True,event_union,corr,2,8,0.2,0.15,0.15,0.0,100,expanded,0.8516974192850681,0.6980914059505644,0.8586205091082014,0.8528435548463872,0.5648374754511113,0.30483944733124063,0.5701121297212076,0.5573206415692696,combined,0.8586205091082014,0.006923089823133277,out\classification_subject_epochs3\runs\subj06_split02\alpha_0p2_fusion_0p15
6,1-2-3-4-5-6-7|8,sgd_logistic,all32,bandpass_0_5_48,causal,0.0,True,event_union,corr,2,8,0.2,0.2,0.2,0.0,100,expanded,0.8516974192850681,0.6980914059505644,0.8586205091082014,0.8528510715522629,0.5648374754511113,0.30483944733124063,0.5701121297212076,0.554874219378504,combined,0.8586205091082014,0.006923089823133277,out\classification_subject_epochs3\runs\subj06_split02\alpha_0p2_fusion_0p2
6,1-2-3-4-5-6-7|8,sgd_logistic,all32,bandpass_0_5_48,causal,0.0,True,event_union,corr,2,8,0.2,0.25,0.25,0.0,100,expanded,0.8516974192850681,0.6980914059505644,0.8586205091082014,0.8524886072547084,0.5648374754511113,0.30483944733124063,0.5701121297212076,0.5516138742914267,combined,0.8586205091082014,0.006923089823133277,out\classification_subject_epochs3\runs\subj06_split02\alpha_0p2_fusion_0p25
1,1-2-3-4-5-6|7,sgd_logistic,all32,bandpass_0_5_48,causal,0.0,True,event_union,corr,2,8,0.2,0.15,0.15,0.0,100,expanded,0.8721024311798734,0.7649970361262013,0.8772794458724499,0.8789936715491584,0.6432184477753301,0.41873236558854243,0.6484211549845635,0.6627491809261812,fusion,0.8789936715491584,0.006891240369285012,out\classification_subject_epochs3\runs\subj01_split01\alpha_0p2_fusion_0p15
1,1-2-3-4-5-6|7,sgd_logistic,all32,bandpass_0_5_48,causal,0.0,True,event_union,corr,2,8,0.3,0.1,0.1,0.0,100,expanded,0.8661025673187752,0.765319139367226,0.8729516450555107,0.8706727702281521,0.6308575980789772,0.41856357852643766,0.6397462091623285,0.6445907766931187,combined,0.8729516450555107,0.006849077736735487,out\classification_subject_epochs3\runs\subj01_split01\alpha_0p3_fusion_0p1
1,1-2-3-4-5-6|7,sgd_logistic,all32,bandpass_0_5_48,causal,0.0,True,event_union,corr,2,8,0.3,0.15,0.15,0.0,100,expanded,0.8661025673187752,0.765319139367226,0.8729516450555107,0.8725984442109297,0.6308575980789772,0.41856357852643766,0.6397462091623285,0.6503199541099204,combined,0.8729516450555107,0.006849077736735487,out\classification_subject_epochs3\runs\subj01_split01\alpha_0p3_fusion_0p15
3,1-2-3-4-5-6|7,sgd_logistic,all32,bandpass_0_5_48,causal,0.0,True,event_union,corr,2,8,0.3,0.1,0.1,0.0,100,expanded,0.8344324158597916,0.6516660262060413,0.8408377924358489,0.8356388183231879,0.5741786491980715,0.2890827852748324,0.5744963953550757,0.5735810707455542,combined,0.8408377924358489,0.006405376576057331,out\classification_subject_epochs3\runs\subj03_split01\alpha_0p3_fusion_0p1
3,1-2-3-4-5-6|7,sgd_logistic,all32,bandpass_0_5_48,causal,0.0,True,event_union,corr,2,8,0.3,0.15,0.15,0.0,100,expanded,0.8344324158597916,0.6516660262060413,0.8408377924358489,0.8358325310859581,0.5741786491980715,0.2890827852748324,0.5744963953550757,0.5723145734965159,combined,0.8408377924358489,0.006405376576057331,out\classification_subject_epochs3\runs\subj03_split01\alpha_0p3_fusion_0p15
3,1-2-3-4-5-6|7,sgd_logistic,all32,bandpass_0_5_48,causal,0.0,True,event_union,corr,2,8,0.3,0.2,0.2,0.0,100,expanded,0.8344324158597916,0.6516660262060413,0.8408377924358489,0.8358477441429163,0.5741786491980715,0.2890827852748324,0.5744963953550757,0.5704324732040935,combined,0.8408377924358489,0.006405376576057331,out\classification_subject_epochs3\runs\subj03_split01\alpha_0p3_fusion_0p2
3,1-2-3-4-5-6|7,sgd_logistic,all32,bandpass_0_5_48,causal,0.0,True,event_union,corr,2,8,0.3,0.25,0.25,0.0,100,expanded,0.8344324158597916,0.6516660262060413,0.8408377924358489,0.8354354026910521,0.5741786491980715,0.2890827852748324,0.5744963953550757,0.5666714216512864,combined,0.8408377924358489,0.006405376576057331,out\classification_subject_epochs3\runs\subj03_split01\alpha_0p3_fusion_0p25
6,1-2-3-4-5-6-7|8,sgd_logistic,all32,bandpass_0_5_48,causal,0.0,True,event_union,corr,2,8,0.3,0.1,0.1,0.0,100,expanded,0.8468042964041232,0.6952344982597977,0.8529851881645083,0.8477498582019432,0.5521781910853473,0.3021588809507636,0.5564413749046179,0.5482899255060314,combined,0.8529851881645083,0.006180891760385054,out\classification_subject_epochs3\runs\subj06_split02\alpha_0p3_fusion_0p1
6,1-2-3-4-5-6-7|8,sgd_logistic,all32,bandpass_0_5_48,causal,0.0,True,event_union,corr,2,8,0.3,0.15,0.15,0.0,100,expanded,0.8468042964041232,0.6952344982597977,0.8529851881645083,0.848073190059543,0.5521781910853473,0.3021588809507636,0.5564413749046179,0.5462362067938815,combined,0.8529851881645083,0.006180891760385054,out\classification_subject_epochs3\runs\subj06_split02\alpha_0p3_fusion_0p15
6,1-2-3-4-5-6-7|8,sgd_logistic,all32,bandpass_0_5_48,causal,0.0,True,event_union,corr,2,8,0.3,0.2,0.2,0.0,100,expanded,0.8468042964041232,0.6952344982597977,0.8529851881645083,0.8480997857281013,0.5521781910853473,0.3021588809507636,0.5564413749046179,0.5436677993461024,combined,0.8529851881645083,0.006180891760385054,out\classification_subject_epochs3\runs\subj06_split02\alpha_0p3_fusion_0p2
6,1-2-3-4-5-6-7|8,sgd_logistic,all32,bandpass_0_5_48,causal,0.0,True,event_union,corr,2,8,0.3,0.25,0.25,0.0,100,expanded,0.8468042964041232,0.6952344982597977,0.8529851881645083,0.8478781463444532,0.5521781910853473,0.3021588809507636,0.5564413749046179,0.5418507254647101,combined,0.8529851881645083,0.006180891760385054,out\classification_subject_epochs3\runs\subj06_split02\alpha_0p3_fusion_0p25
1,1-2-3-4-5-6-7|8,sgd_logistic,all32,bandpass_0_5_48,causal,0.0,True,event_union,corr,2,8,0.3,0.1,0.1,0.0,100,expanded,0.9096910770941995,0.7807004608272345,0.9153940694293349,0.9111724418188586,0.7223826028036885,0.42783450889622116,0.7240340181804606,0.7253384508324666,combined,0.9153940694293349,0.005702992335135382,out\classification_subject_epochs3\runs\subj01_split02\alpha_0p3_fusion_0p1
1,1-2-3-4-5-6-7|8,sgd_logistic,all32,bandpass_0_5_48,causal,0.0,True,event_union,corr,2,8,0.3,0.15,0.15,0.0,100,expanded,0.9096910770941995,0.7807004608272345,0.9153940694293349,0.9114721742214233,0.7223826028036885,0.42783450889622116,0.7240340181804606,0.7251827351574763,combined,0.9153940694293349,0.005702992335135382,out\classification_subject_epochs3\runs\subj01_split02\alpha_0p3_fusion_0p15
1,1-2-3-4-5-6-7|8,sgd_logistic,all32,bandpass_0_5_48,causal,0.0,True,event_union,corr,2,8,0.3,0.2,0.2,0.0,100,expanded,0.9096910770941995,0.7807004608272345,0.9153940694293349,0.9114077470245965,0.7223826028036885,0.42783450889622116,0.7240340181804606,0.7237917455760431,combined,0.9153940694293349,0.005702992335135382,out\classification_subject_epochs3\runs\subj01_split02\alpha_0p3_fusion_0p2
1,1-2-3-4-5-6-7|8,sgd_logistic,all32,bandpass_0_5_48,causal,0.0,True,event_union,corr,2,8,0.3,0.25,0.25,0.0,100,expanded,0.9096910770941995,0.7807004608272345,0.9153940694293349,0.9111384528623591,0.7223826028036885,0.42783450889622116,0.7240340181804606,0.7223272107567963,combined,0.9153940694293349,0.005702992335135382,out\classification_subject_epochs3\runs\subj01_split02\alpha_0p3_fusion_0p25
1,1-2-3-4-5-6|7,sgd_logistic,all32,bandpass_0_5_48,causal,0.0,True,event_union,corr,2,8,0.1,0.1,0.1,0.0,100,expanded,0.8799000355764508,0.7619801392807659,0.8824232132463866,0.8855953198818707,0.6611662097194245,0.4156398013553993,0.6604369339512908,0.6762093946746504,fusion,0.8855953198818707,0.005695284305419879,out\classification_subject_epochs3\runs\subj01_split01\alpha_0p1_fusion_0p1
1,1-2-3-4-5-6|7,sgd_logistic,all32,bandpass_0_5_48,causal,0.0,True,event_union,corr,2,8,0.2,0.1,0.1,0.0,100,expanded,0.8721024311798734,0.7649970361262013,0.8772794458724499,0.8768970026041103,0.6432184477753301,0.41873236558854243,0.6484211549845635,0.6579965159378381,combined,0.8772794458724499,0.005177014692576476,out\classification_subject_epochs3\runs\subj01_split01\alpha_0p2_fusion_0p1
9,1-2-3-4-5-6-7|8,sgd_logistic,all32,bandpass_0_5_48,causal,0.0,True,event_union,corr,2,8,0.3,0.1,0.1,0.0,100,expanded,0.8533027241759358,0.6942832385391041,0.8582162785844556,0.8535539239494536,0.5907536092059944,0.303398148982808,0.612059330682457,0.5960571347774611,combined,0.8582162785844556,0.004913554408519816,out\classification_subject_epochs3\runs\subj09_split02\alpha_0p3_fusion_0p1
9,1-2-3-4-5-6-7|8,sgd_logistic,all32,bandpass_0_5_48,causal,0.0,True,event_union,corr,2,8,0.3,0.15,0.15,0.0,100,expanded,0.8533027241759358,0.6942832385391041,0.8582162785844556,0.8532639035760662,0.5907536092059944,0.303398148982808,0.612059330682457,0.5971175668763363,combined,0.8582162785844556,0.004913554408519816,out\classification_subject_epochs3\runs\subj09_split02\alpha_0p3_fusion_0p15
9,1-2-3-4-5-6-7|8,sgd_logistic,all32,bandpass_0_5_48,causal,0.0,True,event_union,corr,2,8,0.3,0.2,0.2,0.0,100,expanded,0.8533027241759358,0.6942832385391041,0.8582162785844556,0.8527654114782618,0.5907536092059944,0.303398148982808,0.612059330682457,0.5970223348145555,combined,0.8582162785844556,0.004913554408519816,out\classification_subject_epochs3\runs\subj09_split02\alpha_0p3_fusion_0p2
9,1-2-3-4-5-6-7|8,sgd_logistic,all32,bandpass_0_5_48,causal,0.0,True,event_union,corr,2,8,0.3,0.25,0.25,0.0,100,expanded,0.8533027241759358,0.6942832385391041,0.8582162785844556,0.8518456551128043,0.5907536092059944,0.303398148982808,0.612059330682457,0.5958438615776498,combined,0.8582162785844556,0.004913554408519816,out\classification_subject_epochs3\runs\subj09_split02\alpha_0p3_fusion_0p25
1,1-2-3-4-5-6-7|8,sgd_logistic,all32,bandpass_0_5_48,causal,0.0,True,event_union,corr,2,8,0.2,0.1,0.1,0.0,100,expanded,0.9187972286898227,0.7838146947925692,0.9232202080901182,0.9199018782171912,0.7432990673148802,0.4347349027593746,0.74264709599501,0.7452471012868901,combined,0.9232202080901182,0.004422979400295457,out\classification_subject_epochs3\runs\subj01_split02\alpha_0p2_fusion_0p1
1,1-2-3-4-5-6-7|8,sgd_logistic,all32,bandpass_0_5_48,causal,0.0,True,event_union,corr,2,8,0.2,0.15,0.15,0.0,100,expanded,0.9187972286898227,0.7838146947925692,0.9232202080901182,0.9198505918945171,0.7432990673148802,0.4347349027593746,0.74264709599501,0.7445233428008126,combined,0.9232202080901182,0.004422979400295457,out\classification_subject_epochs3\runs\subj01_split02\alpha_0p2_fusion_0p15
1,1-2-3-4-5-6-7|8,sgd_logistic,all32,bandpass_0_5_48,causal,0.0,True,event_union,corr,2,8,0.2,0.2,0.2,0.0,100,expanded,0.9187972286898227,0.7838146947925692,0.9232202080901182,0.9196231276369412,0.7432990673148802,0.4347349027593746,0.74264709599501,0.7432069524800825,combined,0.9232202080901182,0.004422979400295457,out\classification_subject_epochs3\runs\subj01_split02\alpha_0p2_fusion_0p2
1,1-2-3-4-5-6-7|8,sgd_logistic,all32,bandpass_0_5_48,causal,0.0,True,event_union,corr,2,8,0.2,0.25,0.25,0.0,100,expanded,0.9187972286898227,0.7838146947925692,0.9232202080901182,0.9190360836579389,0.7432990673148802,0.4347349027593746,0.74264709599501,0.7412091907289642,combined,0.9232202080901182,0.004422979400295457,out\classification_subject_epochs3\runs\subj01_split02\alpha_0p2_fusion_0p25
9,1-2-3-4-5-6-7|8,sgd_logistic,all32,bandpass_0_5_48,causal,0.0,True,event_union,corr,2,8,0.2,0.1,0.1,0.0,100,expanded,0.8566190328217177,0.6994272471388051,0.8605397108751184,0.856910105409111,0.5995709059821981,0.3122034138108151,0.6203753184500055,0.6052671044969533,combined,0.8605397108751184,0.0039206780534006835,out\classification_subject_epochs3\runs\subj09_split02\alpha_0p2_fusion_0p1
9,1-2-3-4-5-6-7|8,sgd_logistic,all32,bandpass_0_5_48,causal,0.0,True,event_union,corr,2,8,0.2,0.15,0.15,0.0,100,expanded,0.8566190328217177,0.6994272471388051,0.8605397108751184,0.8567022180566091,0.5995709059821981,0.3122034138108151,0.6203753184500055,0.6062058763784263,combined,0.8605397108751184,0.0039206780534006835,out\classification_subject_epochs3\runs\subj09_split02\alpha_0p2_fusion_0p15
9,1-2-3-4-5-6-7|8,sgd_logistic,all32,bandpass_0_5_48,causal,0.0,True,event_union,corr,2,8,0.2,0.2,0.2,0.0,100,expanded,0.8566190328217177,0.6994272471388051,0.8605397108751184,0.8564225681134253,0.5995709059821981,0.3122034138108151,0.6203753184500055,0.6073850410282583,combined,0.8605397108751184,0.0039206780534006835,out\classification_subject_epochs3\runs\subj09_split02\alpha_0p2_fusion_0p2
9,1-2-3-4-5-6-7|8,sgd_logistic,all32,bandpass_0_5_48,causal,0.0,True,event_union,corr,2,8,0.2,0.25,0.25,0.0,100,expanded,0.8566190328217177,0.6994272471388051,0.8605397108751184,0.8557308510888572,0.5995709059821981,0.3122034138108151,0.6203753184500055,0.6085323343412145,combined,0.8605397108751184,0.0039206780534006835,out\classification_subject_epochs3\runs\subj09_split02\alpha_0p2_fusion_0p25
10,1-2-3-4-5-6|7,sgd_logistic,all32,bandpass_0_5_48,causal,0.0,True,event_union,corr,2,8,0.3,0.1,0.1,0.0,100,expanded,0.8723755724554088,0.7270964372394767,0.8762937911066686,0.8743875855137748,0.6185394511766951,0.3787569920587597,0.6371154594314663,0.6258198336965902,combined,0.8762937911066686,0.003918218651259853,out\classification_subject_epochs3\runs\subj10_split01\alpha_0p3_fusion_0p1
10,1-2-3-4-5-6|7,sgd_logistic,all32,bandpass_0_5_48,causal,0.0,True,event_union,corr,2,8,0.3,0.15,0.15,0.0,100,expanded,0.8723755724554088,0.7270964372394767,0.8762937911066686,0.8753458684562979,0.6185394511766951,0.3787569920587597,0.6371154594314663,0.6285800406743012,combined,0.8762937911066686,0.003918218651259853,out\classification_subject_epochs3\runs\subj10_split01\alpha_0p3_fusion_0p15
10,1-2-3-4-5-6|7,sgd_logistic,all32,bandpass_0_5_48,causal,0.0,True,event_union,corr,2,8,0.3,0.2,0.2,0.0,100,expanded,0.8723755724554088,0.7270964372394767,0.8762937911066686,0.8758841267301039,0.6185394511766951,0.3787569920587597,0.6371154594314663,0.6294093746288285,combined,0.8762937911066686,0.003918218651259853,out\classification_subject_epochs3\runs\subj10_split01\alpha_0p3_fusion_0p2
10,1-2-3-4-5-6|7,sgd_logistic,all32,bandpass_0_5_48,causal,0.0,True,event_union,corr,2,8,0.3,0.25,0.25,0.0,100,expanded,0.8723755724554088,0.7270964372394767,0.8762937911066686,0.876166458180362,0.6185394511766951,0.3787569920587597,0.6371154594314663,0.6291635861845791,combined,0.8762937911066686,0.003918218651259853,out\classification_subject_epochs3\runs\subj10_split01\alpha_0p3_fusion_0p25
10,1-2-3-4-5-6|7,sgd_logistic,all32,bandpass_0_5_48,causal,0.0,True,event_union,corr,2,8,0.2,0.25,0.25,0.0,100,expanded,0.8774878061006449,0.7319358404693886,0.8804309433878172,0.8813825800982483,0.6344316993321805,0.3855800260137637,0.6464808088255725,0.6448041180762457,fusion,0.8813825800982483,0.003894773997603407,out\classification_subject_epochs3\runs\subj10_split01\alpha_0p2_fusion_0p25
3,1-2-3-4-5-6|7,sgd_logistic,all32,bandpass_0_5_48,causal,0.0,True,event_union,corr,2,8,0.2,0.1,0.1,0.0,100,expanded,0.8456189724052828,0.6492713190153252,0.84933684781223,0.8467623711824972,0.5978839848833156,0.2898288001006626,0.595507216543295,0.5980791416439825,combined,0.84933684781223,0.0037178754069471243,out\classification_subject_epochs3\runs\subj03_split01\alpha_0p2_fusion_0p1
3,1-2-3-4-5-6|7,sgd_logistic,all32,bandpass_0_5_48,causal,0.0,True,event_union,corr,2,8,0.2,0.15,0.15,0.0,100,expanded,0.8456189724052828,0.6492713190153252,0.84933684781223,0.8470941240480206,0.5978839848833156,0.2898288001006626,0.595507216543295,0.5975418435053599,combined,0.84933684781223,0.0037178754069471243,out\classification_subject_epochs3\runs\subj03_split01\alpha_0p2_fusion_0p15
3,1-2-3-4-5-6|7,sgd_logistic,all32,bandpass_0_5_48,causal,0.0,True,event_union,corr,2,8,0.2,0.2,0.2,0.0,100,expanded,0.8456189724052828,0.6492713190153252,0.84933684781223,0.8470248686959478,0.5978839848833156,0.2898288001006626,0.595507216543295,0.5952553554639808,combined,0.84933684781223,0.0037178754069471243,out\classification_subject_epochs3\runs\subj03_split01\alpha_0p2_fusion_0p2
3,1-2-3-4-5-6|7,sgd_logistic,all32,bandpass_0_5_48,causal,0.0,True,event_union,corr,2,8,0.2,0.25,0.25,0.0,100,expanded,0.8456189724052828,0.6492713190153252,0.84933684781223,0.8463925092179018,0.5978839848833156,0.2898288001006626,0.595507216543295,0.5911054853688377,combined,0.84933684781223,0.0037178754069471243,out\classification_subject_epochs3\runs\subj03_split01\alpha_0p2_fusion_0p25
10,1-2-3-4-5-6|7,sgd_logistic,all32,bandpass_0_5_48,causal,0.0,True,event_union,corr,2,8,0.2,0.2,0.2,0.0,100,expanded,0.8774878061006449,0.7319358404693886,0.8804309433878172,0.8810625970682945,0.6344316993321805,0.3855800260137637,0.6464808088255725,0.6452621263918366,fusion,0.8810625970682945,0.003574790967649566,out\classification_subject_epochs3\runs\subj10_split01\alpha_0p2_fusion_0p2
10,1-2-3-4-5-6|7,sgd_logistic,all32,bandpass_0_5_48,causal,0.0,True,event_union,corr,2,8,0.1,0.25,0.25,0.0,100,expanded,0.8838799187135707,0.735372221436088,0.8844849876794099,0.8874532315500699,0.6502662216648184,0.3887396556564486,0.6548348029283156,0.6591410621963206,fusion,0.8874532315500699,0.0035733128364991984,out\classification_subject_epochs3\runs\subj10_split01\alpha_0p1_fusion_0p25
12,1-2-3-4-5-6-7|8,sgd_logistic,all32,bandpass_0_5_48,causal,0.0,True,event_union,corr,2,8,0.1,0.2,0.2,0.0,100,expanded,0.8622857552736892,0.6624220497569626,0.8571428104868177,0.8656817862127784,0.5502656646733219,0.2629338897190196,0.5379781622701378,0.5540811908306358,fusion,0.8656817862127784,0.003396030939089134,out\classification_subject_epochs3\runs\subj12_split02\alpha_0p1_fusion_0p2
12,1-2-3-4-5-6-7|8,sgd_logistic,all32,bandpass_0_5_48,causal,0.0,True,event_union,corr,2,8,0.1,0.25,0.25,0.0,100,expanded,0.8622857552736892,0.6624220497569626,0.8571428104868177,0.8656794314345785,0.5502656646733219,0.2629338897190196,0.5379781622701378,0.5530945946512503,fusion,0.8656794314345785,0.0033936761608892585,out\classification_subject_epochs3\runs\subj12_split02\alpha_0p1_fusion_0p25
10,1-2-3-4-5-6|7,sgd_logistic,all32,bandpass_0_5_48,causal,0.0,True,event_union,corr,2,8,0.1,0.2,0.2,0.0,100,expanded,0.8838799187135707,0.735372221436088,0.8844849876794099,0.8872229852636672,0.6502662216648184,0.3887396556564486,0.6548348029283156,0.659859507361844,fusion,0.8872229852636672,0.0033430665500964185,out\classification_subject_epochs3\runs\subj10_split01\alpha_0p1_fusion_0p2
10,1-2-3-4-5-6|7,sgd_logistic,all32,bandpass_0_5_48,causal,0.0,True,event_union,corr,2,8,0.2,0.15,0.15,0.0,100,expanded,0.8774878061006449,0.7319358404693886,0.8804309433878172,0.8805184076130402,0.6344316993321805,0.3855800260137637,0.6464808088255725,0.6443691980146329,fusion,0.8805184076130402,0.0030306015123953145,out\classification_subject_epochs3\runs\subj10_split01\alpha_0p2_fusion_0p15
12,1-2-3-4-5-6-7|8,sgd_logistic,all32,bandpass_0_5_48,causal,0.0,True,event_union,corr,2,8,0.1,0.15,0.15,0.0,100,expanded,0.8622857552736892,0.6624220497569626,0.8571428104868177,0.8652727841337305,0.5502656646733219,0.2629338897190196,0.5379781622701378,0.5540754912687471,fusion,0.8652727841337305,0.0029870288600413186,out\classification_subject_epochs3\runs\subj12_split02\alpha_0p1_fusion_0p15
1,1-2-3-4-5-6-7|8,sgd_logistic,all32,bandpass_0_5_48,causal,0.0,True,event_union,corr,2,8,0.1,0.1,0.1,0.0,100,expanded,0.9299401020069659,0.787348687529108,0.9328851395388814,0.930473390899504,0.7698768079267699,0.4420124841058377,0.7664464263559975,0.7703960658180707,combined,0.9328851395388814,0.002945037531915551,out\classification_subject_epochs3\runs\subj01_split02\alpha_0p1_fusion_0p1
1,1-2-3-4-5-6-7|8,sgd_logistic,all32,bandpass_0_5_48,causal,0.0,True,event_union,corr,2,8,0.1,0.15,0.15,0.0,100,expanded,0.9299401020069659,0.787348687529108,0.9328851395388814,0.9302505902729465,0.7698768079267699,0.4420124841058377,0.7664464263559975,0.7696404934252263,combined,0.9328851395388814,0.002945037531915551,out\classification_subject_epochs3\runs\subj01_split02\alpha_0p1_fusion_0p15
1,1-2-3-4-5-6-7|8,sgd_logistic,all32,bandpass_0_5_48,causal,0.0,True,event_union,corr,2,8,0.1,0.2,0.2,0.0,100,expanded,0.9299401020069659,0.787348687529108,0.9328851395388814,0.9295697154738449,0.7698768079267699,0.4420124841058377,0.7664464263559975,0.7672208376736388,combined,0.9328851395388814,0.002945037531915551,out\classification_subject_epochs3\runs\subj01_split02\alpha_0p1_fusion_0p2
1,1-2-3-4-5-6-7|8,sgd_logistic,all32,bandpass_0_5_48,causal,0.0,True,event_union,corr,2,8,0.1,0.25,0.25,0.0,100,expanded,0.9299401020069659,0.787348687529108,0.9328851395388814,0.9284733190469053,0.7698768079267699,0.4420124841058377,0.7664464263559975,0.7640159171777853,combined,0.9328851395388814,0.002945037531915551,out\classification_subject_epochs3\runs\subj01_split02\alpha_0p1_fusion_0p25
10,1-2-3-4-5-6|7,sgd_logistic,all32,bandpass_0_5_48,causal,0.0,True,event_union,corr,2,8,0.2,0.1,0.1,0.0,100,expanded,0.8774878061006449,0.7319358404693886,0.8804309433878172,0.8797367326784903,0.6344316993321805,0.3855800260137637,0.6464808088255725,0.6432093234636361,combined,0.8804309433878172,0.002943137287172326,out\classification_subject_epochs3\runs\subj10_split01\alpha_0p2_fusion_0p1
6,1-2-3-4-5-6|7,sgd_logistic,all32,bandpass_0_5_48,causal,0.0,True,event_union,corr,2,8,0.3,0.25,0.25,0.0,100,expanded,0.8522824348835766,0.6961135165557382,0.8466448329231205,0.8551772222010303,0.5586782047623822,0.32848951367960744,0.5595502663839521,0.5629640532577848,fusion,0.8551772222010303,0.0028947873174537397,out\classification_subject_epochs3\runs\subj06_split01\alpha_0p3_fusion_0p25
10,1-2-3-4-5-6|7,sgd_logistic,all32,bandpass_0_5_48,causal,0.0,True,event_union,corr,2,8,0.1,0.15,0.15,0.0,100,expanded,0.8838799187135707,0.735372221436088,0.8844849876794099,0.8867432448997437,0.6502662216648184,0.3887396556564486,0.6548348029283156,0.6604031016125077,fusion,0.8867432448997437,0.00286332618617291,out\classification_subject_epochs3\runs\subj10_split01\alpha_0p1_fusion_0p15
12,1-2-3-4-5-6-7|8,sgd_logistic,all32,bandpass_0_5_48,causal,0.0,True,event_union,corr,2,8,0.2,0.2,0.2,0.0,100,expanded,0.8603624214243828,0.6638959435351273,0.8556529440244152,0.8630610572726791,0.5472224272754781,0.26544552257708054,0.5365797707274621,0.550381101548303,fusion,0.8630610572726791,0.002698635848296327,out\classification_subject_epochs3\runs\subj12_split02\alpha_0p2_fusion_0p2
4,1-2-3-4-5-6-7|8,sgd_logistic,all32,bandpass_0_5_48,causal,0.0,True,event_union,corr,2,8,0.2,0.1,0.1,0.0,100,expanded,0.8963221127271709,0.6931986496738883,0.8989780373654018,0.8967189249858575,0.7077330243781024,0.3373374047546451,0.7067303913621301,0.7093490451403337,combined,0.8989780373654018,0.0026559246382309443,out\classification_subject_epochs3\runs\subj04_split02\alpha_0p2_fusion_0p1
4,1-2-3-4-5-6-7|8,sgd_logistic,all32,bandpass_0_5_48,causal,0.0,True,event_union,corr,2,8,0.2,0.15,0.15,0.0,100,expanded,0.8963221127271709,0.6931986496738883,0.8989780373654018,0.8966491105371869,0.7077330243781024,0.3373374047546451,0.7067303913621301,0.7088086142337423,combined,0.8989780373654018,0.0026559246382309443,out\classification_subject_epochs3\runs\subj04_split02\alpha_0p2_fusion_0p15
4,1-2-3-4-5-6-7|8,sgd_logistic,all32,bandpass_0_5_48,causal,0.0,True,event_union,corr,2,8,0.2,0.2,0.2,0.0,100,expanded,0.8963221127271709,0.6931986496738883,0.8989780373654018,0.896336107133,0.7077330243781024,0.3373374047546451,0.7067303913621301,0.707726803281646,combined,0.8989780373654018,0.0026559246382309443,out\classification_subject_epochs3\runs\subj04_split02\alpha_0p2_fusion_0p2
4,1-2-3-4-5-6-7|8,sgd_logistic,all32,bandpass_0_5_48,causal,0.0,True,event_union,corr,2,8,0.2,0.25,0.25,0.0,100,expanded,0.8963221127271709,0.6931986496738883,0.8989780373654018,0.8955738187672745,0.7077330243781024,0.3373374047546451,0.7067303913621301,0.7037697476035145,combined,0.8989780373654018,0.0026559246382309443,out\classification_subject_epochs3\runs\subj04_split02\alpha_0p2_fusion_0p25
4,1-2-3-4-5-6-7|8,sgd_logistic,all32,bandpass_0_5_48,causal,0.0,True,event_union,corr,2,8,0.3,0.1,0.1,0.0,100,expanded,0.8934112984821266,0.6862747805650006,0.8960543827042363,0.8936993369694103,0.7019012333870256,0.330065392289718,0.6996746643175312,0.7012547751875307,combined,0.8960543827042363,0.0026430842221096817,out\classification_subject_epochs3\runs\subj04_split02\alpha_0p3_fusion_0p1
4,1-2-3-4-5-6-7|8,sgd_logistic,all32,bandpass_0_5_48,causal,0.0,True,event_union,corr,2,8,0.3,0.15,0.15,0.0,100,expanded,0.8934112984821266,0.6862747805650006,0.8960543827042363,0.8934359054169466,0.7019012333870256,0.330065392289718,0.6996746643175312,0.6993991740464286,combined,0.8960543827042363,0.0026430842221096817,out\classification_subject_epochs3\runs\subj04_split02\alpha_0p3_fusion_0p15
4,1-2-3-4-5-6-7|8,sgd_logistic,all32,bandpass_0_5_48,causal,0.0,True,event_union,corr,2,8,0.3,0.2,0.2,0.0,100,expanded,0.8934112984821266,0.6862747805650006,0.8960543827042363,0.8929614371523448,0.7019012333870256,0.330065392289718,0.6996746643175312,0.6966714769691297,combined,0.8960543827042363,0.0026430842221096817,out\classification_subject_epochs3\runs\subj04_split02\alpha_0p3_fusion_0p2
4,1-2-3-4-5-6-7|8,sgd_logistic,all32,bandpass_0_5_48,causal,0.0,True,event_union,corr,2,8,0.3,0.25,0.25,0.0,100,expanded,0.8934112984821266,0.6862747805650006,0.8960543827042363,0.8921590070244099,0.7019012333870256,0.330065392289718,0.6996746643175312,0.6934028084365087,combined,0.8960543827042363,0.0026430842221096817,out\classification_subject_epochs3\runs\subj04_split02\alpha_0p3_fusion_0p25
6,1-2-3-4-5-6|7,sgd_logistic,all32,bandpass_0_5_48,causal,0.0,True,event_union,corr,2,8,0.3,0.2,0.2,0.0,100,expanded,0.8522824348835766,0.6961135165557382,0.8466448329231205,0.8548701192325855,0.5586782047623822,0.32848951367960744,0.5595502663839521,0.5630815795948185,fusion,0.8548701192325855,0.002587684349008912,out\classification_subject_epochs3\runs\subj06_split01\alpha_0p3_fusion_0p2
6,1-2-3-4-5-6|7,sgd_logistic,all32,bandpass_0_5_48,causal,0.0,True,event_union,corr,2,8,0.2,0.25,0.25,0.0,100,expanded,0.8601976176370657,0.698957245923132,0.854375297728795,0.862756289347394,0.5744197723152561,0.3346202127253677,0.5730715456817586,0.579011219012758,fusion,0.862756289347394,0.0025586717103283085,out\classification_subject_epochs3\runs\subj06_split01\alpha_0p2_fusion_0p25
12,1-2-3-4-5-6-7|8,sgd_logistic,all32,bandpass_0_5_48,causal,0.0,True,event_union,corr,2,8,0.2,0.15,0.15,0.0,100,expanded,0.8603624214243828,0.6638959435351273,0.8556529440244152,0.8629134630814486,0.5472224272754781,0.26544552257708054,0.5365797707274621,0.551418028410806,fusion,0.8629134630814486,0.002551041657065767,out\classification_subject_epochs3\runs\subj12_split02\alpha_0p2_fusion_0p15
12,1-2-3-4-5-6-7|8,sgd_logistic,all32,bandpass_0_5_48,causal,0.0,True,event_union,corr,2,8,0.3,0.2,0.2,0.0,100,expanded,0.8575578758486112,0.6638962055141867,0.8534992888822286,0.8600877301564559,0.5420329800380748,0.2671603308581599,0.5335490139798917,0.5462364193912436,fusion,0.8600877301564559,0.0025298543078446922,out\classification_subject_epochs3\runs\subj12_split02\alpha_0p3_fusion_0p2
7,1-2-3-4-5-6-7|8,sgd_logistic,all32,bandpass_0_5_48,causal,0.0,True,event_union,corr,2,8,0.1,0.2,0.2,0.0,100,expanded,0.9205203610005989,0.7836654619132043,0.9220829414996735,0.9229955829274421,0.6857359030775257,0.37616712735479035,0.6887931349878627,0.6780251798221612,fusion,0.9229955829274421,0.0024752219268432407,out\classification_subject_epochs3\runs\subj07_split02\alpha_0p1_fusion_0p2
2,1-2-3-4-5-6|7,sgd_logistic,all32,bandpass_0_5_48,causal,0.0,True,event_union,corr,2,8,0.3,0.1,0.1,0.0,100,expanded,0.8749665700397414,0.7499440144584438,0.8773892162051573,0.875502207241421,0.6335991904236109,0.3716521636279655,0.6402191023892229,0.6361934794296477,combined,0.8773892162051573,0.002422646165415876,out\classification_subject_epochs3\runs\subj02_split01\alpha_0p3_fusion_0p1
2,1-2-3-4-5-6|7,sgd_logistic,all32,bandpass_0_5_48,causal,0.0,True,event_union,corr,2,8,0.3,0.15,0.15,0.0,100,expanded,0.8749665700397414,0.7499440144584438,0.8773892162051573,0.8754242745378114,0.6335991904236109,0.3716521636279655,0.6402191023892229,0.6364387533741108,combined,0.8773892162051573,0.002422646165415876,out\classification_subject_epochs3\runs\subj02_split01\alpha_0p3_fusion_0p15
2,1-2-3-4-5-6|7,sgd_logistic,all32,bandpass_0_5_48,causal,0.0,True,event_union,corr,2,8,0.3,0.2,0.2,0.0,100,expanded,0.8749665700397414,0.7499440144584438,0.8773892162051573,0.874894471177587,0.6335991904236109,0.3716521636279655,0.6402191023892229,0.6354062878784998,combined,0.8773892162051573,0.002422646165415876,out\classification_subject_epochs3\runs\subj02_split01\alpha_0p3_fusion_0p2
2,1-2-3-4-5-6|7,sgd_logistic,all32,bandpass_0_5_48,causal,0.0,True,event_union,corr,2,8,0.3,0.25,0.25,0.0,100,expanded,0.8749665700397414,0.7499440144584438,0.8773892162051573,0.873997567022001,0.6335991904236109,0.3716521636279655,0.6402191023892229,0.6324584614146561,combined,0.8773892162051573,0.002422646165415876,out\classification_subject_epochs3\runs\subj02_split01\alpha_0p3_fusion_0p25
12,1-2-3-4-5-6-7|8,sgd_logistic,all32,bandpass_0_5_48,causal,0.0,True,event_union,corr,2,8,0.2,0.25,0.25,0.0,100,expanded,0.8603624214243828,0.6638959435351273,0.8556529440244152,0.8627797366524081,0.5472224272754781,0.26544552257708054,0.5365797707274621,0.5480994579008777,fusion,0.8627797366524081,0.002417315228025352,out\classification_subject_epochs3\runs\subj12_split02\alpha_0p2_fusion_0p25
7,1-2-3-4-5-6-7|8,sgd_logistic,all32,bandpass_0_5_48,causal,0.0,True,event_union,corr,2,8,0.1,0.25,0.25,0.0,100,expanded,0.9205203610005989,0.7836654619132043,0.9220829414996735,0.9229212258136067,0.6857359030775257,0.37616712735479035,0.6887931349878627,0.6744769653111158,fusion,0.9229212258136067,0.0024008648130078303,out\classification_subject_epochs3\runs\subj07_split02\alpha_0p1_fusion_0p25
6,1-2-3-4-5-6|7,sgd_logistic,all32,bandpass_0_5_48,causal,0.0,True,event_union,corr,2,8,0.2,0.2,0.2,0.0,100,expanded,0.8601976176370657,0.698957245923132,0.854375297728795,0.8625922560137576,0.5744197723152561,0.3346202127253677,0.5730715456817586,0.5785185398846445,fusion,0.8625922560137576,0.002394638376691849,out\classification_subject_epochs3\runs\subj06_split01\alpha_0p2_fusion_0p2
12,1-2-3-4-5-6-7|8,sgd_logistic,all32,bandpass_0_5_48,causal,0.0,True,event_union,corr,2,8,0.3,0.15,0.15,0.0,100,expanded,0.8575578758486112,0.6638962055141867,0.8534992888822286,0.8599184068446107,0.5420329800380748,0.2671603308581599,0.5335490139798917,0.5465903480085251,fusion,0.8599184068446107,0.0023605309959995324,out\classification_subject_epochs3\runs\subj12_split02\alpha_0p3_fusion_0p15
8,1-2-3-4-5-6-7|8,sgd_logistic,all32,bandpass_0_5_48,causal,0.0,True,event_union,corr,2,8,0.3,0.2,0.2,0.0,100,expanded,0.8717123566596552,0.7315841218160131,0.8736304284689101,0.8740697433839908,0.5790616606268353,0.3669743555116221,0.5958788828604392,0.5890115044193256,fusion,0.8740697433839908,0.0023573867243356084,out\classification_subject_epochs3\runs\subj08_split02\alpha_0p3_fusion_0p2
8,1-2-3-4-5-6-7|8,sgd_logistic,all32,bandpass_0_5_48,causal,0.0,True,event_union,corr,2,8,0.3,0.25,0.25,0.0,100,expanded,0.8717123566596552,0.7315841218160131,0.8736304284689101,0.8740676810137135,0.5790616606268353,0.3669743555116221,0.5958788828604392,0.5906320749808023,fusion,0.8740676810137135,0.0023553243540582747,out\classification_subject_epochs3\runs\subj08_split02\alpha_0p3_fusion_0p25
7,1-2-3-4-5-6-7|8,sgd_logistic,all32,bandpass_0_5_48,causal,0.0,True,event_union,corr,2,8,0.3,0.2,0.2,0.0,100,expanded,0.9105214188358469,0.7649173633672435,0.9122042299936167,0.9128297223162717,0.6628892261132774,0.34395995694490167,0.6649264195000514,0.6577500921311742,fusion,0.9128297223162717,0.002308303480424767,out\classification_subject_epochs3\runs\subj07_split02\alpha_0p3_fusion_0p2
7,1-2-3-4-5-6-7|8,sgd_logistic,all32,bandpass_0_5_48,causal,0.0,True,event_union,corr,2,8,0.2,0.25,0.25,0.0,100,expanded,0.9145696808155663,0.7730299190109579,0.9165633632241054,0.9168670811987206,0.6720688496046847,0.35747997677374577,0.6761307761216672,0.6633969923652446,fusion,0.9168670811987206,0.002297400383154291,out\classification_subject_epochs3\runs\subj07_split02\alpha_0p2_fusion_0p25
7,1-2-3-4-5-6-7|8,sgd_logistic,all32,bandpass_0_5_48,causal,0.0,True,event_union,corr,2,8,0.2,0.2,0.2,0.0,100,expanded,0.9145696808155663,0.7730299190109579,0.9165633632241054,0.9168294018265212,0.6720688496046847,0.35747997677374577,0.6761307761216672,0.6666180238150518,fusion,0.9168294018265212,0.0022597210109548405,out\classification_subject_epochs3\runs\subj07_split02\alpha_0p2_fusion_0p2
12,1-2-3-4-5-6-7|8,sgd_logistic,all32,bandpass_0_5_48,causal,0.0,True,event_union,corr,2,8,0.1,0.1,0.1,0.0,100,expanded,0.8622857552736892,0.6624220497569626,0.8571428104868177,0.8644591492372031,0.5502656646733219,0.2629338897190196,0.5379781622701378,0.5533452507442617,fusion,0.8644591492372031,0.0021733939635139032,out\classification_subject_epochs3\runs\subj12_split02\alpha_0p1_fusion_0p1
6,1-2-3-4-5-6|7,sgd_logistic,all32,bandpass_0_5_48,causal,0.0,True,event_union,corr,2,8,0.3,0.15,0.15,0.0,100,expanded,0.8522824348835766,0.6961135165557382,0.8466448329231205,0.8544372324578163,0.5586782047623822,0.32848951367960744,0.5595502663839521,0.5622132718946454,fusion,0.8544372324578163,0.002154797574239753,out\classification_subject_epochs3\runs\subj06_split01\alpha_0p3_fusion_0p15
10,1-2-3-4-5-6|7,sgd_logistic,all32,bandpass_0_5_48,causal,0.0,True,event_union,corr,2,8,0.1,0.1,0.1,0.0,100,expanded,0.8838799187135707,0.735372221436088,0.8844849876794099,0.8860243043453183,0.6502662216648184,0.3887396556564486,0.6548348029283156,0.6584925643075855,fusion,0.8860243043453183,0.0021443856317475696,out\classification_subject_epochs3\runs\subj10_split01\alpha_0p1_fusion_0p1
7,1-2-3-4-5-6-7|8,sgd_logistic,all32,bandpass_0_5_48,causal,0.0,True,event_union,corr,2,8,0.1,0.15,0.15,0.0,100,expanded,0.9205203610005989,0.7836654619132043,0.9220829414996735,0.9226405968669668,0.6857359030775257,0.37616712735479035,0.6887931349878627,0.6802635121625175,fusion,0.9226405968669668,0.002120235866367892,out\classification_subject_epochs3\runs\subj07_split02\alpha_0p1_fusion_0p15
7,1-2-3-4-5-6-7|8,sgd_logistic,all32,bandpass_0_5_48,causal,0.0,True,event_union,corr,2,8,0.3,0.25,0.25,0.0,100,expanded,0.9105214188358469,0.7649173633672435,0.9122042299936167,0.9126413251376494,0.6628892261132774,0.34395995694490167,0.6649264195000514,0.6543605644989562,fusion,0.9126413251376494,0.0021199063018024766,out\classification_subject_epochs3\runs\subj07_split02\alpha_0p3_fusion_0p25
12,1-2-3-4-5-6-7|8,sgd_logistic,all32,bandpass_0_5_48,causal,0.0,True,event_union,corr,2,8,0.3,0.25,0.25,0.0,100,expanded,0.8575578758486112,0.6638962055141867,0.8534992888822286,0.8596620333476599,0.5420329800380748,0.2671603308581599,0.5335490139798917,0.5442637518307459,fusion,0.8596620333476599,0.0021041574990486867,out\classification_subject_epochs3\runs\subj12_split02\alpha_0p3_fusion_0p25
8,1-2-3-4-5-6-7|8,sgd_logistic,all32,bandpass_0_5_48,causal,0.0,True,event_union,corr,2,8,0.3,0.15,0.15,0.0,100,expanded,0.8717123566596552,0.7315841218160131,0.8736304284689101,0.8738152502052695,0.5790616606268353,0.3669743555116221,0.5958788828604392,0.5877703724924435,fusion,0.8738152502052695,0.002102893545614326,out\classification_subject_epochs3\runs\subj08_split02\alpha_0p3_fusion_0p15
7,1-2-3-4-5-6-7|8,sgd_logistic,all32,bandpass_0_5_48,causal,0.0,True,event_union,corr,2,8,0.3,0.15,0.15,0.0,100,expanded,0.9105214188358469,0.7649173633672435,0.9122042299936167,0.9126024451618776,0.6628892261132774,0.34395995694490167,0.6649264195000514,0.6614647496934974,fusion,0.9126024451618776,0.0020810263260306883,out\classification_subject_epochs3\runs\subj07_split02\alpha_0p3_fusion_0p15
6,1-2-3-4-5-6|7,sgd_logistic,all32,bandpass_0_5_48,causal,0.0,True,event_union,corr,2,8,0.1,0.2,0.2,0.0,100,expanded,0.8720944661320454,0.7016854141292869,0.8643664136120424,0.8741524471004034,0.5988449346969134,0.34061423994846524,0.5940012582478785,0.6039268547311354,fusion,0.8741524471004034,0.002057980968357964,out\classification_subject_epochs3\runs\subj06_split01\alpha_0p1_fusion_0p2
7,1-2-3-4-5-6-7|8,sgd_logistic,all32,bandpass_0_5_48,causal,0.0,True,event_union,corr,2,8,0.2,0.15,0.15,0.0,100,expanded,0.9145696808155663,0.7730299190109579,0.9165633632241054,0.9165942719675461,0.6720688496046847,0.35747997677374577,0.6761307761216672,0.669350098292473,fusion,0.9165942719675461,0.0020245911519797266,out\classification_subject_epochs3\runs\subj07_split02\alpha_0p2_fusion_0p15
6,1-2-3-4-5-6|7,sgd_logistic,all32,bandpass_0_5_48,causal,0.0,True,event_union,corr,2,8,0.2,0.15,0.15,0.0,100,expanded,0.8601976176370657,0.698957245923132,0.854375297728795,0.862212406611845,0.5744197723152561,0.3346202127253677,0.5730715456817586,0.5780149327324992,fusion,0.862212406611845,0.002014788974779247,out\classification_subject_epochs3\runs\subj06_split01\alpha_0p2_fusion_0p15
6,1-2-3-4-5-6|7,sgd_logistic,all32,bandpass_0_5_48,causal,0.0,True,event_union,corr,2,8,0.1,0.25,0.25,0.0,100,expanded,0.8720944661320454,0.7016854141292869,0.8643664136120424,0.8741066715469156,0.5988449346969134,0.34061423994846524,0.5940012582478785,0.6054528616156991,fusion,0.8741066715469156,0.0020122054148701274,out\classification_subject_epochs3\runs\subj06_split01\alpha_0p1_fusion_0p25
12,1-2-3-4-5-6-7|8,sgd_logistic,all32,bandpass_0_5_48,causal,0.0,True,event_union,corr,2,8,0.2,0.1,0.1,0.0,100,expanded,0.8603624214243828,0.6638959435351273,0.8556529440244152,0.8623583344512299,0.5472224272754781,0.26544552257708054,0.5365797707274621,0.5513890309570094,fusion,0.8623583344512299,0.001995913026847096,out\classification_subject_epochs3\runs\subj12_split02\alpha_0p2_fusion_0p1
7,1-2-3-4-5-6-7|8,sgd_logistic,all32,bandpass_0_5_48,causal,0.0,True,event_union,corr,2,8,0.2,0.1,0.1,0.0,100,expanded,0.9145696808155663,0.7730299190109579,0.9165633632241054,0.9161922818557264,0.6720688496046847,0.35747997677374577,0.6761307761216672,0.6720462738531285,combined,0.9165633632241054,0.0019936824085390326,out\classification_subject_epochs3\runs\subj07_split02\alpha_0p2_fusion_0p1
8,1-2-3-4-5-6-7|8,sgd_logistic,all32,bandpass_0_5_48,causal,0.0,True,event_union,corr,2,8,0.3,0.1,0.1,0.0,100,expanded,0.8717123566596552,0.7315841218160131,0.8736304284689101,0.8731401992934017,0.5790616606268353,0.3669743555116221,0.5958788828604392,0.5853098255693472,combined,0.8736304284689101,0.001918071809254962,out\classification_subject_epochs3\runs\subj08_split02\alpha_0p3_fusion_0p1
8,1-2-3-4-5-6-7|8,sgd_logistic,all32,bandpass_0_5_48,causal,0.0,True,event_union,corr,2,8,0.2,0.2,0.2,0.0,100,expanded,0.876997218918008,0.7317600075375711,0.8775566968559464,0.8788311617429883,0.5933143173445257,0.36690696428729835,0.6091148388805124,0.6035927985699937,fusion,0.8788311617429883,0.0018339428249802836,out\classification_subject_epochs3\runs\subj08_split02\alpha_0p2_fusion_0p2
6,1-2-3-4-5-6|7,sgd_logistic,all32,bandpass_0_5_48,causal,0.0,True,event_union,corr,2,8,0.1,0.15,0.15,0.0,100,expanded,0.8720944661320454,0.7016854141292869,0.8643664136120424,0.8739088922732132,0.5988449346969134,0.34061423994846524,0.5940012582478785,0.6036383011269643,fusion,0.8739088922732132,0.0018144261411677798,out\classification_subject_epochs3\runs\subj06_split01\alpha_0p1_fusion_0p15
12,1-2-3-4-5-6-7|8,sgd_logistic,all32,bandpass_0_5_48,causal,0.0,True,event_union,corr,2,8,0.3,0.1,0.1,0.0,100,expanded,0.8575578758486112,0.6638962055141867,0.8534992888822286,0.8593543498890105,0.5420329800380748,0.2671603308581599,0.5335490139798917,0.5452758658599649,fusion,0.8593543498890105,0.0017964740403992874,out\classification_subject_epochs3\runs\subj12_split02\alpha_0p3_fusion_0p1
5,1-2-3-4-5-6-7|8,sgd_logistic,all32,bandpass_0_5_48,causal,0.0,True,event_union,corr,2,8,0.2,0.1,0.1,0.0,100,expanded,0.7387862402171957,0.5977674249187078,0.7405711255097044,0.7374018985580859,0.3647521906509044,0.2153680868034913,0.365057439543439,0.3646708428670346,combined,0.7405711255097044,0.0017848852925086423,out\classification_subject_epochs3\runs\subj05_split02\alpha_0p2_fusion_0p1
5,1-2-3-4-5-6-7|8,sgd_logistic,all32,bandpass_0_5_48,causal,0.0,True,event_union,corr,2,8,0.2,0.15,0.15,0.0,100,expanded,0.7387862402171957,0.5977674249187078,0.7405711255097044,0.73626029691903,0.3647521906509044,0.2153680868034913,0.365057439543439,0.3631003706752791,combined,0.7405711255097044,0.0017848852925086423,out\classification_subject_epochs3\runs\subj05_split02\alpha_0p2_fusion_0p15
5,1-2-3-4-5-6-7|8,sgd_logistic,all32,bandpass_0_5_48,causal,0.0,True,event_union,corr,2,8,0.2,0.2,0.2,0.0,100,expanded,0.7387862402171957,0.5977674249187078,0.7405711255097044,0.7348106070489532,0.3647521906509044,0.2153680868034913,0.365057439543439,0.3606312684961337,combined,0.7405711255097044,0.0017848852925086423,out\classification_subject_epochs3\runs\subj05_split02\alpha_0p2_fusion_0p2
5,1-2-3-4-5-6-7|8,sgd_logistic,all32,bandpass_0_5_48,causal,0.0,True,event_union,corr,2,8,0.2,0.25,0.25,0.0,100,expanded,0.7387862402171957,0.5977674249187078,0.7405711255097044,0.7329864479060477,0.3647521906509044,0.2153680868034913,0.365057439543439,0.3581527737662187,combined,0.7405711255097044,0.0017848852925086423,out\classification_subject_epochs3\runs\subj05_split02\alpha_0p2_fusion_0p25
2,1-2-3-4-5-6|7,sgd_logistic,all32,bandpass_0_5_48,causal,0.0,True,event_union,corr,2,8,0.2,0.1,0.1,0.0,100,expanded,0.8790213037569723,0.750806363503572,0.8808053616580658,0.8794021434296188,0.6426311148698758,0.37431793743609815,0.644062161178372,0.6451308005946151,combined,0.8808053616580658,0.0017840579010934832,out\classification_subject_epochs3\runs\subj02_split01\alpha_0p2_fusion_0p1
2,1-2-3-4-5-6|7,sgd_logistic,all32,bandpass_0_5_48,causal,0.0,True,event_union,corr,2,8,0.2,0.15,0.15,0.0,100,expanded,0.8790213037569723,0.750806363503572,0.8808053616580658,0.8792617543256318,0.6426311148698758,0.37431793743609815,0.644062161178372,0.6447323972880571,combined,0.8808053616580658,0.0017840579010934832,out\classification_subject_epochs3\runs\subj02_split01\alpha_0p2_fusion_0p15
2,1-2-3-4-5-6|7,sgd_logistic,all32,bandpass_0_5_48,causal,0.0,True,event_union,corr,2,8,0.2,0.2,0.2,0.0,100,expanded,0.8790213037569723,0.750806363503572,0.8808053616580658,0.8787711305396969,0.6426311148698758,0.37431793743609815,0.644062161178372,0.643473899255634,combined,0.8808053616580658,0.0017840579010934832,out\classification_subject_epochs3\runs\subj02_split01\alpha_0p2_fusion_0p2
2,1-2-3-4-5-6|7,sgd_logistic,all32,bandpass_0_5_48,causal,0.0,True,event_union,corr,2,8,0.2,0.25,0.25,0.0,100,expanded,0.8790213037569723,0.750806363503572,0.8808053616580658,0.8779093715442502,0.6426311148698758,0.37431793743609815,0.644062161178372,0.639910141478431,combined,0.8808053616580658,0.0017840579010934832,out\classification_subject_epochs3\runs\subj02_split01\alpha_0p2_fusion_0p25
8,1-2-3-4-5-6-7|8,sgd_logistic,all32,bandpass_0_5_48,causal,0.0,True,event_union,corr,2,8,0.2,0.15,0.15,0.0,100,expanded,0.876997218918008,0.7317600075375711,0.8775566968559464,0.8787367331368231,0.5933143173445257,0.36690696428729835,0.6091148388805124,0.60188481171951,fusion,0.8787367331368231,0.0017395142188151302,out\classification_subject_epochs3\runs\subj08_split02\alpha_0p2_fusion_0p15
12,1-2-3-4-5-6|7,sgd_logistic,all32,bandpass_0_5_48,causal,0.0,True,event_union,corr,2,8,0.2,0.15,0.15,0.0,100,expanded,0.8428910773843571,0.6480665009215185,0.840315612945172,0.8446173202925015,0.5353220195553764,0.2628003022010101,0.5324991248480003,0.5371331491393013,fusion,0.8446173202925015,0.001726242908144382,out\classification_subject_epochs3\runs\subj12_split01\alpha_0p2_fusion_0p15
5,1-2-3-4-5-6-7|8,sgd_logistic,all32,bandpass_0_5_48,causal,0.0,True,event_union,corr,2,8,0.3,0.1,0.1,0.0,100,expanded,0.7314445527152126,0.5989205810665711,0.7331572496671172,0.7300723805211256,0.35698293376045825,0.21687684830765122,0.3584412237053094,0.3570234688405744,combined,0.7331572496671172,0.0017126969519045687,out\classification_subject_epochs3\runs\subj05_split02\alpha_0p3_fusion_0p1
5,1-2-3-4-5-6-7|8,sgd_logistic,all32,bandpass_0_5_48,causal,0.0,True,event_union,corr,2,8,0.3,0.15,0.15,0.0,100,expanded,0.7314445527152126,0.5989205810665711,0.7331572496671172,0.7288716013249803,0.35698293376045825,0.21687684830765122,0.3584412237053094,0.3560012424441505,combined,0.7331572496671172,0.0017126969519045687,out\classification_subject_epochs3\runs\subj05_split02\alpha_0p3_fusion_0p15
5,1-2-3-4-5-6-7|8,sgd_logistic,all32,bandpass_0_5_48,causal,0.0,True,event_union,corr,2,8,0.3,0.2,0.2,0.0,100,expanded,0.7314445527152126,0.5989205810665711,0.7331572496671172,0.727300855455062,0.35698293376045825,0.21687684830765122,0.3584412237053094,0.3538067801343537,combined,0.7331572496671172,0.0017126969519045687,out\classification_subject_epochs3\runs\subj05_split02\alpha_0p3_fusion_0p2
5,1-2-3-4-5-6-7|8,sgd_logistic,all32,bandpass_0_5_48,causal,0.0,True,event_union,corr,2,8,0.3,0.25,0.25,0.0,100,expanded,0.7314445527152126,0.5989205810665711,0.7331572496671172,0.7257141859706642,0.35698293376045825,0.21687684830765122,0.3584412237053094,0.3518307098207322,combined,0.7331572496671172,0.0017126969519045687,out\classification_subject_epochs3\runs\subj05_split02\alpha_0p3_fusion_0p25
5,1-2-3-4-5-6-7|8,sgd_logistic,all32,bandpass_0_5_48,causal,0.0,True,event_union,corr,2,8,0.1,0.1,0.1,0.0,100,expanded,0.7480635227913828,0.5941017767700233,0.7497478523451679,0.7468486764208416,0.3750583498523498,0.21440241570963983,0.3732260680575365,0.37414266840835686,combined,0.7497478523451679,0.0016843295537851688,out\classification_subject_epochs3\runs\subj05_split02\alpha_0p1_fusion_0p1
5,1-2-3-4-5-6-7|8,sgd_logistic,all32,bandpass_0_5_48,causal,0.0,True,event_union,corr,2,8,0.1,0.15,0.15,0.0,100,expanded,0.7480635227913828,0.5941017767700233,0.7497478523451679,0.745864945287352,0.3750583498523498,0.21440241570963983,0.3732260680575365,0.37202846606003526,combined,0.7497478523451679,0.0016843295537851688,out\classification_subject_epochs3\runs\subj05_split02\alpha_0p1_fusion_0p15
5,1-2-3-4-5-6-7|8,sgd_logistic,all32,bandpass_0_5_48,causal,0.0,True,event_union,corr,2,8,0.1,0.2,0.2,0.0,100,expanded,0.7480635227913828,0.5941017767700233,0.7497478523451679,0.7443792068919567,0.3750583498523498,0.21440241570963983,0.3732260680575365,0.369914007474297,combined,0.7497478523451679,0.0016843295537851688,out\classification_subject_epochs3\runs\subj05_split02\alpha_0p1_fusion_0p2
5,1-2-3-4-5-6-7|8,sgd_logistic,all32,bandpass_0_5_48,causal,0.0,True,event_union,corr,2,8,0.1,0.25,0.25,0.0,100,expanded,0.7480635227913828,0.5941017767700233,0.7497478523451679,0.742579388377154,0.3750583498523498,0.21440241570963983,0.3732260680575365,0.36686016037309305,combined,0.7497478523451679,0.0016843295537851688,out\classification_subject_epochs3\runs\subj05_split02\alpha_0p1_fusion_0p25
7,1-2-3-4-5-6-7|8,sgd_logistic,all32,bandpass_0_5_48,causal,0.0,True,event_union,corr,2,8,0.3,0.1,0.1,0.0,100,expanded,0.9105214188358469,0.7649173633672435,0.9122042299936167,0.9121788149449402,0.6628892261132774,0.34395995694490167,0.6649264195000514,0.6645950734718004,combined,0.9122042299936167,0.0016828111577698035,out\classification_subject_epochs3\runs\subj07_split02\alpha_0p3_fusion_0p1
8,1-2-3-4-5-6-7|8,sgd_logistic,all32,bandpass_0_5_48,causal,0.0,True,event_union,corr,2,8,0.2,0.25,0.25,0.0,100,expanded,0.876997218918008,0.7317600075375711,0.8775566968559464,0.8786471356442395,0.5933143173445257,0.36690696428729835,0.6091148388805124,0.6047433886711951,fusion,0.8786471356442395,0.0016499167262314929,out\classification_subject_epochs3\runs\subj08_split02\alpha_0p2_fusion_0p25
12,1-2-3-4-5-6|7,sgd_logistic,all32,bandpass_0_5_48,causal,0.0,True,event_union,corr,2,8,0.3,0.15,0.15,0.0,100,expanded,0.8375906826015717,0.6472930030861129,0.8358148243864022,0.8392171426448085,0.5266892946986609,0.26235059690485996,0.5248607268729596,0.5279183770102827,fusion,0.8392171426448085,0.0016264600432368548,out\classification_subject_epochs3\runs\subj12_split01\alpha_0p3_fusion_0p15
7,1-2-3-4-5-6-7|8,sgd_logistic,all32,bandpass_0_5_48,causal,0.0,True,event_union,corr,2,8,0.1,0.1,0.1,0.0,100,expanded,0.9205203610005989,0.7836654619132043,0.9220829414996735,0.9220969321987621,0.6857359030775257,0.37616712735479035,0.6887931349878627,0.6814738434224764,fusion,0.9220969321987621,0.0015765711981632347,out\classification_subject_epochs3\runs\subj07_split02\alpha_0p1_fusion_0p1
12,1-2-3-4-5-6|7,sgd_logistic,all32,bandpass_0_5_48,causal,0.0,True,event_union,corr,2,8,0.2,0.2,0.2,0.0,100,expanded,0.8428910773843571,0.6480665009215185,0.840315612945172,0.8444424774366945,0.5353220195553764,0.2628003022010101,0.5324991248480003,0.5374600671071582,fusion,0.8444424774366945,0.0015514000523374483,out\classification_subject_epochs3\runs\subj12_split01\alpha_0p2_fusion_0p2
6,1-2-3-4-5-6|7,sgd_logistic,all32,bandpass_0_5_48,causal,0.0,True,event_union,corr,2,8,0.3,0.1,0.1,0.0,100,expanded,0.8522824348835766,0.6961135165557382,0.8466448329231205,0.8538032285007464,0.5586782047623822,0.32848951367960744,0.5595502663839521,0.5612778290630982,fusion,0.8538032285007464,0.0015207936171698355,out\classification_subject_epochs3\runs\subj06_split01\alpha_0p3_fusion_0p1
6,1-2-3-4-5-6|7,sgd_logistic,all32,bandpass_0_5_48,causal,0.0,True,event_union,corr,2,8,0.2,0.1,0.1,0.0,100,expanded,0.8601976176370657,0.698957245923132,0.854375297728795,0.8617024728288918,0.5744197723152561,0.3346202127253677,0.5730715456817586,0.5773479518967833,fusion,0.8617024728288918,0.0015048551918260822,out\classification_subject_epochs3\runs\subj06_split01\alpha_0p2_fusion_0p1
4,1-2-3-4-5-6-7|8,sgd_logistic,all32,bandpass_0_5_48,causal,0.0,True,event_union,corr,2,8,0.1,0.1,0.1,0.0,100,expanded,0.8998910343326231,0.7012611758552607,0.9013550140803234,0.9005712290003781,0.7161535553015382,0.3446890784397522,0.713385661556326,0.7201317653802959,combined,0.9013550140803234,0.0014639797477002947,out\classification_subject_epochs3\runs\subj04_split02\alpha_0p1_fusion_0p1
4,1-2-3-4-5-6-7|8,sgd_logistic,all32,bandpass_0_5_48,causal,0.0,True,event_union,corr,2,8,0.1,0.15,0.15,0.0,100,expanded,0.8998910343326231,0.7012611758552607,0.9013550140803234,0.9006299395267844,0.7161535553015382,0.3446890784397522,0.713385661556326,0.719756294366928,combined,0.9013550140803234,0.0014639797477002947,out\classification_subject_epochs3\runs\subj04_split02\alpha_0p1_fusion_0p15
4,1-2-3-4-5-6-7|8,sgd_logistic,all32,bandpass_0_5_48,causal,0.0,True,event_union,corr,2,8,0.1,0.2,0.2,0.0,100,expanded,0.8998910343326231,0.7012611758552607,0.9013550140803234,0.9003548235009812,0.7161535553015382,0.3446890784397522,0.713385661556326,0.7175485016534738,combined,0.9013550140803234,0.0014639797477002947,out\classification_subject_epochs3\runs\subj04_split02\alpha_0p1_fusion_0p2
4,1-2-3-4-5-6-7|8,sgd_logistic,all32,bandpass_0_5_48,causal,0.0,True,event_union,corr,2,8,0.1,0.25,0.25,0.0,100,expanded,0.8998910343326231,0.7012611758552607,0.9013550140803234,0.8997433816562864,0.7161535553015382,0.3446890784397522,0.713385661556326,0.7146315365092356,combined,0.9013550140803234,0.0014639797477002947,out\classification_subject_epochs3\runs\subj04_split02\alpha_0p1_fusion_0p25
8,1-2-3-4-5-6-7|8,sgd_logistic,all32,bandpass_0_5_48,causal,0.0,True,event_union,corr,2,8,0.2,0.1,0.1,0.0,100,expanded,0.876997218918008,0.7317600075375711,0.8775566968559464,0.8784402059430136,0.5933143173445257,0.36690696428729835,0.6091148388805124,0.6003544875149468,fusion,0.8784402059430136,0.0014429870250056709,out\classification_subject_epochs3\runs\subj08_split02\alpha_0p2_fusion_0p1
12,1-2-3-4-5-6|7,sgd_logistic,all32,bandpass_0_5_48,causal,0.0,True,event_union,corr,2,8,0.3,0.2,0.2,0.0,100,expanded,0.8375906826015717,0.6472930030861129,0.8358148243864022,0.8389882847996369,0.5266892946986609,0.26235059690485996,0.5248607268729596,0.5283456658980726,fusion,0.8389882847996369,0.0013976021980652842,out\classification_subject_epochs3\runs\subj12_split01\alpha_0p3_fusion_0p2
12,1-2-3-4-5-6|7,sgd_logistic,all32,bandpass_0_5_48,causal,0.0,True,event_union,corr,2,8,0.2,0.1,0.1,0.0,100,expanded,0.8428910773843571,0.6480665009215185,0.840315612945172,0.8442645628796432,0.5353220195553764,0.2628003022010101,0.5324991248480003,0.5369043596649744,fusion,0.8442645628796432,0.001373485495286153,out\classification_subject_epochs3\runs\subj12_split01\alpha_0p2_fusion_0p1
6,1-2-3-4-5-6|7,sgd_logistic,all32,bandpass_0_5_48,causal,0.0,True,event_union,corr,2,8,0.1,0.1,0.1,0.0,100,expanded,0.8720944661320454,0.7016854141292869,0.8643664136120424,0.873453990116369,0.5988449346969134,0.34061423994846524,0.5940012582478785,0.6022743442233511,fusion,0.873453990116369,0.0013595239843235962,out\classification_subject_epochs3\runs\subj06_split01\alpha_0p1_fusion_0p1
12,1-2-3-4-5-6|7,sgd_logistic,all32,bandpass_0_5_48,causal,0.0,True,event_union,corr,2,8,0.3,0.1,0.1,0.0,100,expanded,0.8375906826015717,0.6472930030861129,0.8358148243864022,0.8389422805105057,0.5266892946986609,0.26235059690485996,0.5248607268729596,0.5284547799985101,fusion,0.8389422805105057,0.0013515979089340213,out\classification_subject_epochs3\runs\subj12_split01\alpha_0p3_fusion_0p1
3,1-2-3-4-5-6|7,sgd_logistic,all32,bandpass_0_5_48,causal,0.0,True,event_union,corr,2,8,0.1,0.15,0.15,0.0,100,expanded,0.8601177686078824,0.6430502788393576,0.8595612819625197,0.8614665167288114,0.6290892725414616,0.29071272361953154,0.6198032024332388,0.6284098326934083,fusion,0.8614665167288114,0.0013487481209289998,out\classification_subject_epochs3\runs\subj03_split01\alpha_0p1_fusion_0p15
9,1-2-3-4-5-6|7,sgd_logistic,all32,bandpass_0_5_48,causal,0.0,True,event_union,corr,2,8,0.2,0.15,0.15,0.0,100,expanded,0.8599046653381509,0.6880658109530909,0.8543705701017861,0.8612259503445495,0.5824262783381241,0.28818926653575755,0.5935142748044019,0.587133921623465,fusion,0.8612259503445495,0.0013212850063986092,out\classification_subject_epochs3\runs\subj09_split01\alpha_0p2_fusion_0p15
5,1-2-3-4-5-6|7,sgd_logistic,all32,bandpass_0_5_48,causal,0.0,True,event_union,corr,2,8,0.1,0.15,0.15,0.0,100,expanded,0.8060149416443453,0.6686019968471042,0.8047525930903046,0.8072914318854365,0.4714740983408729,0.28063554752320813,0.4697475304645522,0.473609281120724,fusion,0.8072914318854365,0.0012764902410912216,out\classification_subject_epochs3\runs\subj05_split01\alpha_0p1_fusion_0p15
8,1-2-3-4-5-6-7|8,sgd_logistic,all32,bandpass_0_5_48,causal,0.0,True,event_union,corr,2,8,0.1,0.15,0.15,0.0,100,expanded,0.884780899645672,0.7283461721671438,0.8830693849144765,0.8860009857027334,0.6138365472498247,0.35887558738171665,0.6260761024033802,0.621530373028531,fusion,0.8860009857027334,0.0012200860570614758,out\classification_subject_epochs3\runs\subj08_split02\alpha_0p1_fusion_0p15
8,1-2-3-4-5-6|7,sgd_logistic,all32,bandpass_0_5_48,causal,0.0,True,event_union,corr,2,8,0.3,0.1,0.1,0.0,100,expanded,0.8310415687769495,0.6387694064241464,0.8322449142728522,0.830999352036803,0.5139311882155121,0.2753170764529542,0.5170927514723358,0.5146270094253338,combined,0.8322449142728522,0.00120334549590273,out\classification_subject_epochs3\runs\subj08_split01\alpha_0p3_fusion_0p1
8,1-2-3-4-5-6|7,sgd_logistic,all32,bandpass_0_5_48,causal,0.0,True,event_union,corr,2,8,0.3,0.15,0.15,0.0,100,expanded,0.8310415687769495,0.6387694064241464,0.8322449142728522,0.8305152453763841,0.5139311882155121,0.2753170764529542,0.5170927514723358,0.5127243712668328,combined,0.8322449142728522,0.00120334549590273,out\classification_subject_epochs3\runs\subj08_split01\alpha_0p3_fusion_0p15
8,1-2-3-4-5-6|7,sgd_logistic,all32,bandpass_0_5_48,causal,0.0,True,event_union,corr,2,8,0.3,0.2,0.2,0.0,100,expanded,0.8310415687769495,0.6387694064241464,0.8322449142728522,0.8298863776355033,0.5139311882155121,0.2753170764529542,0.5170927514723358,0.5114328211932285,combined,0.8322449142728522,0.00120334549590273,out\classification_subject_epochs3\runs\subj08_split01\alpha_0p3_fusion_0p2
8,1-2-3-4-5-6|7,sgd_logistic,all32,bandpass_0_5_48,causal,0.0,True,event_union,corr,2,8,0.3,0.25,0.25,0.0,100,expanded,0.8310415687769495,0.6387694064241464,0.8322449142728522,0.8289710597959196,0.5139311882155121,0.2753170764529542,0.5170927514723358,0.5104045264868945,combined,0.8322449142728522,0.00120334549590273,out\classification_subject_epochs3\runs\subj08_split01\alpha_0p3_fusion_0p25
9,1-2-3-4-5-6|7,sgd_logistic,all32,bandpass_0_5_48,causal,0.0,True,event_union,corr,2,8,0.2,0.1,0.1,0.0,100,expanded,0.8599046653381509,0.6880658109530909,0.8543705701017861,0.8611007951643311,0.5824262783381241,0.28818926653575755,0.5935142748044019,0.5866565779417567,fusion,0.8611007951643311,0.0011961298261802256,out\classification_subject_epochs3\runs\subj09_split01\alpha_0p2_fusion_0p1
12,1-2-3-4-5-6|7,sgd_logistic,all32,bandpass_0_5_48,causal,0.0,True,event_union,corr,2,8,0.1,0.15,0.15,0.0,100,expanded,0.8513953292500288,0.649614669648493,0.8455359321029318,0.8525705399289696,0.5496305426504817,0.26140891977249125,0.5405390753870316,0.5518471653793624,fusion,0.8525705399289696,0.0011752106789407746,out\classification_subject_epochs3\runs\subj12_split01\alpha_0p1_fusion_0p15
5,1-2-3-4-5-6|7,sgd_logistic,all32,bandpass_0_5_48,causal,0.0,True,event_union,corr,2,8,0.1,0.1,0.1,0.0,100,expanded,0.8060149416443453,0.6686019968471042,0.8047525930903046,0.8071732803192012,0.4714740983408729,0.28063554752320813,0.4697475304645522,0.4738152993716434,fusion,0.8071732803192012,0.00115833867485593,out\classification_subject_epochs3\runs\subj05_split01\alpha_0p1_fusion_0p1
5,1-2-3-4-5-6|7,sgd_logistic,all32,bandpass_0_5_48,causal,0.0,True,event_union,corr,2,8,0.1,0.2,0.2,0.0,100,expanded,0.8060149416443453,0.6686019968471042,0.8047525930903046,0.8071562375381962,0.4714740983408729,0.28063554752320813,0.4697475304645522,0.472856588182413,fusion,0.8071562375381962,0.0011412958938509243,out\classification_subject_epochs3\runs\subj05_split01\alpha_0p1_fusion_0p2
9,1-2-3-4-5-6|7,sgd_logistic,all32,bandpass_0_5_48,causal,0.0,True,event_union,corr,2,8,0.2,0.2,0.2,0.0,100,expanded,0.8599046653381509,0.6880658109530909,0.8543705701017861,0.8610372371990013,0.5824262783381241,0.28818926653575755,0.5935142748044019,0.5885307650169542,fusion,0.8610372371990013,0.001132571860850362,out\classification_subject_epochs3\runs\subj09_split01\alpha_0p2_fusion_0p2
3,1-2-3-4-5-6|7,sgd_logistic,all32,bandpass_0_5_48,causal,0.0,True,event_union,corr,2,8,0.1,0.1,0.1,0.0,100,expanded,0.8601177686078824,0.6430502788393576,0.8595612819625197,0.8612414990728597,0.6290892725414616,0.29071272361953154,0.6198032024332388,0.6293584029753317,fusion,0.8612414990728597,0.0011237304649773794,out\classification_subject_epochs3\runs\subj03_split01\alpha_0p1_fusion_0p1
9,1-2-3-4-5-6|7,sgd_logistic,all32,bandpass_0_5_48,causal,0.0,True,event_union,corr,2,8,0.3,0.15,0.15,0.0,100,expanded,0.8549049038878279,0.6834634437605813,0.8489943584073106,0.8559922948908355,0.5729593906596981,0.28321053202112173,0.5800055732171318,0.5769528311517257,fusion,0.8559922948908355,0.0010873910030075873,out\classification_subject_epochs3\runs\subj09_split01\alpha_0p3_fusion_0p15
9,1-2-3-4-5-6|7,sgd_logistic,all32,bandpass_0_5_48,causal,0.0,True,event_union,corr,2,8,0.1,0.15,0.15,0.0,100,expanded,0.8648293091485466,0.6955307711136854,0.8607681549323409,0.8658990753814094,0.5956012930903102,0.2979669997678094,0.6099639907661516,0.6024426559824382,fusion,0.8658990753814094,0.0010697662328628121,out\classification_subject_epochs3\runs\subj09_split01\alpha_0p1_fusion_0p15
4,1-2-3-4-5-6|7,sgd_logistic,all32,bandpass_0_5_48,causal,0.0,True,event_union,corr,2,8,0.1,0.15,0.15,0.0,100,expanded,0.9101061038360237,0.7095921684625566,0.9102029892882356,0.911141713940065,0.7233147909108394,0.33534112591896714,0.722517881656129,0.7293520484723323,fusion,0.911141713940065,0.0010356101040412957,out\classification_subject_epochs3\runs\subj04_split01\alpha_0p1_fusion_0p15
12,1-2-3-4-5-6|7,sgd_logistic,all32,bandpass_0_5_48,causal,0.0,True,event_union,corr,2,8,0.2,0.25,0.25,0.0,100,expanded,0.8428910773843571,0.6480665009215185,0.840315612945172,0.8439177887934318,0.5353220195553764,0.2628003022010101,0.5324991248480003,0.5357144283322941,fusion,0.8439177887934318,0.001026711409074732,out\classification_subject_epochs3\runs\subj12_split01\alpha_0p2_fusion_0p25
12,1-2-3-4-5-6|7,sgd_logistic,all32,bandpass_0_5_48,causal,0.0,True,event_union,corr,2,8,0.1,0.1,0.1,0.0,100,expanded,0.8513953292500288,0.649614669648493,0.8455359321029318,0.8524201822790478,0.5496305426504817,0.26140891977249125,0.5405390753870316,0.551282103466572,fusion,0.8524201822790478,0.0010248530290190017,out\classification_subject_epochs3\runs\subj12_split01\alpha_0p1_fusion_0p1
8,1-2-3-4-5-6-7|8,sgd_logistic,all32,bandpass_0_5_48,causal,0.0,True,event_union,corr,2,8,0.1,0.1,0.1,0.0,100,expanded,0.884780899645672,0.7283461721671438,0.8830693849144765,0.8858044836905896,0.6138365472498247,0.35887558738171665,0.6260761024033802,0.6200529320357061,fusion,0.8858044836905896,0.001023584044917647,out\classification_subject_epochs3\runs\subj08_split02\alpha_0p1_fusion_0p1
8,1-2-3-4-5-6-7|8,sgd_logistic,all32,bandpass_0_5_48,causal,0.0,True,event_union,corr,2,8,0.1,0.2,0.2,0.0,100,expanded,0.884780899645672,0.7283461721671438,0.8830693849144765,0.8857954502868018,0.6138365472498247,0.35887558738171665,0.6260761024033802,0.6220233277370302,fusion,0.8857954502868018,0.0010145506411298744,out\classification_subject_epochs3\runs\subj08_split02\alpha_0p1_fusion_0p2
9,1-2-3-4-5-6|7,sgd_logistic,all32,bandpass_0_5_48,causal,0.0,True,event_union,corr,2,8,0.3,0.1,0.1,0.0,100,expanded,0.8549049038878279,0.6834634437605813,0.8489943584073106,0.8559181364539491,0.5729593906596981,0.28321053202112173,0.5800055732171318,0.57660443191047,fusion,0.8559181364539491,0.0010132325661211805,out\classification_subject_epochs3\runs\subj09_split01\alpha_0p3_fusion_0p1
3,1-2-3-4-5-6|7,sgd_logistic,all32,bandpass_0_5_48,causal,0.0,True,event_union,corr,2,8,0.1,0.2,0.2,0.0,100,expanded,0.8601177686078824,0.6430502788393576,0.8595612819625197,0.8611250734616059,0.6290892725414616,0.29071272361953154,0.6198032024332388,0.6262132215239954,fusion,0.8611250734616059,0.0010073048537235785,out\classification_subject_epochs3\runs\subj03_split01\alpha_0p1_fusion_0p2
9,1-2-3-4-5-6|7,sgd_logistic,all32,bandpass_0_5_48,causal,0.0,True,event_union,corr,2,8,0.1,0.1,0.1,0.0,100,expanded,0.8648293091485466,0.6955307711136854,0.8607681549323409,0.8658339905939996,0.5956012930903102,0.2979669997678094,0.6099639907661516,0.6005820543087577,fusion,0.8658339905939996,0.0010046814454529596,out\classification_subject_epochs3\runs\subj09_split01\alpha_0p1_fusion_0p1
4,1-2-3-4-5-6|7,sgd_logistic,all32,bandpass_0_5_48,causal,0.0,True,event_union,corr,2,8,0.1,0.1,0.1,0.0,100,expanded,0.9101061038360237,0.7095921684625566,0.9102029892882356,0.9110785854668899,0.7233147909108394,0.33534112591896714,0.722517881656129,0.7285913248868018,fusion,0.9110785854668899,0.0009724816308661621,out\classification_subject_epochs3\runs\subj04_split01\alpha_0p1_fusion_0p1
12,1-2-3-4-5-6|7,sgd_logistic,all32,bandpass_0_5_48,causal,0.0,True,event_union,corr,2,8,0.1,0.2,0.2,0.0,100,expanded,0.8513953292500288,0.649614669648493,0.8455359321029318,0.8522998180923381,0.5496305426504817,0.26140891977249125,0.5405390753870316,0.5501631500933009,fusion,0.8522998180923381,0.0009044888423093145,out\classification_subject_epochs3\runs\subj12_split01\alpha_0p1_fusion_0p2
11,1-2-3-4-5-6-7|8,sgd_logistic,all32,bandpass_0_5_48,causal,0.0,True,event_union,corr,2,8,0.1,0.15,0.15,0.0,100,expanded,0.8419049510823561,0.6859839312979544,0.8393191995098402,0.84279927736655,0.5446802738611769,0.30090852484532915,0.5603247259281011,0.546287894381599,fusion,0.84279927736655,0.000894326284193947,out\classification_subject_epochs3\runs\subj11_split02\alpha_0p1_fusion_0p15
11,1-2-3-4-5-6-7|8,sgd_logistic,all32,bandpass_0_5_48,causal,0.0,True,event_union,corr,2,8,0.1,0.1,0.1,0.0,100,expanded,0.8419049510823561,0.6859839312979544,0.8393191995098402,0.8427636312141594,0.5446802738611769,0.30090852484532915,0.5603247259281011,0.5471967631900173,fusion,0.8427636312141594,0.0008586801318033466,out\classification_subject_epochs3\runs\subj11_split02\alpha_0p1_fusion_0p1
9,1-2-3-4-5-6|7,sgd_logistic,all32,bandpass_0_5_48,causal,0.0,True,event_union,corr,2,8,0.3,0.2,0.2,0.0,100,expanded,0.8549049038878279,0.6834634437605813,0.8489943584073106,0.8557347426300224,0.5729593906596981,0.28321053202112173,0.5800055732171318,0.5777190557606637,fusion,0.8557347426300224,0.0008298387421944442,out\classification_subject_epochs3\runs\subj09_split01\alpha_0p3_fusion_0p2
12,1-2-3-4-5-6|7,sgd_logistic,all32,bandpass_0_5_48,causal,0.0,True,event_union,corr,2,8,0.3,0.25,0.25,0.0,100,expanded,0.8375906826015717,0.6472930030861129,0.8358148243864022,0.8383947992058216,0.5266892946986609,0.26235059690485996,0.5248607268729596,0.5269507219895603,fusion,0.8383947992058216,0.0008041166042499492,out\classification_subject_epochs3\runs\subj12_split01\alpha_0p3_fusion_0p25
9,1-2-3-4-5-6|7,sgd_logistic,all32,bandpass_0_5_48,causal,0.0,True,event_union,corr,2,8,0.1,0.2,0.2,0.0,100,expanded,0.8648293091485466,0.6955307711136854,0.8607681549323409,0.8656100287651536,0.5956012930903102,0.2979669997678094,0.6099639907661516,0.6039356730373066,fusion,0.8656100287651536,0.000780719616606973,out\classification_subject_epochs3\runs\subj09_split01\alpha_0p1_fusion_0p2
9,1-2-3-4-5-6-7|8,sgd_logistic,all32,bandpass_0_5_48,causal,0.0,True,event_union,corr,2,8,0.1,0.1,0.1,0.0,100,expanded,0.8610942479800591,0.7057034880368453,0.8618639239021214,0.8617432966414819,0.6089968042522063,0.3213836448103504,0.6264960657179085,0.6191920725440413,combined,0.8618639239021214,0.0007696759220623406,out\classification_subject_epochs3\runs\subj09_split02\alpha_0p1_fusion_0p1
9,1-2-3-4-5-6-7|8,sgd_logistic,all32,bandpass_0_5_48,causal,0.0,True,event_union,corr,2,8,0.1,0.15,0.15,0.0,100,expanded,0.8610942479800591,0.7057034880368453,0.8618639239021214,0.8616304041634063,0.6089968042522063,0.3213836448103504,0.6264960657179085,0.6219990328697279,combined,0.8618639239021214,0.0007696759220623406,out\classification_subject_epochs3\runs\subj09_split02\alpha_0p1_fusion_0p15
9,1-2-3-4-5-6-7|8,sgd_logistic,all32,bandpass_0_5_48,causal,0.0,True,event_union,corr,2,8,0.1,0.2,0.2,0.0,100,expanded,0.8610942479800591,0.7057034880368453,0.8618639239021214,0.8614481770788737,0.6089968042522063,0.3213836448103504,0.6264960657179085,0.6243300372428104,combined,0.8618639239021214,0.0007696759220623406,out\classification_subject_epochs3\runs\subj09_split02\alpha_0p1_fusion_0p2
9,1-2-3-4-5-6-7|8,sgd_logistic,all32,bandpass_0_5_48,causal,0.0,True,event_union,corr,2,8,0.1,0.25,0.25,0.0,100,expanded,0.8610942479800591,0.7057034880368453,0.8618639239021214,0.8606704523812135,0.6089968042522063,0.3213836448103504,0.6264960657179085,0.6251886018938215,combined,0.8618639239021214,0.0007696759220623406,out\classification_subject_epochs3\runs\subj09_split02\alpha_0p1_fusion_0p25
11,1-2-3-4-5-6-7|8,sgd_logistic,all32,bandpass_0_5_48,causal,0.0,True,event_union,corr,2,8,0.1,0.2,0.2,0.0,100,expanded,0.8419049510823561,0.6859839312979544,0.8393191995098402,0.8426689044196252,0.5446802738611769,0.30090852484532915,0.5603247259281011,0.5444307709659286,fusion,0.8426689044196252,0.0007639533372690854,out\classification_subject_epochs3\runs\subj11_split02\alpha_0p1_fusion_0p2
4,1-2-3-4-5-6|7,sgd_logistic,all32,bandpass_0_5_48,causal,0.0,True,event_union,corr,2,8,0.1,0.2,0.2,0.0,100,expanded,0.9101061038360237,0.7095921684625566,0.9102029892882356,0.9107970726229387,0.7233147909108394,0.33534112591896714,0.722517881656129,0.7287167945345533,fusion,0.9107970726229387,0.0006909687869149916,out\classification_subject_epochs3\runs\subj04_split01\alpha_0p1_fusion_0p2
3,1-2-3-4-5-6-7|8,sgd_logistic,all32,bandpass_0_5_48,causal,0.0,True,event_union,corr,2,8,0.1,0.1,0.1,0.0,100,expanded,0.8840525531451832,0.6480723509079631,0.8714475505282858,0.884689072301544,0.6649300073457954,0.27979634015731325,0.6357484792766336,0.6609734333572271,fusion,0.884689072301544,0.0006365191563608708,out\classification_subject_epochs3\runs\subj03_split02\alpha_0p1_fusion_0p1
4,1-2-3-4-5-6|7,sgd_logistic,all32,bandpass_0_5_48,causal,0.0,True,event_union,corr,2,8,0.3,0.1,0.1,0.0,100,expanded,0.9020988320483646,0.7020985713815339,0.9027340860742644,0.9025463419061373,0.6946478019975134,0.327083514678494,0.7024629099558122,0.6995975585092288,combined,0.9027340860742644,0.0006352540258998118,out\classification_subject_epochs3\runs\subj04_split01\alpha_0p3_fusion_0p1
4,1-2-3-4-5-6|7,sgd_logistic,all32,bandpass_0_5_48,causal,0.0,True,event_union,corr,2,8,0.3,0.15,0.15,0.0,100,expanded,0.9020988320483646,0.7020985713815339,0.9027340860742644,0.9024407436199228,0.6946478019975134,0.327083514678494,0.7024629099558122,0.7007018161449222,combined,0.9027340860742644,0.0006352540258998118,out\classification_subject_epochs3\runs\subj04_split01\alpha_0p3_fusion_0p15
4,1-2-3-4-5-6|7,sgd_logistic,all32,bandpass_0_5_48,causal,0.0,True,event_union,corr,2,8,0.3,0.2,0.2,0.0,100,expanded,0.9020988320483646,0.7020985713815339,0.9027340860742644,0.9020930526287425,0.6946478019975134,0.327083514678494,0.7024629099558122,0.7003797944099607,combined,0.9027340860742644,0.0006352540258998118,out\classification_subject_epochs3\runs\subj04_split01\alpha_0p3_fusion_0p2
4,1-2-3-4-5-6|7,sgd_logistic,all32,bandpass_0_5_48,causal,0.0,True,event_union,corr,2,8,0.3,0.25,0.25,0.0,100,expanded,0.9020988320483646,0.7020985713815339,0.9027340860742644,0.9013903223885257,0.6946478019975134,0.327083514678494,0.7024629099558122,0.6992796629985927,combined,0.9027340860742644,0.0006352540258998118,out\classification_subject_epochs3\runs\subj04_split01\alpha_0p3_fusion_0p25
4,1-2-3-4-5-6|7,sgd_logistic,all32,bandpass_0_5_48,causal,0.0,True,event_union,corr,2,8,0.2,0.1,0.1,0.0,100,expanded,0.9057705695009107,0.7058476738711233,0.9061884988276,0.9063923432389168,0.7070528290240979,0.3303561745702775,0.711837240338808,0.7116519895054193,fusion,0.9063923432389168,0.0006217737380060928,out\classification_subject_epochs3\runs\subj04_split01\alpha_0p2_fusion_0p1
9,1-2-3-4-5-6|7,sgd_logistic,all32,bandpass_0_5_48,causal,0.0,True,event_union,corr,2,8,0.2,0.25,0.25,0.0,100,expanded,0.8599046653381509,0.6880658109530909,0.8543705701017861,0.8605151584609022,0.5824262783381241,0.28818926653575755,0.5935142748044019,0.5895140517096008,fusion,0.8605151584609022,0.0006104931227512989,out\classification_subject_epochs3\runs\subj09_split01\alpha_0p2_fusion_0p25
8,1-2-3-4-5-6-7|8,sgd_logistic,all32,bandpass_0_5_48,causal,0.0,True,event_union,corr,2,8,0.1,0.25,0.25,0.0,100,expanded,0.884780899645672,0.7283461721671438,0.8830693849144765,0.8853686325316638,0.6138365472498247,0.35887558738171665,0.6260761024033802,0.6214984487068289,fusion,0.8853686325316638,0.0005877328859917874,out\classification_subject_epochs3\runs\subj08_split02\alpha_0p1_fusion_0p25
4,1-2-3-4-5-6|7,sgd_logistic,all32,bandpass_0_5_48,causal,0.0,True,event_union,corr,2,8,0.2,0.15,0.15,0.0,100,expanded,0.9057705695009107,0.7058476738711233,0.9061884988276,0.9063430548494932,0.7070528290240979,0.3303561745702775,0.711837240338808,0.7133334204582337,fusion,0.9063430548494932,0.0005724853485824521,out\classification_subject_epochs3\runs\subj04_split01\alpha_0p2_fusion_0p15
5,1-2-3-4-5-6|7,sgd_logistic,all32,bandpass_0_5_48,causal,0.0,True,event_union,corr,2,8,0.1,0.25,0.25,0.0,100,expanded,0.8060149416443453,0.6686019968471042,0.8047525930903046,0.806552458103246,0.4714740983408729,0.28063554752320813,0.4697475304645522,0.47160553380157205,fusion,0.806552458103246,0.0005375164589007664,out\classification_subject_epochs3\runs\subj05_split01\alpha_0p1_fusion_0p25
5,1-2-3-4-5-6|7,sgd_logistic,all32,bandpass_0_5_48,causal,0.0,True,event_union,corr,2,8,0.2,0.1,0.1,0.0,100,expanded,0.8049509584994096,0.6713358316336887,0.8044751806180134,0.8054722975087062,0.4664571093146474,0.278426727922201,0.4660669468151324,0.4670697245277757,fusion,0.8054722975087062,0.0005213390092966286,out\classification_subject_epochs3\runs\subj05_split01\alpha_0p2_fusion_0p1
11,1-2-3-4-5-6-7|8,sgd_logistic,all32,bandpass_0_5_48,causal,0.0,True,event_union,corr,2,8,0.2,0.15,0.15,0.0,100,expanded,0.8408309595113447,0.6828623185166109,0.840031679037458,0.8412590977964189,0.5439328649821278,0.30004197415896705,0.5652378127437265,0.5463134464648816,fusion,0.8412590977964189,0.0004281382850742643,out\classification_subject_epochs3\runs\subj11_split02\alpha_0p2_fusion_0p15
5,1-2-3-4-5-6|7,sgd_logistic,all32,bandpass_0_5_48,causal,0.0,True,event_union,corr,2,8,0.2,0.15,0.15,0.0,100,expanded,0.8049509584994096,0.6713358316336887,0.8044751806180134,0.80537279566256,0.4664571093146474,0.278426727922201,0.4660669468151324,0.4680065807455181,fusion,0.80537279566256,0.0004218371631504736,out\classification_subject_epochs3\runs\subj05_split01\alpha_0p2_fusion_0p15
4,1-2-3-4-5-6|7,sgd_logistic,all32,bandpass_0_5_48,causal,0.0,True,event_union,corr,2,8,0.2,0.2,0.2,0.0,100,expanded,0.9057705695009107,0.7058476738711233,0.9061884988276,0.9060294407191142,0.7070528290240979,0.3303561745702775,0.711837240338808,0.7136859382131977,combined,0.9061884988276,0.0004179293266892703,out\classification_subject_epochs3\runs\subj04_split01\alpha_0p2_fusion_0p2
4,1-2-3-4-5-6|7,sgd_logistic,all32,bandpass_0_5_48,causal,0.0,True,event_union,corr,2,8,0.2,0.25,0.25,0.0,100,expanded,0.9057705695009107,0.7058476738711233,0.9061884988276,0.9053639037472441,0.7070528290240979,0.3303561745702775,0.711837240338808,0.7119852917269189,combined,0.9061884988276,0.0004179293266892703,out\classification_subject_epochs3\runs\subj04_split01\alpha_0p2_fusion_0p25
11,1-2-3-4-5-6-7|8,sgd_logistic,all32,bandpass_0_5_48,causal,0.0,True,event_union,corr,2,8,0.2,0.1,0.1,0.0,100,expanded,0.8408309595113447,0.6828623185166109,0.840031679037458,0.8412251190166643,0.5439328649821278,0.30004197415896705,0.5652378127437265,0.5463849715729027,fusion,0.8412251190166643,0.0003941595053196245,out\classification_subject_epochs3\runs\subj11_split02\alpha_0p2_fusion_0p1
3,1-2-3-4-5-6-7|8,sgd_logistic,all32,bandpass_0_5_48,causal,0.0,True,event_union,corr,2,8,0.1,0.15,0.15,0.0,100,expanded,0.8840525531451832,0.6480723509079631,0.8714475505282858,0.8844292162306027,0.6649300073457954,0.27979634015731325,0.6357484792766336,0.6574548530177668,fusion,0.8844292162306027,0.0003766630854195041,out\classification_subject_epochs3\runs\subj03_split02\alpha_0p1_fusion_0p15
7,1-2-3-4-5-6|7,sgd_logistic,all32,bandpass_0_5_48,causal,0.0,True,event_union,corr,2,8,0.2,0.1,0.1,0.0,100,expanded,0.9004560758421675,0.721670951370427,0.8972447294059137,0.9008161525318559,0.6117082243114714,0.31178318351393547,0.610948239612874,0.6119107368918644,fusion,0.9008161525318559,0.00036007668968840445,out\classification_subject_epochs3\runs\subj07_split01\alpha_0p2_fusion_0p1
7,1-2-3-4-5-6|7,sgd_logistic,all32,bandpass_0_5_48,causal,0.0,True,event_union,corr,2,8,0.1,0.1,0.1,0.0,100,expanded,0.9071395820413563,0.7358243943877957,0.9039276957833086,0.9074803093906393,0.6318879381809985,0.33238942616373685,0.6340110655116048,0.6335779957018698,fusion,0.9074803093906393,0.00034072734928303205,out\classification_subject_epochs3\runs\subj07_split01\alpha_0p1_fusion_0p1
11,1-2-3-4-5-6-7|8,sgd_logistic,all32,bandpass_0_5_48,causal,0.0,True,event_union,corr,2,8,0.2,0.2,0.2,0.0,100,expanded,0.8408309595113447,0.6828623185166109,0.840031679037458,0.8411348095206085,0.5439328649821278,0.30004197415896705,0.5652378127437265,0.5448566050012008,fusion,0.8411348095206085,0.00030385000926380634,out\classification_subject_epochs3\runs\subj11_split02\alpha_0p2_fusion_0p2
2,1-2-3-4-5-6|7,sgd_logistic,all32,bandpass_0_5_48,causal,0.0,True,event_union,corr,2,8,0.1,0.1,0.1,0.0,100,expanded,0.8844294982887373,0.7492735467085962,0.8838424649870134,0.8847300763028255,0.6505024469327494,0.37359180398372244,0.6425472402543995,0.6535035712077254,fusion,0.8847300763028255,0.0003005780140882264,out\classification_subject_epochs3\runs\subj02_split01\alpha_0p1_fusion_0p1
11,1-2-3-4-5-6-7|8,sgd_logistic,all32,bandpass_0_5_48,causal,0.0,True,event_union,corr,2,8,0.1,0.25,0.25,0.0,100,expanded,0.8419049510823561,0.6859839312979544,0.8393191995098402,0.8421826754489272,0.5446802738611769,0.30090852484532915,0.5603247259281011,0.5426614271079528,fusion,0.8421826754489272,0.0002777243665711415,out\classification_subject_epochs3\runs\subj11_split02\alpha_0p1_fusion_0p25
3,1-2-3-4-5-6|7,sgd_logistic,all32,bandpass_0_5_48,causal,0.0,True,event_union,corr,2,8,0.1,0.25,0.25,0.0,100,expanded,0.8601177686078824,0.6430502788393576,0.8595612819625197,0.8603773320957177,0.6290892725414616,0.29071272361953154,0.6198032024332388,0.6214507888858634,fusion,0.8603773320957177,0.0002595634878352904,out\classification_subject_epochs3\runs\subj03_split01\alpha_0p1_fusion_0p25
10,1-2-3-4-5-6-7|8,sgd_logistic,all32,bandpass_0_5_48,causal,0.0,True,event_union,corr,2,8,0.3,0.1,0.1,0.0,100,expanded,0.8578016632507067,0.6651719171289915,0.8559675606992151,0.8580606985945641,0.5699969302270285,0.33628684523937813,0.5730049561799094,0.5763343475596056,fusion,0.8580606985945641,0.00025903534385740556,out\classification_subject_epochs3\runs\subj10_split02\alpha_0p3_fusion_0p1
9,1-2-3-4-5-6|7,sgd_logistic,all32,bandpass_0_5_48,causal,0.0,True,event_union,corr,2,8,0.3,0.25,0.25,0.0,100,expanded,0.8549049038878279,0.6834634437605813,0.8489943584073106,0.8551637594530814,0.5729593906596981,0.28321053202112173,0.5800055732171318,0.5777298713644353,fusion,0.8551637594530814,0.00025885556525351294,out\classification_subject_epochs3\runs\subj09_split01\alpha_0p3_fusion_0p25
10,1-2-3-4-5-6-7|8,sgd_logistic,all32,bandpass_0_5_48,causal,0.0,True,event_union,corr,2,8,0.2,0.1,0.1,0.0,100,expanded,0.8601999177026943,0.666506104294253,0.857974448482327,0.8604376156566117,0.5772805789328662,0.3358692599357982,0.578521710911076,0.5837726214098593,fusion,0.8604376156566117,0.0002376979539173707,out\classification_subject_epochs3\runs\subj10_split02\alpha_0p2_fusion_0p1
8,1-2-3-4-5-6|7,sgd_logistic,all32,bandpass_0_5_48,causal,0.0,True,event_union,corr,2,8,0.1,0.1,0.1,0.0,100,expanded,0.8498554822847523,0.6425453230733643,0.8450572520253781,0.850074224617988,0.5522700577734893,0.28584167390781384,0.5483598854220899,0.5543825790500773,fusion,0.850074224617988,0.0002187423332357108,out\classification_subject_epochs3\runs\subj08_split01\alpha_0p1_fusion_0p1
8,1-2-3-4-5-6|7,sgd_logistic,all32,bandpass_0_5_48,causal,0.0,True,event_union,corr,2,8,0.2,0.1,0.1,0.0,100,expanded,0.8398851043881463,0.6414278660765267,0.8386423048688411,0.8400751777070349,0.529692833527904,0.2818238176891504,0.5298214144979715,0.5306039949435765,fusion,0.8400751777070349,0.0001900733188885395,out\classification_subject_epochs3\runs\subj08_split01\alpha_0p2_fusion_0p1
7,1-2-3-4-5-6|7,sgd_logistic,all32,bandpass_0_5_48,causal,0.0,True,event_union,corr,2,8,0.1,0.15,0.15,0.0,100,expanded,0.9071395820413563,0.7358243943877957,0.9039276957833086,0.9073241124169682,0.6318879381809985,0.33238942616373685,0.6340110655116048,0.6313619794297435,fusion,0.9073241124169682,0.00018453037561194652,out\classification_subject_epochs3\runs\subj07_split01\alpha_0p1_fusion_0p15
12,1-2-3-4-5-6|7,sgd_logistic,all32,bandpass_0_5_48,causal,0.0,True,event_union,corr,2,8,0.1,0.25,0.25,0.0,100,expanded,0.8513953292500288,0.649614669648493,0.8455359321029318,0.8515752412014542,0.5496305426504817,0.26140891977249125,0.5405390753870316,0.5483133778784924,fusion,0.8515752412014542,0.0001799119514254155,out\classification_subject_epochs3\runs\subj12_split01\alpha_0p1_fusion_0p25
3,1-2-3-4-5-6-7|8,sgd_logistic,all32,bandpass_0_5_48,causal,0.0,True,event_union,corr,2,8,0.2,0.1,0.1,0.0,100,expanded,0.8733070559689509,0.651040999549461,0.8636779533003446,0.8734804335098904,0.6373010461670453,0.28023863271427624,0.6128997255056606,0.6329650121362006,fusion,0.8734804335098904,0.00017337754093948998,out\classification_subject_epochs3\runs\subj03_split02\alpha_0p2_fusion_0p1
3,1-2-3-4-5-6-7|8,sgd_logistic,all32,bandpass_0_5_48,causal,0.0,True,event_union,corr,2,8,0.3,0.1,0.1,0.0,100,expanded,0.8646100366178647,0.6514994632086083,0.8567335047412804,0.8647803428635812,0.6157573712693837,0.2787955457336141,0.5945451971066175,0.6112853959992085,fusion,0.8647803428635812,0.00017030624571645614,out\classification_subject_epochs3\runs\subj03_split02\alpha_0p3_fusion_0p1
2,1-2-3-4-5-6|7,sgd_logistic,all32,bandpass_0_5_48,causal,0.0,True,event_union,corr,2,8,0.1,0.15,0.15,0.0,100,expanded,0.8844294982887373,0.7492735467085962,0.8838424649870134,0.8845916266368518,0.6505024469327494,0.37359180398372244,0.6425472402543995,0.6527996483147073,fusion,0.8845916266368518,0.0001621283481144653,out\classification_subject_epochs3\runs\subj02_split01\alpha_0p1_fusion_0p15
10,1-2-3-4-5-6-7|8,sgd_logistic,all32,bandpass_0_5_48,causal,0.0,True,event_union,corr,2,8,0.1,0.1,0.1,0.0,100,expanded,0.8619605847318433,0.6679788087300333,0.8592171468934012,0.8621135680731286,0.5868436760218567,0.3330624599998138,0.5858188716403646,0.5928772497052465,fusion,0.8621135680731286,0.00015298334128521773,out\classification_subject_epochs3\runs\subj10_split02\alpha_0p1_fusion_0p1
7,1-2-3-4-5-6|7,sgd_logistic,all32,bandpass_0_5_48,causal,0.0,True,event_union,corr,2,8,0.2,0.15,0.15,0.0,100,expanded,0.9004560758421675,0.721670951370427,0.8972447294059137,0.9005750746430249,0.6117082243114714,0.31178318351393547,0.610948239612874,0.6105705929296481,fusion,0.9005750746430249,0.00011899880085741721,out\classification_subject_epochs3\runs\subj07_split01\alpha_0p2_fusion_0p15
5,1-2-3-4-5-6|7,sgd_logistic,all32,bandpass_0_5_48,causal,0.0,True,event_union,corr,2,8,0.3,0.1,0.1,0.0,100,expanded,0.8036510968196886,0.6717090357856615,0.8020433233904041,0.8037684918370888,0.4597919070740794,0.2775397965619215,0.4595705451519784,0.461053096429866,fusion,0.8037684918370888,0.00011739501740015701,out\classification_subject_epochs3\runs\subj05_split01\alpha_0p3_fusion_0p1
9,1-2-3-4-5-6|7,sgd_logistic,all32,bandpass_0_5_48,causal,0.0,True,event_union,corr,2,8,0.1,0.25,0.25,0.0,100,expanded,0.8648293091485466,0.6955307711136854,0.8607681549323409,0.8649381057982923,0.5956012930903102,0.2979669997678094,0.6099639907661516,0.6043114266513047,fusion,0.8649381057982923,0.00010879664974572378,out\classification_subject_epochs3\runs\subj09_split01\alpha_0p1_fusion_0p25
4,1-2-3-4-5-6|7,sgd_logistic,all32,bandpass_0_5_48,causal,0.0,True,event_union,corr,2,8,0.1,0.25,0.25,0.0,100,expanded,0.9101061038360237,0.7095921684625566,0.9102029892882356,0.9099695261498395,0.7233147909108394,0.33534112591896714,0.722517881656129,0.7257924197812176,combined,0.9102029892882356,9.688545221187006e-05,out\classification_subject_epochs3\runs\subj04_split01\alpha_0p1_fusion_0p25
7,1-2-3-4-5-6|7,sgd_logistic,all32,bandpass_0_5_48,causal,0.0,True,event_union,corr,2,8,0.3,0.1,0.1,0.0,100,expanded,0.8953583002550557,0.7107902752401051,0.8919505039361587,0.8954348647532869,0.5980393051212533,0.29837230101643203,0.5931917591565451,0.5966185837455632,fusion,0.8954348647532869,7.656449823123523e-05,out\classification_subject_epochs3\runs\subj07_split01\alpha_0p3_fusion_0p1
11,1-2-3-4-5-6-7|8,sgd_logistic,all32,bandpass_0_5_48,causal,0.0,True,event_union,corr,2,8,0.3,0.1,0.1,0.0,100,expanded,0.838437266948682,0.6798328087789853,0.8378724811914576,0.8385081358334546,0.5375046145302286,0.2951671164626628,0.5579590590634295,0.5393768879065904,fusion,0.8385081358334546,7.086888477259023e-05,out\classification_subject_epochs3\runs\subj11_split02\alpha_0p3_fusion_0p1
5,1-2-3-4-5-6|7,sgd_logistic,all32,bandpass_0_5_48,causal,0.0,True,event_union,corr,2,8,0.2,0.2,0.2,0.0,100,expanded,0.8049509584994096,0.6713358316336887,0.8044751806180134,0.8050120557145091,0.4664571093146474,0.278426727922201,0.4660669468151324,0.467312373190351,fusion,0.8050120557145091,6.109721509950372e-05,out\classification_subject_epochs3\runs\subj05_split01\alpha_0p2_fusion_0p2
10,1-2-3-4-5-6-7|8,sgd_logistic,all32,bandpass_0_5_48,causal,0.0,True,event_union,corr,2,8,0.1,0.15,0.15,0.0,100,expanded,0.8619605847318433,0.6679788087300333,0.8592171468934012,0.8618961998820786,0.5868436760218567,0.3330624599998138,0.5858188716403646,0.5934096867319042,fusion,0.8618961998820786,-6.438484976478698e-05,out\classification_subject_epochs3\runs\subj10_split02\alpha_0p1_fusion_0p15
10,1-2-3-4-5-6-7|8,sgd_logistic,all32,bandpass_0_5_48,causal,0.0,True,event_union,corr,2,8,0.3,0.15,0.15,0.0,100,expanded,0.8578016632507067,0.6651719171289915,0.8559675606992151,0.8577256177762888,0.5699969302270285,0.33628684523937813,0.5730049561799094,0.5775293872617505,fusion,0.8577256177762888,-7.604547441797394e-05,out\classification_subject_epochs3\runs\subj10_split02\alpha_0p3_fusion_0p15
8,1-2-3-4-5-6|7,sgd_logistic,all32,bandpass_0_5_48,causal,0.0,True,event_union,corr,2,8,0.2,0.15,0.15,0.0,100,expanded,0.8398851043881463,0.6414278660765267,0.8386423048688411,0.8397971657995016,0.529692833527904,0.2818238176891504,0.5298214144979715,0.52898817397234,fusion,0.8397971657995016,-8.793858864475368e-05,out\classification_subject_epochs3\runs\subj08_split01\alpha_0p2_fusion_0p15
11,1-2-3-4-5-6-7|8,sgd_logistic,all32,bandpass_0_5_48,causal,0.0,True,event_union,corr,2,8,0.3,0.15,0.15,0.0,100,expanded,0.838437266948682,0.6798328087789853,0.8378724811914576,0.8383207728875876,0.5375046145302286,0.2951671164626628,0.5579590590634295,0.5384145553946122,fusion,0.8383207728875876,-0.00011649406109448535,out\classification_subject_epochs3\runs\subj11_split02\alpha_0p3_fusion_0p15
10,1-2-3-4-5-6-7|8,sgd_logistic,all32,bandpass_0_5_48,causal,0.0,True,event_union,corr,2,8,0.2,0.15,0.15,0.0,100,expanded,0.8601999177026943,0.666506104294253,0.857974448482327,0.86006647095095,0.5772805789328662,0.3358692599357982,0.578521710911076,0.5840782409359204,fusion,0.86006647095095,-0.00013344675174431497,out\classification_subject_epochs3\runs\subj10_split02\alpha_0p2_fusion_0p15
8,1-2-3-4-5-6|7,sgd_logistic,all32,bandpass_0_5_48,causal,0.0,True,event_union,corr,2,8,0.1,0.15,0.15,0.0,100,expanded,0.8498554822847523,0.6425453230733643,0.8450572520253781,0.8497214902266208,0.5522700577734893,0.28584167390781384,0.5483598854220899,0.5527663312169834,fusion,0.8497214902266208,-0.0001339920581314713,out\classification_subject_epochs3\runs\subj08_split01\alpha_0p1_fusion_0p15
7,1-2-3-4-5-6|7,sgd_logistic,all32,bandpass_0_5_48,causal,0.0,True,event_union,corr,2,8,0.3,0.15,0.15,0.0,100,expanded,0.8953583002550557,0.7107902752401051,0.8919505039361587,0.8952193429554889,0.5980393051212533,0.29837230101643203,0.5931917591565451,0.5952582909737814,fusion,0.8952193429554889,-0.0001389572995668109,out\classification_subject_epochs3\runs\subj07_split01\alpha_0p3_fusion_0p15
3,1-2-3-4-5-6-7|8,sgd_logistic,all32,bandpass_0_5_48,causal,0.0,True,event_union,corr,2,8,0.3,0.15,0.15,0.0,100,expanded,0.8646100366178647,0.6514994632086083,0.8567335047412804,0.8644540928050933,0.6157573712693837,0.2787955457336141,0.5945451971066175,0.607417369454945,fusion,0.8644540928050933,-0.00015594381277139746,out\classification_subject_epochs3\runs\subj03_split02\alpha_0p3_fusion_0p15
3,1-2-3-4-5-6-7|8,sgd_logistic,all32,bandpass_0_5_48,causal,0.0,True,event_union,corr,2,8,0.2,0.15,0.15,0.0,100,expanded,0.8733070559689509,0.651040999549461,0.8636779533003446,0.8731359686706371,0.6373010461670453,0.28023863271427624,0.6128997255056606,0.6288829680751672,fusion,0.8731359686706371,-0.00017108729831372127,out\classification_subject_epochs3\runs\subj03_split02\alpha_0p2_fusion_0p15
3,1-2-3-4-5-6-7|8,sgd_logistic,all32,bandpass_0_5_48,causal,0.0,True,event_union,corr,2,8,0.1,0.2,0.2,0.0,100,expanded,0.8840525531451832,0.6480723509079631,0.8714475505282858,0.8838471526183684,0.6649300073457954,0.27979634015731325,0.6357484792766336,0.6531549495441302,fusion,0.8838471526183684,-0.0002054005268147252,out\classification_subject_epochs3\runs\subj03_split02\alpha_0p1_fusion_0p2
2,1-2-3-4-5-6|7,sgd_logistic,all32,bandpass_0_5_48,causal,0.0,True,event_union,corr,2,8,0.1,0.2,0.2,0.0,100,expanded,0.8844294982887373,0.7492735467085962,0.8838424649870134,0.8841619503921477,0.6505024469327494,0.37359180398372244,0.6425472402543995,0.6507045129765515,fusion,0.8841619503921477,-0.00026754789658955946,out\classification_subject_epochs3\runs\subj02_split01\alpha_0p1_fusion_0p2
5,1-2-3-4-5-6|7,sgd_logistic,all32,bandpass_0_5_48,causal,0.0,True,event_union,corr,2,8,0.3,0.15,0.15,0.0,100,expanded,0.8036510968196886,0.6717090357856615,0.8020433233904041,0.8033554699961037,0.4597919070740794,0.2775397965619215,0.4595705451519784,0.46104039884275966,fusion,0.8033554699961037,-0.00029562682358486025,out\classification_subject_epochs3\runs\subj05_split01\alpha_0p3_fusion_0p15
11,1-2-3-4-5-6-7|8,sgd_logistic,all32,bandpass_0_5_48,causal,0.0,True,event_union,corr,2,8,0.3,0.2,0.2,0.0,100,expanded,0.838437266948682,0.6798328087789853,0.8378724811914576,0.8380852099668875,0.5375046145302286,0.2951671164626628,0.5579590590634295,0.538069721475771,fusion,0.8380852099668875,-0.00035205698179452405,out\classification_subject_epochs3\runs\subj11_split02\alpha_0p3_fusion_0p2
7,1-2-3-4-5-6|7,sgd_logistic,all32,bandpass_0_5_48,causal,0.0,True,event_union,corr,2,8,0.1,0.2,0.2,0.0,100,expanded,0.9071395820413563,0.7358243943877957,0.9039276957833086,0.9067307660815519,0.6318879381809985,0.33238942616373685,0.6340110655116048,0.6289562042674133,fusion,0.9067307660815519,-0.0004088159598043539,out\classification_subject_epochs3\runs\subj07_split01\alpha_0p1_fusion_0p2
11,1-2-3-4-5-6-7|8,sgd_logistic,all32,bandpass_0_5_48,causal,0.0,True,event_union,corr,2,8,0.2,0.25,0.25,0.0,100,expanded,0.8408309595113447,0.6828623185166109,0.840031679037458,0.8403973039919714,0.5439328649821278,0.30004197415896705,0.5652378127437265,0.5421001306949144,fusion,0.8403973039919714,-0.00043365551937324387,out\classification_subject_epochs3\runs\subj11_split02\alpha_0p2_fusion_0p25
5,1-2-3-4-5-6|7,sgd_logistic,all32,bandpass_0_5_48,causal,0.0,True,event_union,corr,2,8,0.2,0.25,0.25,0.0,100,expanded,0.8049509584994096,0.6713358316336887,0.8044751806180134,0.8042055422781617,0.4664571093146474,0.278426727922201,0.4660669468151324,0.4657755281067018,combined,0.8044751806180134,-0.0004757778813961888,out\classification_subject_epochs3\runs\subj05_split01\alpha_0p2_fusion_0p25
7,1-2-3-4-5-6|7,sgd_logistic,all32,bandpass_0_5_48,causal,0.0,True,event_union,corr,2,8,0.2,0.2,0.2,0.0,100,expanded,0.9004560758421675,0.721670951370427,0.8972447294059137,0.8999503904820122,0.6117082243114714,0.31178318351393547,0.610948239612874,0.6066112766599265,fusion,0.8999503904820122,-0.0005056853601552724,out\classification_subject_epochs3\runs\subj07_split01\alpha_0p2_fusion_0p2
11,1-2-3-4-5-6-7|8,sgd_logistic,all32,bandpass_0_5_48,causal,0.0,True,event_union,corr,2,8,0.3,0.25,0.25,0.0,100,expanded,0.838437266948682,0.6798328087789853,0.8378724811914576,0.8372936562280605,0.5375046145302286,0.2951671164626628,0.5579590590634295,0.5360263267875242,combined,0.8378724811914576,-0.0005647857572244064,out\classification_subject_epochs3\runs\subj11_split02\alpha_0p3_fusion_0p25
2,1-2-3-4-5-6|7,sgd_logistic,all32,bandpass_0_5_48,causal,0.0,True,event_union,corr,2,8,0.1,0.25,0.25,0.0,100,expanded,0.8844294982887373,0.7492735467085962,0.8838424649870134,0.8831575722418098,0.6505024469327494,0.37359180398372244,0.6425472402543995,0.6473626187015268,combined,0.8838424649870134,-0.0005870333017239382,out\classification_subject_epochs3\runs\subj02_split01\alpha_0p1_fusion_0p25
7,1-2-3-4-5-6|7,sgd_logistic,all32,bandpass_0_5_48,causal,0.0,True,event_union,corr,2,8,0.3,0.2,0.2,0.0,100,expanded,0.8953583002550557,0.7107902752401051,0.8919505039361587,0.8947011324327899,0.5980393051212533,0.29837230101643203,0.5931917591565451,0.5919709749562664,fusion,0.8947011324327899,-0.0006571678222657695,out\classification_subject_epochs3\runs\subj07_split01\alpha_0p3_fusion_0p2
10,1-2-3-4-5-6-7|8,sgd_logistic,all32,bandpass_0_5_48,causal,0.0,True,event_union,corr,2,8,0.2,0.2,0.2,0.0,100,expanded,0.8601999177026943,0.666506104294253,0.857974448482327,0.859444156647924,0.5772805789328662,0.3358692599357982,0.578521710911076,0.58416683123478,fusion,0.859444156647924,-0.0007557610547703764,out\classification_subject_epochs3\runs\subj10_split02\alpha_0p2_fusion_0p2
10,1-2-3-4-5-6-7|8,sgd_logistic,all32,bandpass_0_5_48,causal,0.0,True,event_union,corr,2,8,0.1,0.2,0.2,0.0,100,expanded,0.8619605847318433,0.6679788087300333,0.8592171468934012,0.8611844344847697,0.5868436760218567,0.3330624599998138,0.5858188716403646,0.5933437548427248,fusion,0.8611844344847697,-0.0007761502470736703,out\classification_subject_epochs3\runs\subj10_split02\alpha_0p1_fusion_0p2
8,1-2-3-4-5-6|7,sgd_logistic,all32,bandpass_0_5_48,causal,0.0,True,event_union,corr,2,8,0.1,0.2,0.2,0.0,100,expanded,0.8498554822847523,0.6425453230733643,0.8450572520253781,0.8490782554955194,0.5522700577734893,0.28584167390781384,0.5483598854220899,0.5495265185036303,fusion,0.8490782554955194,-0.0007772267892328655,out\classification_subject_epochs3\runs\subj08_split01\alpha_0p1_fusion_0p2
10,1-2-3-4-5-6-7|8,sgd_logistic,all32,bandpass_0_5_48,causal,0.0,True,event_union,corr,2,8,0.3,0.2,0.2,0.0,100,expanded,0.8578016632507067,0.6651719171289915,0.8559675606992151,0.857013688144928,0.5699969302270285,0.33628684523937813,0.5730049561799094,0.5768766505427948,fusion,0.857013688144928,-0.0007879751057787709,out\classification_subject_epochs3\runs\subj10_split02\alpha_0p3_fusion_0p2
8,1-2-3-4-5-6|7,sgd_logistic,all32,bandpass_0_5_48,causal,0.0,True,event_union,corr,2,8,0.2,0.2,0.2,0.0,100,expanded,0.8398851043881463,0.6414278660765267,0.8386423048688411,0.8390839031901653,0.529692833527904,0.2818238176891504,0.5298214144979715,0.5275678589837751,fusion,0.8390839031901653,-0.0008012011979809941,out\classification_subject_epochs3\runs\subj08_split01\alpha_0p2_fusion_0p2
3,1-2-3-4-5-6-7|8,sgd_logistic,all32,bandpass_0_5_48,causal,0.0,True,event_union,corr,2,8,0.3,0.2,0.2,0.0,100,expanded,0.8646100366178647,0.6514994632086083,0.8567335047412804,0.8637676713426194,0.6157573712693837,0.2787955457336141,0.5945451971066175,0.6035164349162168,fusion,0.8637676713426194,-0.0008423652752452826,out\classification_subject_epochs3\runs\subj03_split02\alpha_0p3_fusion_0p2
3,1-2-3-4-5-6-7|8,sgd_logistic,all32,bandpass_0_5_48,causal,0.0,True,event_union,corr,2,8,0.2,0.2,0.2,0.0,100,expanded,0.8733070559689509,0.651040999549461,0.8636779533003446,0.8723882195057217,0.6373010461670453,0.28023863271427624,0.6128997255056606,0.6250869657056587,fusion,0.8723882195057217,-0.0009188364632292112,out\classification_subject_epochs3\runs\subj03_split02\alpha_0p2_fusion_0p2
5,1-2-3-4-5-6|7,sgd_logistic,all32,bandpass_0_5_48,causal,0.0,True,event_union,corr,2,8,0.3,0.2,0.2,0.0,100,expanded,0.8036510968196886,0.6717090357856615,0.8020433233904041,0.8026037147260393,0.4597919070740794,0.2775397965619215,0.4595705451519784,0.46061788343896776,fusion,0.8026037147260393,-0.0010473820936492961,out\classification_subject_epochs3\runs\subj05_split01\alpha_0p3_fusion_0p2
7,1-2-3-4-5-6|7,sgd_logistic,all32,bandpass_0_5_48,causal,0.0,True,event_union,corr,2,8,0.1,0.25,0.25,0.0,100,expanded,0.9071395820413563,0.7358243943877957,0.9039276957833086,0.9059029410000988,0.6318879381809985,0.33238942616373685,0.6340110655116048,0.6243547311660781,fusion,0.9059029410000988,-0.0012366410412574247,out\classification_subject_epochs3\runs\subj07_split01\alpha_0p1_fusion_0p25
8,1-2-3-4-5-6|7,sgd_logistic,all32,bandpass_0_5_48,causal,0.0,True,event_union,corr,2,8,0.2,0.25,0.25,0.0,100,expanded,0.8398851043881463,0.6414278660765267,0.8386423048688411,0.8380099476801554,0.529692833527904,0.2818238176891504,0.5298214144979715,0.5255451153173882,combined,0.8386423048688411,-0.001242799519305282,out\classification_subject_epochs3\runs\subj08_split01\alpha_0p2_fusion_0p25
3,1-2-3-4-5-6-7|8,sgd_logistic,all32,bandpass_0_5_48,causal,0.0,True,event_union,corr,2,8,0.1,0.25,0.25,0.0,100,expanded,0.8840525531451832,0.6480723509079631,0.8714475505282858,0.8825759655028239,0.6649300073457954,0.27979634015731325,0.6357484792766336,0.6479634599518745,fusion,0.8825759655028239,-0.0014765876423592506,out\classification_subject_epochs3\runs\subj03_split02\alpha_0p1_fusion_0p25
7,1-2-3-4-5-6|7,sgd_logistic,all32,bandpass_0_5_48,causal,0.0,True,event_union,corr,2,8,0.2,0.25,0.25,0.0,100,expanded,0.9004560758421675,0.721670951370427,0.8972447294059137,0.8989148496963247,0.6117082243114714,0.31178318351393547,0.610948239612874,0.6036800021203429,fusion,0.8989148496963247,-0.0015412261458427334,out\classification_subject_epochs3\runs\subj07_split01\alpha_0p2_fusion_0p25
5,1-2-3-4-5-6|7,sgd_logistic,all32,bandpass_0_5_48,causal,0.0,True,event_union,corr,2,8,0.3,0.25,0.25,0.0,100,expanded,0.8036510968196886,0.6717090357856615,0.8020433233904041,0.8015239868377809,0.4597919070740794,0.2775397965619215,0.4595705451519784,0.459008094630281,combined,0.8020433233904041,-0.0016077734292845314,out\classification_subject_epochs3\runs\subj05_split01\alpha_0p3_fusion_0p25
7,1-2-3-4-5-6|7,sgd_logistic,all32,bandpass_0_5_48,causal,0.0,True,event_union,corr,2,8,0.3,0.25,0.25,0.0,100,expanded,0.8953583002550557,0.7107902752401051,0.8919505039361587,0.8935415367223903,0.5980393051212533,0.29837230101643203,0.5931917591565451,0.5874799151605911,fusion,0.8935415367223903,-0.0018167635326653553,out\classification_subject_epochs3\runs\subj07_split01\alpha_0p3_fusion_0p25
10,1-2-3-4-5-6-7|8,sgd_logistic,all32,bandpass_0_5_48,causal,0.0,True,event_union,corr,2,8,0.3,0.25,0.25,0.0,100,expanded,0.8578016632507067,0.6651719171289915,0.8559675606992151,0.8558708948310944,0.5699969302270285,0.33628684523937813,0.5730049561799094,0.5767311452572432,combined,0.8559675606992151,-0.0018341025514916343,out\classification_subject_epochs3\runs\subj10_split02\alpha_0p3_fusion_0p25
10,1-2-3-4-5-6-7|8,sgd_logistic,all32,bandpass_0_5_48,causal,0.0,True,event_union,corr,2,8,0.2,0.25,0.25,0.0,100,expanded,0.8601999177026943,0.666506104294253,0.857974448482327,0.8582816922668042,0.5772805789328662,0.3358692599357982,0.578521710911076,0.5836572188172383,fusion,0.8582816922668042,-0.001918225435890153,out\classification_subject_epochs3\runs\subj10_split02\alpha_0p2_fusion_0p25
10,1-2-3-4-5-6-7|8,sgd_logistic,all32,bandpass_0_5_48,causal,0.0,True,event_union,corr,2,8,0.1,0.25,0.25,0.0,100,expanded,0.8619605847318433,0.6679788087300333,0.8592171468934012,0.8600262886342293,0.5868436760218567,0.3330624599998138,0.5858188716403646,0.5923855511991079,fusion,0.8600262886342293,-0.0019342960976140855,out\classification_subject_epochs3\runs\subj10_split02\alpha_0p1_fusion_0p25
8,1-2-3-4-5-6|7,sgd_logistic,all32,bandpass_0_5_48,causal,0.0,True,event_union,corr,2,8,0.1,0.25,0.25,0.0,100,expanded,0.8498554822847523,0.6425453230733643,0.8450572520253781,0.8478204344314517,0.5522700577734893,0.28584167390781384,0.5483598854220899,0.5446031220147624,fusion,0.8478204344314517,-0.0020350478533005534,out\classification_subject_epochs3\runs\subj08_split01\alpha_0p1_fusion_0p25
3,1-2-3-4-5-6-7|8,sgd_logistic,all32,bandpass_0_5_48,causal,0.0,True,event_union,corr,2,8,0.2,0.25,0.25,0.0,100,expanded,0.8733070559689509,0.651040999549461,0.8636779533003446,0.8711521833325954,0.6373010461670453,0.28023863271427624,0.6128997255056606,0.6201122948362964,fusion,0.8711521833325954,-0.002154872636355498,out\classification_subject_epochs3\runs\subj03_split02\alpha_0p2_fusion_0p25
3,1-2-3-4-5-6-7|8,sgd_logistic,all32,bandpass_0_5_48,causal,0.0,True,event_union,corr,2,8,0.3,0.25,0.25,0.0,100,expanded,0.8646100366178647,0.6514994632086083,0.8567335047412804,0.8622313244970616,0.6157573712693837,0.2787955457336141,0.5945451971066175,0.5976645197392527,fusion,0.8622313244970616,-0.002378712120803095,out\classification_subject_epochs3\runs\subj03_split02\alpha_0p3_fusion_0p25
