subject,split,classifier,channel_set,preprocess,baseline_context,smooth_proba_ms,val_keep_all_positive,edge_selection,mode,m,max_edges,alpha,fusion_grid,stride,mfg_feature_mode,baseline_auc_aligned,best_assisted_auc_aligned,best_assisted_feature_set_aligned,best_assisted_minus_baseline_aligned,baseline_auc_shifted,best_assisted_auc_shifted,best_assisted_feature_set_shifted,best_assisted_minus_baseline_shifted,aligned_lift,shifted_lift,aligned_minus_shifted,aligned_wins,aligned_auc,shifted_auc,aligned_baseline_auc,shifted_baseline_auc
9,1-2-3-4-5-6-7|8,sgd_logistic,all32,bandpass_0_5_48,causal,0.0,True,event_union,corr,2,8,0.3,0.25,100,expanded,0.8533027241759358,0.8582162785844556,combined,0.0049135544085198,0.8458850148156101,0.836939627601391,fusion,-0.0089453872142191,0.0049135544085198,-0.0089453872142191,0.0138589416227389,True,0.8582162785844556,0.836939627601391,0.8533027241759358,0.8458850148156101
9,1-2-3-4-5-6-7|8,sgd_logistic,all32,bandpass_0_5_48,causal,0.0,True,event_union,corr,2,8,0.2,0.25,100,expanded,0.8566190328217177,0.8605397108751184,combined,0.0039206780534006,0.8522903903860514,0.8438331717242881,fusion,-0.0084572186617633,0.0039206780534006,-0.0084572186617633,0.0123778967151639,True,0.8605397108751184,0.8438331717242881,0.8566190328217177,0.8522903903860514
9,1-2-3-4-5-6-7|8,sgd_logistic,all32,bandpass_0_5_48,causal,0.0,True,event_union,corr,2,8,0.3,0.2,100,expanded,0.8533027241759358,0.8582162785844556,combined,0.0049135544085198,0.8458850148156101,0.8393673113916144,fusion,-0.0065177034239957,0.0049135544085198,-0.0065177034239957,0.011431257832515501,True,0.8582162785844556,0.8393673113916144,0.8533027241759358,0.8458850148156101
9,1-2-3-4-5-6-7|8,sgd_logistic,all32,bandpass_0_5_48,causal,0.0,True,event_union,corr,2,8,0.2,0.2,100,expanded,0.8566190328217177,0.8605397108751184,combined,0.0039206780534006,0.8522903903860514,0.8461081478573084,fusion,-0.0061822425287429,0.0039206780534006,-0.0061822425287429,0.010102920582143501,True,0.8605397108751184,0.8461081478573084,0.8566190328217177,0.8522903903860514
9,1-2-3-4-5-6-7|8,sgd_logistic,all32,bandpass_0_5_48,causal,0.0,True,event_union,corr,2,8,0.3,0.15,100,expanded,0.8533027241759358,0.8582162785844556,combined,0.0049135544085198,0.8458850148156101,0.8415420445715641,fusion,-0.0043429702440459,0.0049135544085198,-0.0043429702440459,0.0092565246525657,True,0.8582162785844556,0.8415420445715641,0.8533027241759358,0.8458850148156101
6,1-2-3-4-5-6-7|8,sgd_logistic,all32,bandpass_0_5_48,causal,0.0,True,event_union,corr,2,8,0.1,0.25,100,expanded,0.8592275121704448,0.8662105434408175,combined,0.0069830312703726,0.8497636450305649,0.8476777156735182,fusion,-0.0020859293570466,0.0069830312703726,-0.0020859293570466,0.0090689606274192,True,0.8662105434408175,0.8476777156735182,0.8592275121704448,0.8497636450305649
11,1-2-3-4-5-6|7,sgd_logistic,all32,bandpass_0_5_48,causal,0.0,True,event_union,corr,2,8,0.1,0.25,100,expanded,0.8067628762135656,0.8153487217560054,combined,0.0085858455424397,0.8161774210065983,0.8157347506806563,fusion,-0.000442670325942,0.0085858455424397,-0.000442670325942,0.0090285158683817,True,0.8153487217560054,0.8157347506806563,0.8067628762135656,0.8161774210065983
3,1-2-3-4-5-6|7,sgd_logistic,all32,bandpass_0_5_48,causal,0.0,True,event_union,corr,2,8,0.3,0.25,100,expanded,0.8344324158597916,0.8408377924358489,combined,0.0064053765760573,0.8188175774052141,0.8164068339706619,combined,-0.0024107434345521,0.0064053765760573,-0.0024107434345521,0.008816120010609399,True,0.8408377924358489,0.8164068339706619,0.8344324158597916,0.8188175774052141
6,1-2-3-4-5-6-7|8,sgd_logistic,all32,bandpass_0_5_48,causal,0.0,True,event_union,corr,2,8,0.2,0.25,100,expanded,0.8516974192850681,0.8586205091082014,combined,0.0069230898231332,0.8434989480828108,0.8416178999563119,fusion,-0.0018810481264989,0.0069230898231332,-0.0018810481264989,0.0088041379496321,True,0.8586205091082014,0.8416178999563119,0.8516974192850681,0.8434989480828108
9,1-2-3-4-5-6-7|8,sgd_logistic,all32,bandpass_0_5_48,causal,0.0,True,event_union,corr,2,8,0.1,0.25,100,expanded,0.8610942479800591,0.8618639239021214,combined,0.0007696759220623,0.8604318420920455,0.8526122360126198,fusion,-0.0078196060794256,0.0007696759220623,-0.0078196060794256,0.0085892820014879,True,0.8618639239021214,0.8526122360126198,0.8610942479800591,0.8604318420920455
3,1-2-3-4-5-6|7,sgd_logistic,all32,bandpass_0_5_48,causal,0.0,True,event_union,corr,2,8,0.3,0.2,100,expanded,0.8344324158597916,0.8408377924358489,combined,0.0064053765760573,0.8188175774052141,0.8166462829643709,fusion,-0.0021712944408431,0.0064053765760573,-0.0021712944408431,0.0085766710169004,True,0.8408377924358489,0.8166462829643709,0.8344324158597916,0.8188175774052141
6,1-2-3-4-5-6|7,sgd_logistic,all32,bandpass_0_5_48,causal,0.0,True,event_union,corr,2,8,0.3,0.25,100,expanded,0.8522824348835766,0.8551772222010303,fusion,0.0028947873174537,0.8443487454326454,0.838887779094401,fusion,-0.0054609663382443,0.0028947873174537,-0.0054609663382443,0.008355753655698,True,0.8551772222010303,0.838887779094401,0.8522824348835766,0.8443487454326454
11,1-2-3-4-5-6|7,sgd_logistic,all32,bandpass_0_5_48,causal,0.0,True,event_union,corr,2,8,0.3,0.25,100,expanded,0.7994096596841583,0.8068648568171425,combined,0.0074551971329841,0.8060752515483421,0.8052646913428506,fusion,-0.0008105602054915,0.0074551971329841,-0.0008105602054915,0.0082657573384756,True,0.8068648568171425,0.8052646913428506,0.7994096596841583,0.8060752515483421
11,1-2-3-4-5-6|7,sgd_logistic,all32,bandpass_0_5_48,causal,0.0,True,event_union,corr,2,8,0.2,0.25,100,expanded,0.803194091829221,0.8105129672034974,combined,0.0073188753742764,0.8108556605725288,0.8100363321152045,fusion,-0.0008193284573242,0.0073188753742764,-0.0008193284573242,0.0081382038316006,True,0.8105129672034974,0.8100363321152045,0.803194091829221,0.8108556605725288
6,1-2-3-4-5-6-7|8,sgd_logistic,all32,bandpass_0_5_48,causal,0.0,True,event_union,corr,2,8,0.3,0.25,100,expanded,0.8468042964041232,0.8529851881645083,combined,0.006180891760385,0.8373375343821604,0.8353870586822061,fusion,-0.0019504756999543,0.006180891760385,-0.0019504756999543,0.0081313674603393,True,0.8529851881645083,0.8353870586822061,0.8468042964041232,0.8373375343821604
9,1-2-3-4-5-6-7|8,sgd_logistic,all32,bandpass_0_5_48,causal,0.0,True,event_union,corr,2,8,0.2,0.15,100,expanded,0.8566190328217177,0.8605397108751184,combined,0.0039206780534006,0.8522903903860514,0.8481323469669083,fusion,-0.004158043419143,0.0039206780534006,-0.004158043419143,0.0080787214725436,True,0.8605397108751184,0.8481323469669083,0.8566190328217177,0.8522903903860514
11,1-2-3-4-5-6|7,sgd_logistic,all32,bandpass_0_5_48,causal,0.0,True,event_union,corr,2,8,0.1,0.2,100,expanded,0.8067628762135656,0.8153487217560054,combined,0.0085858455424397,0.8161774210065983,0.8166924161287344,fusion,0.0005149951221361,0.0085858455424397,0.0005149951221361,0.0080708504203036,True,0.8153487217560054,0.8166924161287344,0.8067628762135656,0.8161774210065983
6,1-2-3-4-5-6-7|8,sgd_logistic,all32,bandpass_0_5_48,causal,0.0,True,event_union,corr,2,8,0.1,0.2,100,expanded,0.8592275121704448,0.8662105434408175,combined,0.0069830312703726,0.8497636450305649,0.8488184587529738,fusion,-0.0009451862775911,0.0069830312703726,-0.0009451862775911,0.0079282175479637,True,0.8662105434408175,0.8488184587529738,0.8592275121704448,0.8497636450305649
11,1-2-3-4-5-6|7,sgd_logistic,all32,bandpass_0_5_48,causal,0.0,True,event_union,corr,2,8,0.1,0.1,100,expanded,0.8067628762135656,0.8153487217560054,combined,0.0085858455424397,0.8161774210065983,0.8170643824052025,fusion,0.0008869613986042,0.0085858455424397,0.0008869613986042,0.0076988841438355,True,0.8153487217560054,0.8170643824052025,0.8067628762135656,0.8161774210065983
6,1-2-3-4-5-6-7|8,sgd_logistic,all32,bandpass_0_5_48,causal,0.0,True,event_union,corr,2,8,0.2,0.2,100,expanded,0.8516974192850681,0.8586205091082014,combined,0.0069230898231332,0.8434989480828108,0.8427277965409922,fusion,-0.0007711515418186,0.0069230898231332,-0.0007711515418186,0.0076942413649518,True,0.8586205091082014,0.8427277965409922,0.8516974192850681,0.8434989480828108
11,1-2-3-4-5-6|7,sgd_logistic,all32,bandpass_0_5_48,causal,0.0,True,event_union,corr,2,8,0.1,0.15,100,expanded,0.8067628762135656,0.8153487217560054,combined,0.0085858455424397,0.8161774210065983,0.8171150201563154,fusion,0.0009375991497171,0.0085858455424397,0.0009375991497171,0.007648246392722601,True,0.8153487217560054,0.8171150201563154,0.8067628762135656,0.8161774210065983
3,1-2-3-4-5-6|7,sgd_logistic,all32,bandpass_0_5_48,causal,0.0,True,event_union,corr,2,8,0.3,0.15,100,expanded,0.8344324158597916,0.8408377924358489,combined,0.0064053765760573,0.8188175774052141,0.8176792677543457,fusion,-0.0011383096508683,0.0064053765760573,-0.0011383096508683,0.0075436862269256,True,0.8408377924358489,0.8176792677543457,0.8344324158597916,0.8188175774052141
3,1-2-3-4-5-6|7,sgd_logistic,all32,bandpass_0_5_48,causal,0.0,True,event_union,corr,2,8,0.2,0.25,100,expanded,0.8456189724052828,0.84933684781223,combined,0.0037178754069471,0.8331005274070962,0.8292896099449347,fusion,-0.0038109174621614,0.0037178754069471,-0.0038109174621614,0.0075287928691085,True,0.84933684781223,0.8292896099449347,0.8456189724052828,0.8331005274070962
11,1-2-3-4-5-6|7,sgd_logistic,all32,bandpass_0_5_48,causal,0.0,True,event_union,corr,2,8,0.3,0.2,100,expanded,0.7994096596841583,0.8068648568171425,combined,0.0074551971329841,0.8060752515483421,0.8060339110539211,fusion,-4.134049442106047e-05,0.0074551971329841,-4.134049442106047e-05,0.00749653762740516,True,0.8068648568171425,0.8060339110539211,0.7994096596841583,0.8060752515483421
9,1-2-3-4-5-6-7|8,sgd_logistic,all32,bandpass_0_5_48,causal,0.0,True,event_union,corr,2,8,0.3,0.1,100,expanded,0.8533027241759358,0.8582162785844556,combined,0.0049135544085198,0.8458850148156101,0.843311074951905,fusion,-0.002573939863705,0.0049135544085198,-0.002573939863705,0.0074874942722248,True,0.8582162785844556,0.843311074951905,0.8533027241759358,0.8458850148156101
6,1-2-3-4-5-6-7|8,sgd_logistic,all32,bandpass_0_5_48,causal,0.0,True,event_union,corr,2,8,0.1,0.15,100,expanded,0.8592275121704448,0.8662105434408175,combined,0.0069830312703726,0.8497636450305649,0.8493928612427659,fusion,-0.0003707837877989,0.0069830312703726,-0.0003707837877989,0.0073538150581715,True,0.8662105434408175,0.8493928612427659,0.8592275121704448,0.8497636450305649
11,1-2-3-4-5-6|7,sgd_logistic,all32,bandpass_0_5_48,causal,0.0,True,event_union,corr,2,8,0.2,0.2,100,expanded,0.803194091829221,0.8105129672034974,combined,0.0073188753742764,0.8108556605725288,0.8108817129361867,fusion,2.605236365793573e-05,0.0073188753742764,2.605236365793573e-05,0.007292823010618464,True,0.8105129672034974,0.8108817129361867,0.803194091829221,0.8108556605725288
6,1-2-3-4-5-6-7|8,sgd_logistic,all32,bandpass_0_5_48,causal,0.0,True,event_union,corr,2,8,0.2,0.15,100,expanded,0.8516974192850681,0.8586205091082014,combined,0.0069230898231332,0.8434989480828108,0.8431919195897665,fusion,-0.0003070284930443,0.0069230898231332,-0.0003070284930443,0.0072301183161775,True,0.8586205091082014,0.8431919195897665,0.8516974192850681,0.8434989480828108
5,1-2-3-4-5-6-7|8,sgd_logistic,all32,bandpass_0_5_48,causal,0.0,True,event_union,corr,2,8,0.1,0.25,100,expanded,0.7480635227913828,0.7497478523451679,combined,0.0016843295537851,0.7785255057220696,0.7730095161923519,fusion,-0.0055159895297176,0.0016843295537851,-0.0055159895297176,0.007200319083502701,True,0.7497478523451679,0.7730095161923519,0.7480635227913828,0.7785255057220696
11,1-2-3-4-5-6|7,sgd_logistic,all32,bandpass_0_5_48,causal,0.0,True,event_union,corr,2,8,0.3,0.15,100,expanded,0.7994096596841583,0.8068648568171425,combined,0.0074551971329841,0.8060752515483421,0.806412339586616,fusion,0.0003370880382738,0.0074551971329841,0.0003370880382738,0.0071181090947103,True,0.8068648568171425,0.806412339586616,0.7994096596841583,0.8060752515483421
6,1-2-3-4-5-6-7|8,sgd_logistic,all32,bandpass_0_5_48,causal,0.0,True,event_union,corr,2,8,0.3,0.2,100,expanded,0.8468042964041232,0.8529851881645083,combined,0.006180891760385,0.8373375343821604,0.836476796746385,fusion,-0.0008607376357754,0.006180891760385,-0.0008607376357754,0.007041629396160399,True,0.8529851881645083,0.836476796746385,0.8468042964041232,0.8373375343821604
6,1-2-3-4-5-6-7|8,sgd_logistic,all32,bandpass_0_5_48,causal,0.0,True,event_union,corr,2,8,0.2,0.1,100,expanded,0.8516974192850681,0.8586205091082014,combined,0.0069230898231332,0.8434989480828108,0.8434727947386417,fusion,-2.615334416911086e-05,0.0069230898231332,-2.615334416911086e-05,0.006949243167302311,True,0.8586205091082014,0.8434727947386417,0.8516974192850681,0.8434989480828108
6,1-2-3-4-5-6-7|8,sgd_logistic,all32,bandpass_0_5_48,causal,0.0,True,event_union,corr,2,8,0.1,0.1,100,expanded,0.8592275121704448,0.8662105434408175,combined,0.0069830312703726,0.8497636450305649,0.8497990047272412,fusion,3.535969667634031e-05,0.0069830312703726,3.535969667634031e-05,0.00694767157369626,True,0.8662105434408175,0.8497990047272412,0.8592275121704448,0.8497636450305649
11,1-2-3-4-5-6|7,sgd_logistic,all32,bandpass_0_5_48,causal,0.0,True,event_union,corr,2,8,0.3,0.1,100,expanded,0.7994096596841583,0.8068648568171425,combined,0.0074551971329841,0.8060752515483421,0.806587161732011,fusion,0.0005119101836688,0.0074551971329841,0.0005119101836688,0.0069432869493153,True,0.8068648568171425,0.806587161732011,0.7994096596841583,0.8060752515483421
11,1-2-3-4-5-6|7,sgd_logistic,all32,bandpass_0_5_48,causal,0.0,True,event_union,corr,2,8,0.2,0.15,100,expanded,0.803194091829221,0.8105129672034974,combined,0.0073188753742764,0.8108556605725288,0.8112528924822243,fusion,0.0003972319096955,0.0073188753742764,0.0003972319096955,0.0069216434645809,True,0.8105129672034974,0.8112528924822243,0.803194091829221,0.8108556605725288
11,1-2-3-4-5-6|7,sgd_logistic,all32,bandpass_0_5_48,causal,0.0,True,event_union,corr,2,8,0.2,0.1,100,expanded,0.803194091829221,0.8105129672034974,combined,0.0073188753742764,0.8108556605725288,0.8113623055969749,fusion,0.000506645024446,0.0073188753742764,0.000506645024446,0.0068122303498304,True,0.8105129672034974,0.8113623055969749,0.803194091829221,0.8108556605725288
3,1-2-3-4-5-6|7,sgd_logistic,all32,bandpass_0_5_48,causal,0.0,True,event_union,corr,2,8,0.3,0.1,100,expanded,0.8344324158597916,0.8408377924358489,combined,0.0064053765760573,0.8188175774052141,0.8184243635050739,fusion,-0.0003932139001402,0.0064053765760573,-0.0003932139001402,0.0067985904761975,True,0.8408377924358489,0.8184243635050739,0.8344324158597916,0.8188175774052141
6,1-2-3-4-5-6-7|8,sgd_logistic,all32,bandpass_0_5_48,causal,0.0,True,event_union,corr,2,8,0.3,0.15,100,expanded,0.8468042964041232,0.8529851881645083,combined,0.006180891760385,0.8373375343821604,0.8371011270695959,fusion,-0.0002364073125644,0.006180891760385,-0.0002364073125644,0.0064172990729493996,True,0.8529851881645083,0.8371011270695959,0.8468042964041232,0.8373375343821604
9,1-2-3-4-5-6-7|8,sgd_logistic,all32,bandpass_0_5_48,causal,0.0,True,event_union,corr,2,8,0.2,0.1,100,expanded,0.8566190328217177,0.8605397108751184,combined,0.0039206780534006,0.8522903903860514,0.8498664333199207,fusion,-0.0024239570661306,0.0039206780534006,-0.0024239570661306,0.0063446351195312,True,0.8605397108751184,0.8498664333199207,0.8566190328217177,0.8522903903860514
9,1-2-3-4-5-6-7|8,sgd_logistic,all32,bandpass_0_5_48,causal,0.0,True,event_union,corr,2,8,0.1,0.2,100,expanded,0.8610942479800591,0.8618639239021214,combined,0.0007696759220623,0.8604318420920455,0.854905058706438,fusion,-0.0055267833856075,0.0007696759220623,-0.0055267833856075,0.0062964593076698,True,0.8618639239021214,0.854905058706438,0.8610942479800591,0.8604318420920455
6,1-2-3-4-5-6|7,sgd_logistic,all32,bandpass_0_5_48,causal,0.0,True,event_union,corr,2,8,0.2,0.25,100,expanded,0.8601976176370657,0.862756289347394,fusion,0.0025586717103283,0.851294950490295,0.8475679085313713,fusion,-0.0037270419589237,0.0025586717103283,-0.0037270419589237,0.006285713669251999,True,0.862756289347394,0.8475679085313713,0.8601976176370657,0.851294950490295
6,1-2-3-4-5-6|7,sgd_logistic,all32,bandpass_0_5_48,causal,0.0,True,event_union,corr,2,8,0.3,0.2,100,expanded,0.8522824348835766,0.8548701192325855,fusion,0.0025876843490089,0.8443487454326454,0.840843250994005,fusion,-0.0035054944386403,0.0025876843490089,-0.0035054944386403,0.0060931787876492005,True,0.8548701192325855,0.840843250994005,0.8522824348835766,0.8443487454326454
6,1-2-3-4-5-6-7|8,sgd_logistic,all32,bandpass_0_5_48,causal,0.0,True,event_union,corr,2,8,0.3,0.1,100,expanded,0.8468042964041232,0.8529851881645083,combined,0.006180891760385,0.8373375343821604,0.8374583826253218,fusion,0.0001208482431613,0.006180891760385,0.0001208482431613,0.0060600435172237,True,0.8529851881645083,0.8374583826253218,0.8468042964041232,0.8373375343821604
5,1-2-3-4-5-6-7|8,sgd_logistic,all32,bandpass_0_5_48,causal,0.0,True,event_union,corr,2,8,0.2,0.25,100,expanded,0.7387862402171957,0.7405711255097044,combined,0.0017848852925086,0.7616207160280926,0.7573546458668683,fusion,-0.0042660701612242,0.0017848852925086,-0.0042660701612242,0.0060509554537328,True,0.7405711255097044,0.7573546458668683,0.7387862402171957,0.7616207160280926
10,1-2-3-4-5-6|7,sgd_logistic,all32,bandpass_0_5_48,causal,0.0,True,event_union,corr,2,8,0.1,0.25,100,expanded,0.8838799187135707,0.8874532315500699,fusion,0.0035733128364991,0.8585492918810673,0.8561805773700706,fusion,-0.0023687145109967,0.0035733128364991,-0.0023687145109967,0.0059420273474958,True,0.8874532315500699,0.8561805773700706,0.8838799187135707,0.8585492918810673
3,1-2-3-4-5-6|7,sgd_logistic,all32,bandpass_0_5_48,causal,0.0,True,event_union,corr,2,8,0.2,0.2,100,expanded,0.8456189724052828,0.84933684781223,combined,0.0037178754069471,0.8331005274070962,0.8309473851337893,fusion,-0.0021531422733068,0.0037178754069471,-0.0021531422733068,0.0058710176802539,True,0.84933684781223,0.8309473851337893,0.8456189724052828,0.8331005274070962
5,1-2-3-4-5-6-7|8,sgd_logistic,all32,bandpass_0_5_48,causal,0.0,True,event_union,corr,2,8,0.3,0.25,100,expanded,0.7314445527152126,0.7331572496671172,combined,0.0017126969519045,0.7503313428131211,0.7465143107089821,fusion,-0.0038170321041389,0.0017126969519045,-0.0038170321041389,0.0055297290560434,True,0.7331572496671172,0.7465143107089821,0.7314445527152126,0.7503313428131211
10,1-2-3-4-5-6|7,sgd_logistic,all32,bandpass_0_5_48,causal,0.0,True,event_union,corr,2,8,0.2,0.25,100,expanded,0.8774878061006449,0.8813825800982483,fusion,0.0038947739976034,0.8491129096770011,0.8475846477837812,fusion,-0.0015282618932199,0.0038947739976034,-0.0015282618932199,0.0054230358908233,True,0.8813825800982483,0.8475846477837812,0.8774878061006449,0.8491129096770011
5,1-2-3-4-5-6-7|8,sgd_logistic,all32,bandpass_0_5_48,causal,0.0,True,event_union,corr,2,8,0.1,0.2,100,expanded,0.7480635227913828,0.7497478523451679,combined,0.0016843295537851,0.7785255057220696,0.7747883884006116,fusion,-0.0037371173214579,0.0016843295537851,-0.0037371173214579,0.005421446875243,True,0.7497478523451679,0.7747883884006116,0.7480635227913828,0.7785255057220696
10,1-2-3-4-5-6|7,sgd_logistic,all32,bandpass_0_5_48,causal,0.0,True,event_union,corr,2,8,0.1,0.2,100,expanded,0.8838799187135707,0.8872229852636672,fusion,0.0033430665500964,0.8585492918810673,0.8570773952123325,fusion,-0.0014718966687348,0.0033430665500964,-0.0014718966687348,0.0048149632188312,True,0.8872229852636672,0.8570773952123325,0.8838799187135707,0.8585492918810673
3,1-2-3-4-5-6|7,sgd_logistic,all32,bandpass_0_5_48,causal,0.0,True,event_union,corr,2,8,0.2,0.15,100,expanded,0.8456189724052828,0.84933684781223,combined,0.0037178754069471,0.8331005274070962,0.8320719653667927,fusion,-0.0010285620403034,0.0037178754069471,-0.0010285620403034,0.0047464374472505,True,0.84933684781223,0.8320719653667927,0.8456189724052828,0.8331005274070962
10,1-2-3-4-5-6|7,sgd_logistic,all32,bandpass_0_5_48,causal,0.0,True,event_union,corr,2,8,0.3,0.25,100,expanded,0.8723755724554088,0.8762937911066686,combined,0.0039182186512598,0.842392105404879,0.841654058216152,combined,-0.0007380471887269,0.0039182186512598,-0.0007380471887269,0.0046562658399867,True,0.8762937911066686,0.841654058216152,0.8723755724554088,0.842392105404879
6,1-2-3-4-5-6|7,sgd_logistic,all32,bandpass_0_5_48,causal,0.0,True,event_union,corr,2,8,0.2,0.2,100,expanded,0.8601976176370657,0.8625922560137576,fusion,0.0023946383766918,0.851294950490295,0.8490703781620108,fusion,-0.0022245723282842,0.0023946383766918,-0.0022245723282842,0.004619210704976,True,0.8625922560137576,0.8490703781620108,0.8601976176370657,0.851294950490295
9,1-2-3-4-5-6-7|8,sgd_logistic,all32,bandpass_0_5_48,causal,0.0,True,event_union,corr,2,8,0.1,0.15,100,expanded,0.8610942479800591,0.8618639239021214,combined,0.0007696759220623,0.8604318420920455,0.8566048883215412,fusion,-0.0038269537705042,0.0007696759220623,-0.0038269537705042,0.0045966296925665,True,0.8618639239021214,0.8566048883215412,0.8610942479800591,0.8604318420920455
5,1-2-3-4-5-6-7|8,sgd_logistic,all32,bandpass_0_5_48,causal,0.0,True,event_union,corr,2,8,0.2,0.2,100,expanded,0.7387862402171957,0.7405711255097044,combined,0.0017848852925086,0.7616207160280926,0.7588897796740982,fusion,-0.0027309363539943,0.0017848852925086,-0.0027309363539943,0.0045158216465028996,True,0.7405711255097044,0.7588897796740982,0.7387862402171957,0.7616207160280926
1,1-2-3-4-5-6-7|8,sgd_logistic,all32,bandpass_0_5_48,causal,0.0,True,event_union,corr,2,8,0.3,0.1,100,expanded,0.9096910770941996,0.9153940694293348,combined,0.0057029923351353,0.9258852008578428,0.9271821224915956,fusion,0.0012969216337527,0.0057029923351353,0.0012969216337527,0.0044060707013826,True,0.9153940694293348,0.9271821224915956,0.9096910770941996,0.9258852008578428
2,1-2-3-4-5-6-7|8,sgd_logistic,all32,bandpass_0_5_48,causal,0.0,True,event_union,corr,2,8,0.1,0.1,100,expanded,0.8874698093238864,0.897948429120223,combined,0.0104786197963365,0.8682893258035628,0.8744230070448061,combined,0.0061336812412433,0.0104786197963365,0.0061336812412433,0.0043449385550932,True,0.897948429120223,0.8744230070448061,0.8874698093238864,0.8682893258035628
2,1-2-3-4-5-6-7|8,sgd_logistic,all32,bandpass_0_5_48,causal,0.0,True,event_union,corr,2,8,0.1,0.15,100,expanded,0.8874698093238864,0.897948429120223,combined,0.0104786197963365,0.8682893258035628,0.8744230070448061,combined,0.0061336812412433,0.0104786197963365,0.0061336812412433,0.0043449385550932,True,0.897948429120223,0.8744230070448061,0.8874698093238864,0.8682893258035628
2,1-2-3-4-5-6-7|8,sgd_logistic,all32,bandpass_0_5_48,causal,0.0,True,event_union,corr,2,8,0.1,0.2,100,expanded,0.8874698093238864,0.897948429120223,combined,0.0104786197963365,0.8682893258035628,0.8744230070448061,combined,0.0061336812412433,0.0104786197963365,0.0061336812412433,0.0043449385550932,True,0.897948429120223,0.8744230070448061,0.8874698093238864,0.8682893258035628
2,1-2-3-4-5-6-7|8,sgd_logistic,all32,bandpass_0_5_48,causal,0.0,True,event_union,corr,2,8,0.1,0.25,100,expanded,0.8874698093238864,0.897948429120223,combined,0.0104786197963365,0.8682893258035628,0.8744230070448061,combined,0.0061336812412433,0.0104786197963365,0.0061336812412433,0.0043449385550932,True,0.897948429120223,0.8744230070448061,0.8874698093238864,0.8682893258035628
1,1-2-3-4-5-6-7|8,sgd_logistic,all32,bandpass_0_5_48,causal,0.0,True,event_union,corr,2,8,0.3,0.25,100,expanded,0.9096910770941996,0.9153940694293348,combined,0.0057029923351353,0.9258852008578428,0.9272862336431552,fusion,0.0014010327853123,0.0057029923351353,0.0014010327853123,0.004301959549823001,True,0.9153940694293348,0.9272862336431552,0.9096910770941996,0.9258852008578428
5,1-2-3-4-5-6-7|8,sgd_logistic,all32,bandpass_0_5_48,causal,0.0,True,event_union,corr,2,8,0.3,0.2,100,expanded,0.7314445527152126,0.7331572496671172,combined,0.0017126969519045,0.7503313428131211,0.7477513275829528,fusion,-0.0025800152301682,0.0017126969519045,-0.0025800152301682,0.0042927121820727,True,0.7331572496671172,0.7477513275829528,0.7314445527152126,0.7503313428131211
3,1-2-3-4-5-6|7,sgd_logistic,all32,bandpass_0_5_48,causal,0.0,True,event_union,corr,2,8,0.1,0.25,100,expanded,0.8601177686078824,0.8603773320957177,fusion,0.0002595634878352,0.8538204626606724,0.8497975593064827,fusion,-0.0040229033541896,0.0002595634878352,-0.0040229033541896,0.0042824668420248,True,0.8603773320957177,0.8497975593064827,0.8601177686078824,0.8538204626606724
6,1-2-3-4-5-6|7,sgd_logistic,all32,bandpass_0_5_48,causal,0.0,True,event_union,corr,2,8,0.3,0.15,100,expanded,0.8522824348835766,0.8544372324578163,fusion,0.0021547975742397,0.8443487454326454,0.8422611166368495,fusion,-0.0020876287957958,0.0021547975742397,-0.0020876287957958,0.0042424263700355,True,0.8544372324578163,0.8422611166368495,0.8522824348835766,0.8443487454326454
12,1-2-3-4-5-6-7|8,sgd_logistic,all32,bandpass_0_5_48,causal,0.0,True,event_union,corr,2,8,0.1,0.25,100,expanded,0.8622857552736892,0.8656794314345785,fusion,0.0033936761608892,0.8493854483652895,0.8486428350996755,fusion,-0.0007426132656139,0.0033936761608892,-0.0007426132656139,0.0041362894265031,True,0.8656794314345785,0.8486428350996755,0.8622857552736892,0.8493854483652895
10,1-2-3-4-5-6|7,sgd_logistic,all32,bandpass_0_5_48,causal,0.0,True,event_union,corr,2,8,0.3,0.2,100,expanded,0.8723755724554088,0.8762937911066686,combined,0.0039182186512598,0.842392105404879,0.8422089679831809,fusion,-0.000183137421698,0.0039182186512598,-0.000183137421698,0.0041013560729578,True,0.8762937911066686,0.8422089679831809,0.8723755724554088,0.842392105404879
1,1-2-3-4-5-6-7|8,sgd_logistic,all32,bandpass_0_5_48,causal,0.0,True,event_union,corr,2,8,0.3,0.15,100,expanded,0.9096910770941996,0.9153940694293348,combined,0.0057029923351353,0.9258852008578428,0.9275430386798929,fusion,0.0016578378220498,0.0057029923351353,0.0016578378220498,0.0040451545130855,True,0.9153940694293348,0.9275430386798929,0.9096910770941996,0.9258852008578428
10,1-2-3-4-5-6|7,sgd_logistic,all32,bandpass_0_5_48,causal,0.0,True,event_union,corr,2,8,0.2,0.2,100,expanded,0.8774878061006449,0.8810625970682945,fusion,0.0035747909676495,0.8491129096770011,0.84865682352173,fusion,-0.0004560861552711,0.0035747909676495,-0.0004560861552711,0.0040308771229206,True,0.8810625970682945,0.84865682352173,0.8774878061006449,0.8491129096770011
1,1-2-3-4-5-6-7|8,sgd_logistic,all32,bandpass_0_5_48,causal,0.0,True,event_union,corr,2,8,0.3,0.2,100,expanded,0.9096910770941996,0.9153940694293348,combined,0.0057029923351353,0.9258852008578428,0.9275736627356312,fusion,0.0016884618777882,0.0057029923351353,0.0016884618777882,0.0040145304573471,True,0.9153940694293348,0.9275736627356312,0.9096910770941996,0.9258852008578428
3,1-2-3-4-5-6|7,sgd_logistic,all32,bandpass_0_5_48,causal,0.0,True,event_union,corr,2,8,0.2,0.1,100,expanded,0.8456189724052828,0.84933684781223,combined,0.0037178754069471,0.8331005274070962,0.8328048019456941,fusion,-0.0002957254614021,0.0037178754069471,-0.0002957254614021,0.0040136008683492,True,0.84933684781223,0.8328048019456941,0.8456189724052828,0.8331005274070962
5,1-2-3-4-5-6-7|8,sgd_logistic,all32,bandpass_0_5_48,causal,0.0,True,event_union,corr,2,8,0.1,0.15,100,expanded,0.7480635227913828,0.7497478523451679,combined,0.0016843295537851,0.7785255057220696,0.7762858162273911,fusion,-0.0022396894946784,0.0016843295537851,-0.0022396894946784,0.0039240190484635,True,0.7497478523451679,0.7762858162273911,0.7480635227913828,0.7785255057220696
3,1-2-3-4-5-6-7|8,sgd_logistic,all32,bandpass_0_5_48,causal,0.0,True,event_union,corr,2,8,0.3,0.25,100,expanded,0.8646100366178647,0.8622313244970616,fusion,-0.002378712120803,0.8497839980392444,0.8436364666709192,fusion,-0.0061475313683252,-0.002378712120803,-0.0061475313683252,0.0037688192475222,True,0.8622313244970616,0.8436364666709192,0.8646100366178647,0.8497839980392444
6,1-2-3-4-5-6|7,sgd_logistic,all32,bandpass_0_5_48,causal,0.0,True,event_union,corr,2,8,0.1,0.25,100,expanded,0.8720944661320454,0.8741066715469156,fusion,0.0020122054148701,0.8611758517502217,0.8594504199439074,fusion,-0.0017254318063143,0.0020122054148701,-0.0017254318063143,0.0037376372211844,True,0.8741066715469156,0.8594504199439074,0.8720944661320454,0.8611758517502217
1,1-2-3-4-5-6-7|8,sgd_logistic,all32,bandpass_0_5_48,causal,0.0,True,event_union,corr,2,8,0.2,0.25,100,expanded,0.9187972286898228,0.9232202080901182,combined,0.0044229794002954,0.9323874490138,0.9330836675456404,fusion,0.0006962185318402,0.0044229794002954,0.0006962185318402,0.0037267608684551996,True,0.9232202080901182,0.9330836675456404,0.9187972286898228,0.9323874490138
10,1-2-3-4-5-6|7,sgd_logistic,all32,bandpass_0_5_48,causal,0.0,True,event_union,corr,2,8,0.3,0.15,100,expanded,0.8723755724554088,0.8762937911066686,combined,0.0039182186512598,0.842392105404879,0.8426106563148047,fusion,0.0002185509099257,0.0039182186512598,0.0002185509099257,0.0036996677413341,True,0.8762937911066686,0.8426106563148047,0.8723755724554088,0.842392105404879
10,1-2-3-4-5-6|7,sgd_logistic,all32,bandpass_0_5_48,causal,0.0,True,event_union,corr,2,8,0.1,0.15,100,expanded,0.8838799187135707,0.8867432448997437,fusion,0.0028633261861729,0.8585492918810673,0.8578332107208758,fusion,-0.0007160811601915,0.0028633261861729,-0.0007160811601915,0.0035794073463643996,True,0.8867432448997437,0.8578332107208758,0.8838799187135707,0.8585492918810673
10,1-2-3-4-5-6|7,sgd_logistic,all32,bandpass_0_5_48,causal,0.0,True,event_union,corr,2,8,0.3,0.1,100,expanded,0.8723755724554088,0.8762937911066686,combined,0.0039182186512598,0.842392105404879,0.8428130117709586,fusion,0.0004209063660796,0.0039182186512598,0.0004209063660796,0.0034973122851801996,True,0.8762937911066686,0.8428130117709586,0.8723755724554088,0.842392105404879
1,1-2-3-4-5-6-7|8,sgd_logistic,all32,bandpass_0_5_48,causal,0.0,True,event_union,corr,2,8,0.2,0.1,100,expanded,0.9187972286898228,0.9232202080901182,combined,0.0044229794002954,0.9323874490138,0.9333667542163768,fusion,0.0009793052025768,0.0044229794002954,0.0009793052025768,0.0034436741977186,True,0.9232202080901182,0.9333667542163768,0.9187972286898228,0.9323874490138
3,1-2-3-4-5-6|7,sgd_logistic,all32,bandpass_0_5_48,causal,0.0,True,event_union,corr,2,8,0.1,0.2,100,expanded,0.8601177686078824,0.8611250734616059,fusion,0.0010073048537235,0.8538204626606724,0.8513878920179302,fusion,-0.0024325706427421,0.0010073048537235,-0.0024325706427421,0.0034398754964656,True,0.8611250734616059,0.8513878920179302,0.8601177686078824,0.8538204626606724
5,1-2-3-4-5-6-7|8,sgd_logistic,all32,bandpass_0_5_48,causal,0.0,True,event_union,corr,2,8,0.2,0.15,100,expanded,0.7387862402171957,0.7405711255097044,combined,0.0017848852925086,0.7616207160280926,0.7599684077702099,fusion,-0.0016523082578826,0.0017848852925086,-0.0016523082578826,0.0034371935503912,True,0.7405711255097044,0.7599684077702099,0.7387862402171957,0.7616207160280926
1,1-2-3-4-5-6-7|8,sgd_logistic,all32,bandpass_0_5_48,causal,0.0,True,event_union,corr,2,8,0.1,0.25,100,expanded,0.929940102006966,0.9328851395388814,combined,0.0029450375319155,0.9399778699843404,0.9395027362741656,fusion,-0.0004751337101749,0.0029450375319155,-0.0004751337101749,0.0034201712420904003,True,0.9328851395388814,0.9395027362741656,0.929940102006966,0.9399778699843404
1,1-2-3-4-5-6|7,sgd_logistic,all32,bandpass_0_5_48,causal,0.0,True,event_union,corr,2,8,0.2,0.25,100,expanded,0.8721024311798734,0.8819577751806924,fusion,0.009855344000819,0.8949786953119312,0.901495154931189,fusion,0.0065164596192578,0.009855344000819,0.0065164596192578,0.0033388843815611996,True,0.8819577751806924,0.901495154931189,0.8721024311798734,0.8949786953119312
9,1-2-3-4-5-6-7|8,sgd_logistic,all32,bandpass_0_5_48,causal,0.0,True,event_union,corr,2,8,0.1,0.1,100,expanded,0.8610942479800591,0.8618639239021214,combined,0.0007696759220623,0.8604318420920455,0.8578957852713569,fusion,-0.0025360568206885,0.0007696759220623,-0.0025360568206885,0.0033057327427507997,True,0.8618639239021214,0.8578957852713569,0.8610942479800591,0.8604318420920455
1,1-2-3-4-5-6-7|8,sgd_logistic,all32,bandpass_0_5_48,causal,0.0,True,event_union,corr,2,8,0.2,0.2,100,expanded,0.9187972286898228,0.9232202080901182,combined,0.0044229794002954,0.9323874490138,0.9335670486172344,fusion,0.0011795996034342,0.0044229794002954,0.0011795996034342,0.0032433797968611996,True,0.9232202080901182,0.9335670486172344,0.9187972286898228,0.9323874490138
5,1-2-3-4-5-6-7|8,sgd_logistic,all32,bandpass_0_5_48,causal,0.0,True,event_union,corr,2,8,0.3,0.15,100,expanded,0.7314445527152126,0.7331572496671172,combined,0.0017126969519045,0.7503313428131211,0.7488040349139138,fusion,-0.0015273078992072,0.0017126969519045,-0.0015273078992072,0.0032400048511116997,True,0.7331572496671172,0.7488040349139138,0.7314445527152126,0.7503313428131211
3,1-2-3-4-5-6-7|8,sgd_logistic,all32,bandpass_0_5_48,causal,0.0,True,event_union,corr,2,8,0.3,0.2,100,expanded,0.8646100366178647,0.8637676713426194,fusion,-0.0008423652752452,0.8497839980392444,0.8457189560524471,fusion,-0.0040650419867973,-0.0008423652752452,-0.0040650419867973,0.0032226767115521,True,0.8637676713426194,0.8457189560524471,0.8646100366178647,0.8497839980392444
1,1-2-3-4-5-6-7|8,sgd_logistic,all32,bandpass_0_5_48,causal,0.0,True,event_union,corr,2,8,0.2,0.15,100,expanded,0.9187972286898228,0.9232202080901182,combined,0.0044229794002954,0.9323874490138,0.933590501135137,fusion,0.0012030521213368,0.0044229794002954,0.0012030521213368,0.0032199272789585997,True,0.9232202080901182,0.933590501135137,0.9187972286898228,0.9323874490138
12,1-2-3-4-5-6-7|8,sgd_logistic,all32,bandpass_0_5_48,causal,0.0,True,event_union,corr,2,8,0.1,0.2,100,expanded,0.8622857552736892,0.8656817862127784,fusion,0.0033960309390891,0.8493854483652895,0.8496503132856588,fusion,0.0002648649203692,0.0033960309390891,0.0002648649203692,0.0031311660187199,True,0.8656817862127784,0.8496503132856588,0.8622857552736892,0.8493854483652895
6,1-2-3-4-5-6|7,sgd_logistic,all32,bandpass_0_5_48,causal,0.0,True,event_union,corr,2,8,0.2,0.15,100,expanded,0.8601976176370657,0.862212406611845,fusion,0.0020147889747792,0.851294950490295,0.8502165141479665,fusion,-0.0010784363423285,0.0020147889747792,-0.0010784363423285,0.0030932253171077,True,0.862212406611845,0.8502165141479665,0.8601976176370657,0.851294950490295
3,1-2-3-4-5-6-7|8,sgd_logistic,all32,bandpass_0_5_48,causal,0.0,True,event_union,corr,2,8,0.2,0.25,100,expanded,0.8733070559689509,0.8711521833325954,fusion,-0.0021548726363554,0.8597026843394735,0.8544966448547298,fusion,-0.0052060394847437,-0.0021548726363554,-0.0052060394847437,0.0030511668483883,True,0.8711521833325954,0.8544966448547298,0.8733070559689509,0.8597026843394735
1,1-2-3-4-5-6|7,sgd_logistic,all32,bandpass_0_5_48,causal,0.0,True,event_union,corr,2,8,0.3,0.25,100,expanded,0.8661025673187752,0.875708277911205,fusion,0.0096057105924297,0.8887550987893892,0.8953195822875553,combined,0.006564483498166,0.0096057105924297,0.006564483498166,0.0030412270942637007,True,0.875708277911205,0.8953195822875553,0.8661025673187752,0.8887550987893892
3,1-2-3-4-5-6-7|8,sgd_logistic,all32,bandpass_0_5_48,causal,0.0,True,event_union,corr,2,8,0.1,0.25,100,expanded,0.8840525531451832,0.8825759655028239,fusion,-0.0014765876423592,0.8726267932590263,0.8681987840081441,fusion,-0.0044280092508821,-0.0014765876423592,-0.0044280092508821,0.0029514216085228997,True,0.8825759655028239,0.8681987840081441,0.8840525531451832,0.8726267932590263
10,1-2-3-4-5-6|7,sgd_logistic,all32,bandpass_0_5_48,causal,0.0,True,event_union,corr,2,8,0.2,0.15,100,expanded,0.8774878061006449,0.8805184076130402,fusion,0.0030306015123953,0.8491129096770011,0.8492023068200165,fusion,8.939714301536839e-05,0.0030306015123953,8.939714301536839e-05,0.002941204369379932,True,0.8805184076130402,0.8492023068200165,0.8774878061006449,0.8491129096770011
12,1-2-3-4-5-6-7|8,sgd_logistic,all32,bandpass_0_5_48,causal,0.0,True,event_union,corr,2,8,0.2,0.25,100,expanded,0.8603624214243828,0.8627797366524081,fusion,0.0024173152280253,0.8384034622072182,0.8378867953313565,fusion,-0.0005166668758617,0.0024173152280253,-0.0005166668758617,0.0029339821038870005,True,0.8627797366524081,0.8378867953313565,0.8603624214243828,0.8384034622072182
5,1-2-3-4-5-6-7|8,sgd_logistic,all32,bandpass_0_5_48,causal,0.0,True,event_union,corr,2,8,0.1,0.1,100,expanded,0.7480635227913828,0.7497478523451679,combined,0.0016843295537851,0.7785255057220696,0.7773329193715153,fusion,-0.0011925863505543,0.0016843295537851,-0.0011925863505543,0.0028769159043394,True,0.7497478523451679,0.7773329193715153,0.7480635227913828,0.7785255057220696
1,1-2-3-4-5-6-7|8,sgd_logistic,all32,bandpass_0_5_48,causal,0.0,True,event_union,corr,2,8,0.1,0.2,100,expanded,0.929940102006966,0.9328851395388814,combined,0.0029450375319155,0.9399778699843404,0.9401473360739262,fusion,0.0001694660895856,0.0029450375319155,0.0001694660895856,0.0027755714423299003,True,0.9328851395388814,0.9401473360739262,0.929940102006966,0.9399778699843404
6,1-2-3-4-5-6|7,sgd_logistic,all32,bandpass_0_5_48,causal,0.0,True,event_union,corr,2,8,0.1,0.2,100,expanded,0.8720944661320454,0.8741524471004034,fusion,0.0020579809683579,0.8611758517502217,0.8605135544205695,fusion,-0.0006622973296521,0.0020579809683579,-0.0006622973296521,0.00272027829801,True,0.8741524471004034,0.8605135544205695,0.8720944661320454,0.8611758517502217
10,1-2-3-4-5-6|7,sgd_logistic,all32,bandpass_0_5_48,causal,0.0,True,event_union,corr,2,8,0.2,0.1,100,expanded,0.8774878061006449,0.8804309433878172,combined,0.0029431372871723,0.8491129096770011,0.8493445639197169,fusion,0.0002316542427157,0.0029431372871723,0.0002316542427157,0.0027114830444566,True,0.8804309433878172,0.8493445639197169,0.8774878061006449,0.8491129096770011
3,1-2-3-4-5-6-7|8,sgd_logistic,all32,bandpass_0_5_48,causal,0.0,True,event_union,corr,2,8,0.1,0.2,100,expanded,0.8840525531451832,0.8838471526183684,fusion,-0.0002054005268147,0.8726267932590263,0.8698290842381268,fusion,-0.0027977090208994,-0.0002054005268147,-0.0027977090208994,0.0025923084940847,True,0.8838471526183684,0.8698290842381268,0.8840525531451832,0.8726267932590263
12,1-2-3-4-5-6-7|8,sgd_logistic,all32,bandpass_0_5_48,causal,0.0,True,event_union,corr,2,8,0.3,0.25,100,expanded,0.8575578758486112,0.8596620333476599,fusion,0.0021041574990486,0.8312592911745628,0.8307726867952291,fusion,-0.0004866043793336,0.0021041574990486,-0.0004866043793336,0.0025907618783822,True,0.8596620333476599,0.8307726867952291,0.8575578758486112,0.8312592911745628
6,1-2-3-4-5-6|7,sgd_logistic,all32,bandpass_0_5_48,causal,0.0,True,event_union,corr,2,8,0.3,0.1,100,expanded,0.8522824348835766,0.8538032285007464,fusion,0.0015207936171698,0.8443487454326454,0.8432818247180133,fusion,-0.0010669207146321,0.0015207936171698,-0.0010669207146321,0.0025877143318019,True,0.8538032285007464,0.8432818247180133,0.8522824348835766,0.8443487454326454
1,1-2-3-4-5-6|7,sgd_logistic,all32,bandpass_0_5_48,causal,0.0,True,event_union,corr,2,8,0.2,0.2,100,expanded,0.8721024311798734,0.8807097016247992,fusion,0.0086072704449258,0.8949786953119312,0.901027494566251,combined,0.0060487992543197,0.0086072704449258,0.0060487992543197,0.002558471190606099,True,0.8807097016247992,0.901027494566251,0.8721024311798734,0.8949786953119312
5,1-2-3-4-5-6-7|8,sgd_logistic,all32,bandpass_0_5_48,causal,0.0,True,event_union,corr,2,8,0.2,0.1,100,expanded,0.7387862402171957,0.7405711255097044,combined,0.0017848852925086,0.7616207160280926,0.7608684331153944,fusion,-0.0007522829126981,0.0017848852925086,-0.0007522829126981,0.0025371682052067,True,0.7405711255097044,0.7608684331153944,0.7387862402171957,0.7616207160280926
5,1-2-3-4-5-6-7|8,sgd_logistic,all32,bandpass_0_5_48,causal,0.0,True,event_union,corr,2,8,0.3,0.1,100,expanded,0.7314445527152126,0.7331572496671172,combined,0.0017126969519045,0.7503313428131211,0.7495263855597639,fusion,-0.0008049572533571,0.0017126969519045,-0.0008049572533571,0.0025176542052616,True,0.7331572496671172,0.7495263855597639,0.7314445527152126,0.7503313428131211
12,1-2-3-4-5-6-7|8,sgd_logistic,all32,bandpass_0_5_48,causal,0.0,True,event_union,corr,2,8,0.2,0.2,100,expanded,0.8603624214243828,0.8630610572726791,fusion,0.0026986358482963,0.8384034622072182,0.8385904618643316,fusion,0.0001869996571134,0.0026986358482963,0.0001869996571134,0.0025116361911829,True,0.8630610572726791,0.8385904618643316,0.8603624214243828,0.8384034622072182
3,1-2-3-4-5-6|7,sgd_logistic,all32,bandpass_0_5_48,causal,0.0,True,event_union,corr,2,8,0.1,0.15,100,expanded,0.8601177686078824,0.8614665167288114,fusion,0.0013487481209289,0.8538204626606724,0.8526894897682893,fusion,-0.001130972892383,0.0013487481209289,-0.001130972892383,0.0024797210133119,True,0.8614665167288114,0.8526894897682893,0.8601177686078824,0.8538204626606724
3,1-2-3-4-5-6-7|8,sgd_logistic,all32,bandpass_0_5_48,causal,0.0,True,event_union,corr,2,8,0.2,0.2,100,expanded,0.8733070559689509,0.8723882195057217,fusion,-0.0009188364632292,0.8597026843394735,0.8563271359486544,fusion,-0.0033755483908191,-0.0009188364632292,-0.0033755483908191,0.0024567119275899,True,0.8723882195057217,0.8563271359486544,0.8733070559689509,0.8597026843394735
1,1-2-3-4-5-6-7|8,sgd_logistic,all32,bandpass_0_5_48,causal,0.0,True,event_union,corr,2,8,0.1,0.15,100,expanded,0.929940102006966,0.9328851395388814,combined,0.0029450375319155,0.9399778699843404,0.9404910619246628,fusion,0.0005131919403222,0.0029450375319155,0.0005131919403222,0.0024318455915933,True,0.9328851395388814,0.9404910619246628,0.929940102006966,0.9399778699843404
10,1-2-3-4-5-6|7,sgd_logistic,all32,bandpass_0_5_48,causal,0.0,True,event_union,corr,2,8,0.1,0.1,100,expanded,0.8838799187135707,0.8860243043453183,fusion,0.0021443856317475,0.8585492918810673,0.8583215682687863,fusion,-0.000227723612281,0.0021443856317475,-0.000227723612281,0.0023721092440285004,True,0.8860243043453183,0.8583215682687863,0.8838799187135707,0.8585492918810673
1,1-2-3-4-5-6-7|8,sgd_logistic,all32,bandpass_0_5_48,causal,0.0,True,event_union,corr,2,8,0.1,0.1,100,expanded,0.929940102006966,0.9328851395388814,combined,0.0029450375319155,0.9399778699843404,0.9405634238964824,fusion,0.0005855539121418,0.0029450375319155,0.0005855539121418,0.0023594836197737,True,0.9328851395388814,0.9405634238964824,0.929940102006966,0.9399778699843404
3,1-2-3-4-5-6-7|8,sgd_logistic,all32,bandpass_0_5_48,causal,0.0,True,event_union,corr,2,8,0.3,0.15,100,expanded,0.8646100366178647,0.8644540928050933,fusion,-0.0001559438127713,0.8497839980392444,0.8473118254483558,fusion,-0.0024721725908886,-0.0001559438127713,-0.0024721725908886,0.0023162287781173002,True,0.8644540928050933,0.8473118254483558,0.8646100366178647,0.8497839980392444
8,1-2-3-4-5-6|7,sgd_logistic,all32,bandpass_0_5_48,causal,0.0,True,event_union,corr,2,8,0.3,0.25,100,expanded,0.8310415687769495,0.8322449142728522,combined,0.0012033454959027,0.8397350003980866,0.8386650078889485,fusion,-0.001069992509138,0.0012033454959027,-0.001069992509138,0.0022733380050407002,True,0.8322449142728522,0.8386650078889485,0.8310415687769495,0.8397350003980866
12,1-2-3-4-5-6-7|8,sgd_logistic,all32,bandpass_0_5_48,causal,0.0,True,event_union,corr,2,8,0.3,0.2,100,expanded,0.8575578758486112,0.8600877301564559,fusion,0.0025298543078446,0.8312592911745628,0.8315552189342282,fusion,0.0002959277596654,0.0025298543078446,0.0002959277596654,0.0022339265481791997,True,0.8600877301564559,0.8315552189342282,0.8575578758486112,0.8312592911745628
12,1-2-3-4-5-6-7|8,sgd_logistic,all32,bandpass_0_5_48,causal,0.0,True,event_union,corr,2,8,0.1,0.15,100,expanded,0.8622857552736892,0.8652727841337305,fusion,0.0029870288600413,0.8493854483652895,0.8501540858318363,fusion,0.0007686374665467,0.0029870288600413,0.0007686374665467,0.0022183913934946,True,0.8652727841337305,0.8501540858318363,0.8622857552736892,0.8493854483652895
12,1-2-3-4-5-6-7|8,sgd_logistic,all32,bandpass_0_5_48,causal,0.0,True,event_union,corr,2,8,0.2,0.15,100,expanded,0.8603624214243828,0.8629134630814486,fusion,0.0025510416570657,0.8384034622072182,0.8389203904539292,fusion,0.000516928246711,0.0025510416570657,0.000516928246711,0.0020341134103547,True,0.8629134630814486,0.8389203904539292,0.8603624214243828,0.8384034622072182
3,1-2-3-4-5-6-7|8,sgd_logistic,all32,bandpass_0_5_48,causal,0.0,True,event_union,corr,2,8,0.1,0.15,100,expanded,0.8840525531451832,0.8844292162306027,fusion,0.0003766630854195,0.8726267932590263,0.8709953117174232,fusion,-0.001631481541603,0.0003766630854195,-0.001631481541603,0.0020081446270225,True,0.8844292162306027,0.8709953117174232,0.8840525531451832,0.8726267932590263
6,1-2-3-4-5-6|7,sgd_logistic,all32,bandpass_0_5_48,causal,0.0,True,event_union,corr,2,8,0.1,0.15,100,expanded,0.8720944661320454,0.8739088922732132,fusion,0.0018144261411677,0.8611758517502217,0.8610441282296929,fusion,-0.0001317235205288,0.0018144261411677,-0.0001317235205288,0.0019461496616965,True,0.8739088922732132,0.8610441282296929,0.8720944661320454,0.8611758517502217
6,1-2-3-4-5-6|7,sgd_logistic,all32,bandpass_0_5_48,causal,0.0,True,event_union,corr,2,8,0.2,0.1,100,expanded,0.8601976176370657,0.8617024728288918,fusion,0.001504855191826,0.851294950490295,0.8509089087792233,fusion,-0.0003860417110717,0.001504855191826,-0.0003860417110717,0.0018908969028977,True,0.8617024728288918,0.8509089087792233,0.8601976176370657,0.851294950490295
2,1-2-3-4-5-6-7|8,sgd_logistic,all32,bandpass_0_5_48,causal,0.0,True,event_union,corr,2,8,0.2,0.1,100,expanded,0.8814036825176391,0.8920504617071447,combined,0.0106467791895056,0.8567919334737794,0.8655493359337525,combined,0.0087574024599731,0.0106467791895056,0.0087574024599731,0.0018893767295325003,True,0.8920504617071447,0.8655493359337525,0.8814036825176391,0.8567919334737794
2,1-2-3-4-5-6-7|8,sgd_logistic,all32,bandpass_0_5_48,causal,0.0,True,event_union,corr,2,8,0.2,0.15,100,expanded,0.8814036825176391,0.8920504617071447,combined,0.0106467791895056,0.8567919334737794,0.8655493359337525,combined,0.0087574024599731,0.0106467791895056,0.0087574024599731,0.0018893767295325003,True,0.8920504617071447,0.8655493359337525,0.8814036825176391,0.8567919334737794
2,1-2-3-4-5-6-7|8,sgd_logistic,all32,bandpass_0_5_48,causal,0.0,True,event_union,corr,2,8,0.2,0.2,100,expanded,0.8814036825176391,0.8920504617071447,combined,0.0106467791895056,0.8567919334737794,0.8655493359337525,combined,0.0087574024599731,0.0106467791895056,0.0087574024599731,0.0018893767295325003,True,0.8920504617071447,0.8655493359337525,0.8814036825176391,0.8567919334737794
2,1-2-3-4-5-6-7|8,sgd_logistic,all32,bandpass_0_5_48,causal,0.0,True,event_union,corr,2,8,0.2,0.25,100,expanded,0.8814036825176391,0.8920504617071447,combined,0.0106467791895056,0.8567919334737794,0.8655493359337525,combined,0.0087574024599731,0.0106467791895056,0.0087574024599731,0.0018893767295325003,True,0.8920504617071447,0.8655493359337525,0.8814036825176391,0.8567919334737794
3,1-2-3-4-5-6-7|8,sgd_logistic,all32,bandpass_0_5_48,causal,0.0,True,event_union,corr,2,8,0.2,0.15,100,expanded,0.8733070559689509,0.8731359686706371,fusion,-0.0001710872983137,0.8597026843394735,0.8576435326566764,fusion,-0.0020591516827971,-0.0001710872983137,-0.0020591516827971,0.0018880643844834,True,0.8731359686706371,0.8576435326566764,0.8733070559689509,0.8597026843394735
12,1-2-3-4-5-6-7|8,sgd_logistic,all32,bandpass_0_5_48,causal,0.0,True,event_union,corr,2,8,0.3,0.15,100,expanded,0.8575578758486112,0.8599184068446107,fusion,0.0023605309959995,0.8312592911745628,0.831757026797726,fusion,0.0004977356231632,0.0023605309959995,0.0004977356231632,0.0018627953728363,True,0.8599184068446107,0.831757026797726,0.8575578758486112,0.8312592911745628
1,1-2-3-4-5-6|7,sgd_logistic,all32,bandpass_0_5_48,causal,0.0,True,event_union,corr,2,8,0.3,0.2,100,expanded,0.8661025673187752,0.8742696684928202,fusion,0.0081671011740449,0.8887550987893892,0.8953195822875553,combined,0.006564483498166,0.0081671011740449,0.006564483498166,0.0016026176758788995,True,0.8742696684928202,0.8953195822875553,0.8661025673187752,0.8887550987893892
12,1-2-3-4-5-6|7,sgd_logistic,all32,bandpass_0_5_48,causal,0.0,True,event_union,corr,2,8,0.3,0.25,100,expanded,0.8375906826015717,0.8383947992058216,fusion,0.0008041166042499,0.8411003439900689,0.8403626254566953,combined,-0.0007377185333736,0.0008041166042499,-0.0007377185333736,0.0015418351376235,True,0.8383947992058216,0.8403626254566953,0.8375906826015717,0.8411003439900689
3,1-2-3-4-5-6|7,sgd_logistic,all32,bandpass_0_5_48,causal,0.0,True,event_union,corr,2,8,0.1,0.1,100,expanded,0.8601177686078824,0.8612414990728597,fusion,0.0011237304649773,0.8538204626606724,0.8534137809068375,fusion,-0.0004066817538348,0.0011237304649773,-0.0004066817538348,0.0015304122188121,True,0.8612414990728597,0.8534137809068375,0.8601177686078824,0.8538204626606724
3,1-2-3-4-5-6-7|8,sgd_logistic,all32,bandpass_0_5_48,causal,0.0,True,event_union,corr,2,8,0.1,0.1,100,expanded,0.8840525531451832,0.884689072301544,fusion,0.0006365191563608,0.8726267932590263,0.8717385467347043,fusion,-0.0008882465243219,0.0006365191563608,-0.0008882465243219,0.0015247656806826998,True,0.884689072301544,0.8717385467347043,0.8840525531451832,0.8726267932590263
3,1-2-3-4-5-6-7|8,sgd_logistic,all32,bandpass_0_5_48,causal,0.0,True,event_union,corr,2,8,0.3,0.1,100,expanded,0.8646100366178647,0.8647803428635812,fusion,0.0001703062457164,0.8497839980392444,0.848494012322874,fusion,-0.0012899857163704,0.0001703062457164,-0.0012899857163704,0.0014602919620868,True,0.8647803428635812,0.848494012322874,0.8646100366178647,0.8497839980392444
12,1-2-3-4-5-6-7|8,sgd_logistic,all32,bandpass_0_5_48,causal,0.0,True,event_union,corr,2,8,0.2,0.1,100,expanded,0.8603624214243828,0.8623583344512299,fusion,0.001995913026847,0.8384034622072182,0.8389618382680702,fusion,0.000558376060852,0.001995913026847,0.000558376060852,0.0014375369659950002,True,0.8623583344512299,0.8389618382680702,0.8603624214243828,0.8384034622072182
12,1-2-3-4-5-6|7,sgd_logistic,all32,bandpass_0_5_48,causal,0.0,True,event_union,corr,2,8,0.3,0.2,100,expanded,0.8375906826015717,0.8389882847996369,fusion,0.0013976021980652,0.8411003439900689,0.8411029921951424,fusion,2.6482050734522038e-06,0.0013976021980652,2.6482050734522038e-06,0.0013949539929917478,True,0.8389882847996369,0.8411029921951424,0.8375906826015717,0.8411003439900689
8,1-2-3-4-5-6|7,sgd_logistic,all32,bandpass_0_5_48,causal,0.0,True,event_union,corr,2,8,0.3,0.2,100,expanded,0.8310415687769495,0.8322449142728522,combined,0.0012033454959027,0.8397350003980866,0.8395575726752984,fusion,-0.0001774277227881,0.0012033454959027,-0.0001774277227881,0.0013807732186908,True,0.8322449142728522,0.8395575726752984,0.8310415687769495,0.8397350003980866
12,1-2-3-4-5-6|7,sgd_logistic,all32,bandpass_0_5_48,causal,0.0,True,event_union,corr,2,8,0.2,0.25,100,expanded,0.8428910773843571,0.8439177887934318,fusion,0.0010267114090747,0.8460050824244477,0.8456560374471006,fusion,-0.0003490449773471,0.0010267114090747,-0.0003490449773471,0.0013757563864218,True,0.8439177887934318,0.8456560374471006,0.8428910773843571,0.8460050824244477
12,1-2-3-4-5-6-7|8,sgd_logistic,all32,bandpass_0_5_48,causal,0.0,True,event_union,corr,2,8,0.1,0.1,100,expanded,0.8622857552736892,0.8644591492372031,fusion,0.0021733939635139,0.8493854483652895,0.850194177194915,fusion,0.0008087288296254,0.0021733939635139,0.0008087288296254,0.0013646651338885003,True,0.8644591492372031,0.850194177194915,0.8622857552736892,0.8493854483652895
12,1-2-3-4-5-6-7|8,sgd_logistic,all32,bandpass_0_5_48,causal,0.0,True,event_union,corr,2,8,0.3,0.1,100,expanded,0.8575578758486112,0.8593543498890105,fusion,0.0017964740403992,0.8312592911745628,0.831767834910727,fusion,0.0005085437361642,0.0017964740403992,0.0005085437361642,0.001287930304235,True,0.8593543498890105,0.831767834910727,0.8575578758486112,0.8312592911745628
12,1-2-3-4-5-6|7,sgd_logistic,all32,bandpass_0_5_48,causal,0.0,True,event_union,corr,2,8,0.2,0.2,100,expanded,0.8428910773843571,0.8444424774366945,fusion,0.0015514000523374,0.8460050824244477,0.8462906354397592,fusion,0.0002855530153115,0.0015514000523374,0.0002855530153115,0.0012658470370259,True,0.8444424774366945,0.8462906354397592,0.8428910773843571,0.8460050824244477
12,1-2-3-4-5-6|7,sgd_logistic,all32,bandpass_0_5_48,causal,0.0,True,event_union,corr,2,8,0.3,0.15,100,expanded,0.8375906826015717,0.8392171426448085,fusion,0.0016264600432368,0.8411003439900689,0.841479048589385,fusion,0.0003787045993161,0.0016264600432368,0.0003787045993161,0.0012477554439206998,True,0.8392171426448085,0.841479048589385,0.8375906826015717,0.8411003439900689
3,1-2-3-4-5-6-7|8,sgd_logistic,all32,bandpass_0_5_48,causal,0.0,True,event_union,corr,2,8,0.2,0.1,100,expanded,0.8733070559689509,0.8734804335098904,fusion,0.0001733775409394,0.8597026843394735,0.8586458165165403,fusion,-0.0010568678229332,0.0001733775409394,-0.0010568678229332,0.0012302453638726,True,0.8734804335098904,0.8586458165165403,0.8733070559689509,0.8597026843394735
12,1-2-3-4-5-6|7,sgd_logistic,all32,bandpass_0_5_48,causal,0.0,True,event_union,corr,2,8,0.2,0.15,100,expanded,0.8428910773843571,0.8446173202925015,fusion,0.0017262429081443,0.8460050824244477,0.8465086282988583,fusion,0.0005035458744105,0.0017262429081443,0.0005035458744105,0.0012226970337338,True,0.8446173202925015,0.8465086282988583,0.8428910773843571,0.8460050824244477
6,1-2-3-4-5-6|7,sgd_logistic,all32,bandpass_0_5_48,causal,0.0,True,event_union,corr,2,8,0.1,0.1,100,expanded,0.8720944661320454,0.873453990116369,fusion,0.0013595239843235,0.8611758517502217,0.8614108205484832,fusion,0.0002349687982614,0.0013595239843235,0.0002349687982614,0.0011245551860621,True,0.873453990116369,0.8614108205484832,0.8720944661320454,0.8611758517502217
11,1-2-3-4-5-6-7|8,sgd_logistic,all32,bandpass_0_5_48,causal,0.0,True,event_union,corr,2,8,0.3,0.25,100,expanded,0.838437266948682,0.8378724811914576,combined,-0.0005647857572244,0.8339428775199228,0.8324261771525645,fusion,-0.0015167003673582,-0.0005647857572244,-0.0015167003673582,0.0009519146101338,True,0.8378724811914576,0.8324261771525645,0.838437266948682,0.8339428775199228
8,1-2-3-4-5-6-7|8,sgd_logistic,all32,bandpass_0_5_48,causal,0.0,True,event_union,corr,2,8,0.1,0.15,100,expanded,0.884780899645672,0.8860009857027334,fusion,0.0012200860570614,0.8811811528654615,0.8815150397105378,combined,0.0003338868450762,0.0012200860570614,0.0003338868450762,0.0008861992119852001,True,0.8860009857027334,0.8815150397105378,0.884780899645672,0.8811811528654615
1,1-2-3-4-5-6|7,sgd_logistic,all32,bandpass_0_5_48,causal,0.0,True,event_union,corr,2,8,0.1,0.15,100,expanded,0.8799000355764508,0.887323700204988,fusion,0.0074236646285371,0.9018414842544168,0.9083940919411544,fusion,0.0065526076867375,0.0074236646285371,0.0065526076867375,0.0008710569417995995,True,0.887323700204988,0.9083940919411544,0.8799000355764508,0.9018414842544168
12,1-2-3-4-5-6|7,sgd_logistic,all32,bandpass_0_5_48,causal,0.0,True,event_union,corr,2,8,0.3,0.1,100,expanded,0.8375906826015717,0.8389422805105057,fusion,0.001351597908934,0.8411003439900689,0.841599122270662,fusion,0.000498778280593,0.001351597908934,0.000498778280593,0.0008528196283410001,True,0.8389422805105057,0.841599122270662,0.8375906826015717,0.8411003439900689
11,1-2-3-4-5-6-7|8,sgd_logistic,all32,bandpass_0_5_48,causal,0.0,True,event_union,corr,2,8,0.1,0.2,100,expanded,0.8419049510823561,0.8426689044196252,fusion,0.000763953337269,0.8359041883414356,0.8358199557265498,fusion,-8.423261488588185e-05,0.000763953337269,-8.423261488588185e-05,0.0008481859521548818,True,0.8426689044196252,0.8358199557265498,0.8419049510823561,0.8359041883414356
1,1-2-3-4-5-6|7,sgd_logistic,all32,bandpass_0_5_48,causal,0.0,True,event_union,corr,2,8,0.2,0.15,100,expanded,0.8721024311798734,0.8789936715491584,fusion,0.006891240369285,0.8949786953119312,0.901027494566251,combined,0.0060487992543197,0.006891240369285,0.0060487992543197,0.0008424411149652996,True,0.8789936715491584,0.901027494566251,0.8721024311798734,0.8949786953119312
11,1-2-3-4-5-6-7|8,sgd_logistic,all32,bandpass_0_5_48,causal,0.0,True,event_union,corr,2,8,0.1,0.25,100,expanded,0.8419049510823561,0.8421826754489272,fusion,0.0002777243665711,0.8359041883414356,0.8353796273279109,fusion,-0.0005245610135247,0.0002777243665711,-0.0005245610135247,0.0008022853800958,True,0.8421826754489272,0.8353796273279109,0.8419049510823561,0.8359041883414356
8,1-2-3-4-5-6|7,sgd_logistic,all32,bandpass_0_5_48,causal,0.0,True,event_union,corr,2,8,0.3,0.1,100,expanded,0.8310415687769495,0.8322449142728522,combined,0.0012033454959027,0.8397350003980866,0.8401770053592742,fusion,0.0004420049611876,0.0012033454959027,0.0004420049611876,0.0007613405347151,True,0.8322449142728522,0.8401770053592742,0.8310415687769495,0.8397350003980866
11,1-2-3-4-5-6-7|8,sgd_logistic,all32,bandpass_0_5_48,causal,0.0,True,event_union,corr,2,8,0.1,0.15,100,expanded,0.8419049510823561,0.84279927736655,fusion,0.0008943262841939,0.8359041883414356,0.8360534655895694,fusion,0.0001492772481337,0.0008943262841939,0.0001492772481337,0.0007450490360602001,True,0.84279927736655,0.8360534655895694,0.8419049510823561,0.8359041883414356
8,1-2-3-4-5-6|7,sgd_logistic,all32,bandpass_0_5_48,causal,0.0,True,event_union,corr,2,8,0.3,0.15,100,expanded,0.8310415687769495,0.8322449142728522,combined,0.0012033454959027,0.8397350003980866,0.8402239489202601,fusion,0.0004889485221735,0.0012033454959027,0.0004889485221735,0.0007143969737292,True,0.8322449142728522,0.8402239489202601,0.8310415687769495,0.8397350003980866
8,1-2-3-4-5-6-7|8,sgd_logistic,all32,bandpass_0_5_48,causal,0.0,True,event_union,corr,2,8,0.1,0.1,100,expanded,0.884780899645672,0.8858044836905896,fusion,0.0010235840449176,0.8811811528654615,0.8815150397105378,combined,0.0003338868450762,0.0010235840449176,0.0003338868450762,0.0006896971998413999,True,0.8858044836905896,0.8815150397105378,0.884780899645672,0.8811811528654615
12,1-2-3-4-5-6|7,sgd_logistic,all32,bandpass_0_5_48,causal,0.0,True,event_union,corr,2,8,0.2,0.1,100,expanded,0.8428910773843571,0.8442645628796432,fusion,0.0013734854952861,0.8460050824244477,0.8466941697996941,fusion,0.0006890873752464,0.0013734854952861,0.0006890873752464,0.0006843981200396999,True,0.8442645628796432,0.8466941697996941,0.8428910773843571,0.8460050824244477
8,1-2-3-4-5-6-7|8,sgd_logistic,all32,bandpass_0_5_48,causal,0.0,True,event_union,corr,2,8,0.1,0.2,100,expanded,0.884780899645672,0.8857954502868018,fusion,0.0010145506411298,0.8811811528654615,0.8815150397105378,combined,0.0003338868450762,0.0010145506411298,0.0003338868450762,0.0006806637960536,True,0.8857954502868018,0.8815150397105378,0.884780899645672,0.8811811528654615
11,1-2-3-4-5-6-7|8,sgd_logistic,all32,bandpass_0_5_48,causal,0.0,True,event_union,corr,2,8,0.2,0.25,100,expanded,0.8408309595113447,0.8403973039919714,fusion,-0.0004336555193732,0.835452353877764,0.8343539374326253,fusion,-0.0010984164451386,-0.0004336555193732,-0.0010984164451386,0.0006647609257654,True,0.8403973039919714,0.8343539374326253,0.8408309595113447,0.835452353877764
11,1-2-3-4-5-6-7|8,sgd_logistic,all32,bandpass_0_5_48,causal,0.0,True,event_union,corr,2,8,0.2,0.2,100,expanded,0.8408309595113447,0.8411348095206085,fusion,0.0003038500092638,0.835452353877764,0.8350966985512948,fusion,-0.0003556553264691,0.0003038500092638,-0.0003556553264691,0.0006595053357328999,True,0.8411348095206085,0.8350966985512948,0.8408309595113447,0.835452353877764
11,1-2-3-4-5-6-7|8,sgd_logistic,all32,bandpass_0_5_48,causal,0.0,True,event_union,corr,2,8,0.1,0.1,100,expanded,0.8419049510823561,0.8427636312141594,fusion,0.0008586801318033,0.8359041883414356,0.8361350589181016,fusion,0.0002308705766659,0.0008586801318033,0.0002308705766659,0.0006278095551373999,True,0.8427636312141594,0.8361350589181016,0.8419049510823561,0.8359041883414356
1,1-2-3-4-5-6|7,sgd_logistic,all32,bandpass_0_5_48,causal,0.0,True,event_union,corr,2,8,0.1,0.1,100,expanded,0.8799000355764508,0.8855953198818707,fusion,0.0056952843054198,0.9018414842544168,0.90697222785068,combined,0.0051307435962634,0.0056952843054198,0.0051307435962634,0.0005645407091563999,True,0.8855953198818707,0.90697222785068,0.8799000355764508,0.9018414842544168
11,1-2-3-4-5-6-7|8,sgd_logistic,all32,bandpass_0_5_48,causal,0.0,True,event_union,corr,2,8,0.2,0.15,100,expanded,0.8408309595113447,0.8412590977964189,fusion,0.0004281382850742,0.835452353877764,0.8353277781065319,fusion,-0.000124575771232,0.0004281382850742,-0.000124575771232,0.0005527140563062,True,0.8412590977964189,0.8353277781065319,0.8408309595113447,0.835452353877764
1,1-2-3-4-5-6|7,sgd_logistic,all32,bandpass_0_5_48,causal,0.0,True,event_union,corr,2,8,0.1,0.2,100,expanded,0.8799000355764508,0.8887432406658423,fusion,0.0088432050893915,0.9018414842544168,0.9101700900920148,fusion,0.0083286058375979,0.0088432050893915,0.0083286058375979,0.0005145992517935991,True,0.8887432406658423,0.9101700900920148,0.8799000355764508,0.9018414842544168
12,1-2-3-4-5-6|7,sgd_logistic,all32,bandpass_0_5_48,causal,0.0,True,event_union,corr,2,8,0.1,0.15,100,expanded,0.8513953292500288,0.8525705399289696,fusion,0.0011752106789407,0.8528794962515347,0.8536255959105352,fusion,0.0007460996590005,0.0011752106789407,0.0007460996590005,0.0004291110199402,True,0.8525705399289696,0.8536255959105352,0.8513953292500288,0.8528794962515347
11,1-2-3-4-5-6-7|8,sgd_logistic,all32,bandpass_0_5_48,causal,0.0,True,event_union,corr,2,8,0.2,0.1,100,expanded,0.8408309595113447,0.8412251190166643,fusion,0.0003941595053196,0.835452353877764,0.8355117282501477,fusion,5.93743723837914e-05,0.0003941595053196,5.93743723837914e-05,0.0003347851329358086,True,0.8412251190166643,0.8355117282501477,0.8408309595113447,0.835452353877764
12,1-2-3-4-5-6|7,sgd_logistic,all32,bandpass_0_5_48,causal,0.0,True,event_union,corr,2,8,0.1,0.2,100,expanded,0.8513953292500288,0.8522998180923381,fusion,0.0009044888423093,0.8528794962515347,0.8534724416889045,fusion,0.0005929454373697,0.0009044888423093,0.0005929454373697,0.0003115434049395999,True,0.8522998180923381,0.8534724416889045,0.8513953292500288,0.8528794962515347
11,1-2-3-4-5-6-7|8,sgd_logistic,all32,bandpass_0_5_48,causal,0.0,True,event_union,corr,2,8,0.3,0.2,100,expanded,0.838437266948682,0.8380852099668875,fusion,-0.0003520569817945,0.8339428775199228,0.8332847436409178,fusion,-0.000658133879005,-0.0003520569817945,-0.000658133879005,0.0003060768972105,True,0.8380852099668875,0.8332847436409178,0.838437266948682,0.8339428775199228
1,1-2-3-4-5-6|7,sgd_logistic,all32,bandpass_0_5_48,causal,0.0,True,event_union,corr,2,8,0.3,0.1,100,expanded,0.8661025673187752,0.8729516450555107,combined,0.0068490777367354,0.8887550987893892,0.8953195822875553,combined,0.006564483498166,0.0068490777367354,0.006564483498166,0.00028459423856940034,True,0.8729516450555107,0.8953195822875553,0.8661025673187752,0.8887550987893892
1,1-2-3-4-5-6|7,sgd_logistic,all32,bandpass_0_5_48,causal,0.0,True,event_union,corr,2,8,0.3,0.15,100,expanded,0.8661025673187752,0.8729516450555107,combined,0.0068490777367354,0.8887550987893892,0.8953195822875553,combined,0.006564483498166,0.0068490777367354,0.006564483498166,0.00028459423856940034,True,0.8729516450555107,0.8953195822875553,0.8661025673187752,0.8887550987893892
8,1-2-3-4-5-6-7|8,sgd_logistic,all32,bandpass_0_5_48,causal,0.0,True,event_union,corr,2,8,0.1,0.25,100,expanded,0.884780899645672,0.8853686325316638,fusion,0.0005877328859917,0.8811811528654615,0.8815150397105378,combined,0.0003338868450762,0.0005877328859917,0.0003338868450762,0.0002538460409155,True,0.8853686325316638,0.8815150397105378,0.884780899645672,0.8811811528654615
12,1-2-3-4-5-6|7,sgd_logistic,all32,bandpass_0_5_48,causal,0.0,True,event_union,corr,2,8,0.1,0.1,100,expanded,0.8513953292500288,0.8524201822790478,fusion,0.001024853029019,0.8528794962515347,0.8536529421184161,fusion,0.0007734458668814,0.001024853029019,0.0007734458668814,0.00025140716213759994,True,0.8524201822790478,0.8536529421184161,0.8513953292500288,0.8528794962515347
12,1-2-3-4-5-6|7,sgd_logistic,all32,bandpass_0_5_48,causal,0.0,True,event_union,corr,2,8,0.1,0.25,100,expanded,0.8513953292500288,0.8515752412014542,fusion,0.0001799119514254,0.8528794962515347,0.8528147405763059,fusion,-6.475567522878922e-05,0.0001799119514254,-6.475567522878922e-05,0.0002446676266541892,True,0.8515752412014542,0.8528147405763059,0.8513953292500288,0.8528794962515347
4,1-2-3-4-5-6|7,sgd_logistic,all32,bandpass_0_5_48,causal,0.0,True,event_union,corr,2,8,0.3,0.2,100,expanded,0.9020988320483646,0.9027340860742644,combined,0.0006352540258998,0.9059347679018128,0.9063636937258184,combined,0.0004289258240056,0.0006352540258998,0.0004289258240056,0.00020632820189420001,True,0.9027340860742644,0.9063636937258184,0.9020988320483646,0.9059347679018128
4,1-2-3-4-5-6|7,sgd_logistic,all32,bandpass_0_5_48,causal,0.0,True,event_union,corr,2,8,0.3,0.25,100,expanded,0.9020988320483646,0.9027340860742644,combined,0.0006352540258998,0.9059347679018128,0.9063636937258184,combined,0.0004289258240056,0.0006352540258998,0.0004289258240056,0.00020632820189420001,True,0.9027340860742644,0.9063636937258184,0.9020988320483646,0.9059347679018128
4,1-2-3-4-5-6|7,sgd_logistic,all32,bandpass_0_5_48,causal,0.0,True,event_union,corr,2,8,0.3,0.1,100,expanded,0.9020988320483646,0.9027340860742644,combined,0.0006352540258998,0.9059347679018128,0.9064302700612644,fusion,0.0004955021594515,0.0006352540258998,0.0004955021594515,0.00013975186644830007,True,0.9027340860742644,0.9064302700612644,0.9020988320483646,0.9059347679018128
4,1-2-3-4-5-6|7,sgd_logistic,all32,bandpass_0_5_48,causal,0.0,True,event_union,corr,2,8,0.3,0.15,100,expanded,0.9020988320483646,0.9027340860742644,combined,0.0006352540258998,0.9059347679018128,0.9064745521598994,fusion,0.0005397842580866,0.0006352540258998,0.0005397842580866,9.54697678132e-05,True,0.9027340860742644,0.9064745521598994,0.9020988320483646,0.9059347679018128
1,1-2-3-4-5-6|7,sgd_logistic,all32,bandpass_0_5_48,causal,0.0,True,event_union,corr,2,8,0.1,0.25,100,expanded,0.8799000355764508,0.8895882826389024,fusion,0.0096882470624516,0.9018414842544168,0.9114618579798,fusion,0.0096203737253833,0.0096882470624516,0.0096203737253833,6.78733370682999e-05,True,0.8895882826389024,0.9114618579798,0.8799000355764508,0.9018414842544168
11,1-2-3-4-5-6-7|8,sgd_logistic,all32,bandpass_0_5_48,causal,0.0,True,event_union,corr,2,8,0.3,0.15,100,expanded,0.838437266948682,0.8383207728875876,fusion,-0.0001164940610944,0.8339428775199228,0.8337587328644696,fusion,-0.0001841446554532,-0.0001164940610944,-0.0001841446554532,6.76505943588e-05,True,0.8383207728875876,0.8337587328644696,0.838437266948682,0.8339428775199228
4,1-2-3-4-5-6|7,sgd_logistic,all32,bandpass_0_5_48,causal,0.0,True,event_union,corr,2,8,0.1,0.1,100,expanded,0.9101061038360236,0.91107858546689,fusion,0.0009724816308661,0.9111610037904874,0.9121304474021604,fusion,0.0009694436116731,0.0009724816308661,0.0009694436116731,3.038019192999966e-06,True,0.91107858546689,0.9121304474021604,0.9101061038360236,0.9111610037904874
2,1-2-3-4-5-6-7|8,sgd_logistic,all32,bandpass_0_5_48,causal,0.0,True,event_union,corr,2,8,0.3,0.1,100,expanded,0.8772213957085011,0.8873675516562703,combined,0.0101461559477692,0.84867057845746,0.8588480135736449,combined,0.0101774351161849,0.0101461559477692,0.0101774351161849,-3.1279168415700165e-05,False,0.8873675516562703,0.8588480135736449,0.8772213957085011,0.84867057845746
2,1-2-3-4-5-6-7|8,sgd_logistic,all32,bandpass_0_5_48,causal,0.0,True,event_union,corr,2,8,0.3,0.15,100,expanded,0.8772213957085011,0.8873675516562703,combined,0.0101461559477692,0.84867057845746,0.8588480135736449,combined,0.0101774351161849,0.0101461559477692,0.0101774351161849,-3.1279168415700165e-05,False,0.8873675516562703,0.8588480135736449,0.8772213957085011,0.84867057845746
2,1-2-3-4-5-6-7|8,sgd_logistic,all32,bandpass_0_5_48,causal,0.0,True,event_union,corr,2,8,0.3,0.2,100,expanded,0.8772213957085011,0.8873675516562703,combined,0.0101461559477692,0.84867057845746,0.8588480135736449,combined,0.0101774351161849,0.0101461559477692,0.0101774351161849,-3.1279168415700165e-05,False,0.8873675516562703,0.8588480135736449,0.8772213957085011,0.84867057845746
2,1-2-3-4-5-6-7|8,sgd_logistic,all32,bandpass_0_5_48,causal,0.0,True,event_union,corr,2,8,0.3,0.25,100,expanded,0.8772213957085011,0.8873675516562703,combined,0.0101461559477692,0.84867057845746,0.8588480135736449,combined,0.0101774351161849,0.0101461559477692,0.0101774351161849,-3.1279168415700165e-05,False,0.8873675516562703,0.8588480135736449,0.8772213957085011,0.84867057845746
4,1-2-3-4-5-6|7,sgd_logistic,all32,bandpass_0_5_48,causal,0.0,True,event_union,corr,2,8,0.2,0.25,100,expanded,0.9057705695009108,0.9061884988276,combined,0.0004179293266892,0.9080391509421184,0.9085036007323548,fusion,0.0004644497902364,0.0004179293266892,0.0004644497902364,-4.652046354720001e-05,False,0.9061884988276,0.9085036007323548,0.9057705695009108,0.9080391509421184
10,1-2-3-4-5-6-7|8,sgd_logistic,all32,bandpass_0_5_48,causal,0.0,True,event_union,corr,2,8,0.3,0.1,100,expanded,0.8578016632507067,0.8580606985945641,fusion,0.0002590353438574,0.8624365841207542,0.8627664611262148,fusion,0.0003298770054606,0.0002590353438574,0.0003298770054606,-7.08416616032e-05,False,0.8580606985945641,0.8627664611262148,0.8578016632507067,0.8624365841207542
11,1-2-3-4-5-6-7|8,sgd_logistic,all32,bandpass_0_5_48,causal,0.0,True,event_union,corr,2,8,0.3,0.1,100,expanded,0.838437266948682,0.8385081358334546,fusion,7.086888477259023e-05,0.8339428775199228,0.8341175009631175,fusion,0.0001746234431947,7.086888477259023e-05,0.0001746234431947,-0.00010375455842210978,False,0.8385081358334546,0.8341175009631175,0.838437266948682,0.8339428775199228
4,1-2-3-4-5-6|7,sgd_logistic,all32,bandpass_0_5_48,causal,0.0,True,event_union,corr,2,8,0.2,0.1,100,expanded,0.9057705695009108,0.9063923432389168,fusion,0.000621773738006,0.9080391509421184,0.9087917700730208,fusion,0.0007526191309026,0.000621773738006,0.0007526191309026,-0.0001308453928966,False,0.9063923432389168,0.9087917700730208,0.9057705695009108,0.9080391509421184
7,1-2-3-4-5-6-7|8,sgd_logistic,all32,bandpass_0_5_48,causal,0.0,True,event_union,corr,2,8,0.1,0.2,100,expanded,0.9205203610005988,0.922995582927442,fusion,0.0024752219268432,0.910380011260374,0.9129968807104172,combined,0.0026168694500433,0.0024752219268432,0.0026168694500433,-0.00014164752320009995,False,0.922995582927442,0.9129968807104172,0.9205203610005988,0.910380011260374
4,1-2-3-4-5-6|7,sgd_logistic,all32,bandpass_0_5_48,causal,0.0,True,event_union,corr,2,8,0.1,0.15,100,expanded,0.9101061038360236,0.911141713940065,fusion,0.0010356101040412,0.9111610037904874,0.9123416791997216,fusion,0.0011806754092341,0.0010356101040412,0.0011806754092341,-0.0001450653051928998,False,0.911141713940065,0.9123416791997216,0.9101061038360236,0.9111610037904874
7,1-2-3-4-5-6-7|8,sgd_logistic,all32,bandpass_0_5_48,causal,0.0,True,event_union,corr,2,8,0.1,0.25,100,expanded,0.9205203610005988,0.9229212258136068,fusion,0.0024008648130078,0.910380011260374,0.9129968807104172,combined,0.0026168694500433,0.0024008648130078,0.0026168694500433,-0.00021600463703549998,False,0.9229212258136068,0.9129968807104172,0.9205203610005988,0.910380011260374
10,1-2-3-4-5-6-7|8,sgd_logistic,all32,bandpass_0_5_48,causal,0.0,True,event_union,corr,2,8,0.3,0.15,100,expanded,0.8578016632507067,0.8577256177762888,fusion,-7.604547441797394e-05,0.8624365841207542,0.8625877080078372,fusion,0.000151123887083,-7.604547441797394e-05,0.000151123887083,-0.00022716936150097392,False,0.8577256177762888,0.8625877080078372,0.8578016632507067,0.8624365841207542
10,1-2-3-4-5-6-7|8,sgd_logistic,all32,bandpass_0_5_48,causal,0.0,True,event_union,corr,2,8,0.2,0.1,100,expanded,0.8601999177026943,0.8604376156566117,fusion,0.0002376979539173,0.8723954809309021,0.8728850730817098,fusion,0.0004895921508076,0.0002376979539173,0.0004895921508076,-0.0002518941968903,False,0.8604376156566117,0.8728850730817098,0.8601999177026943,0.8723954809309021
10,1-2-3-4-5-6-7|8,sgd_logistic,all32,bandpass_0_5_48,causal,0.0,True,event_union,corr,2,8,0.2,0.15,100,expanded,0.8601999177026943,0.86006647095095,fusion,-0.0001334467517443,0.8723954809309021,0.8725939934430428,fusion,0.0001985125121406,-0.0001334467517443,0.0001985125121406,-0.0003319592638849,False,0.86006647095095,0.8725939934430428,0.8601999177026943,0.8723954809309021
4,1-2-3-4-5-6|7,sgd_logistic,all32,bandpass_0_5_48,causal,0.0,True,event_union,corr,2,8,0.2,0.15,100,expanded,0.9057705695009108,0.9063430548494932,fusion,0.0005724853485824,0.9080391509421184,0.908951300265364,fusion,0.0009121493232455,0.0005724853485824,0.0009121493232455,-0.00033966397466310004,False,0.9063430548494932,0.908951300265364,0.9057705695009108,0.9080391509421184
10,1-2-3-4-5-6-7|8,sgd_logistic,all32,bandpass_0_5_48,causal,0.0,True,event_union,corr,2,8,0.1,0.1,100,expanded,0.8619605847318433,0.8621135680731286,fusion,0.0001529833412852,0.8850572263475245,0.8856098551851623,fusion,0.0005526288376378,0.0001529833412852,0.0005526288376378,-0.00039964549635260004,False,0.8621135680731286,0.8856098551851623,0.8619605847318433,0.8850572263475245
4,1-2-3-4-5-6|7,sgd_logistic,all32,bandpass_0_5_48,causal,0.0,True,event_union,corr,2,8,0.2,0.2,100,expanded,0.9057705695009108,0.9061884988276,combined,0.0004179293266892,0.9080391509421184,0.9088923215356712,fusion,0.000853170593553,0.0004179293266892,0.000853170593553,-0.00043524126686380005,False,0.9061884988276,0.9088923215356712,0.9057705695009108,0.9080391509421184
8,1-2-3-4-5-6|7,sgd_logistic,all32,bandpass_0_5_48,causal,0.0,True,event_union,corr,2,8,0.2,0.1,100,expanded,0.8398851043881463,0.8400751777070349,fusion,0.0001900733188885,0.846894066627733,0.8475249437607361,fusion,0.000630877133003,0.0001900733188885,0.000630877133003,-0.00044080381411449996,False,0.8400751777070349,0.8475249437607361,0.8398851043881463,0.846894066627733
10,1-2-3-4-5-6-7|8,sgd_logistic,all32,bandpass_0_5_48,causal,0.0,True,event_union,corr,2,8,0.2,0.2,100,expanded,0.8601999177026943,0.859444156647924,fusion,-0.0007557610547703,0.8723954809309021,0.8721193794306767,fusion,-0.0002761015002253,-0.0007557610547703,-0.0002761015002253,-0.00047965955454500004,False,0.859444156647924,0.8721193794306767,0.8601999177026943,0.8723954809309021
7,1-2-3-4-5-6-7|8,sgd_logistic,all32,bandpass_0_5_48,causal,0.0,True,event_union,corr,2,8,0.1,0.15,100,expanded,0.9205203610005988,0.9226405968669668,fusion,0.0021202358663678,0.910380011260374,0.9129968807104172,combined,0.0026168694500433,0.0021202358663678,0.0026168694500433,-0.0004966335836755001,False,0.9226405968669668,0.9129968807104172,0.9205203610005988,0.910380011260374
9,1-2-3-4-5-6|7,sgd_logistic,all32,bandpass_0_5_48,causal,0.0,True,event_union,corr,2,8,0.2,0.1,100,expanded,0.8599046653381509,0.8611007951643311,fusion,0.0011961298261802,0.8741297497427286,0.8758257623106909,fusion,0.0016960125679622,0.0011961298261802,0.0016960125679622,-0.0004998827417820001,False,0.8611007951643311,0.8758257623106909,0.8599046653381509,0.8741297497427286
4,1-2-3-4-5-6|7,sgd_logistic,all32,bandpass_0_5_48,causal,0.0,True,event_union,corr,2,8,0.1,0.2,100,expanded,0.9101061038360236,0.9107970726229389,fusion,0.0006909687869149,0.9111610037904874,0.9123725301310552,fusion,0.0012115263405679,0.0006909687869149,0.0012115263405679,-0.0005205575536529999,False,0.9107970726229389,0.9123725301310552,0.9101061038360236,0.9111610037904874
9,1-2-3-4-5-6|7,sgd_logistic,all32,bandpass_0_5_48,causal,0.0,True,event_union,corr,2,8,0.1,0.1,100,expanded,0.8648293091485466,0.8658339905939996,fusion,0.0010046814454529,0.8798453987721601,0.8813843317837026,fusion,0.0015389330115425,0.0010046814454529,0.0015389330115425,-0.0005342515660896,False,0.8658339905939996,0.8813843317837026,0.8648293091485466,0.8798453987721601
10,1-2-3-4-5-6-7|8,sgd_logistic,all32,bandpass_0_5_48,causal,0.0,True,event_union,corr,2,8,0.1,0.15,100,expanded,0.8619605847318433,0.8618961998820786,fusion,-6.438484976478698e-05,0.8850572263475245,0.8856157132751349,fusion,0.0005584869276104,-6.438484976478698e-05,0.0005584869276104,-0.000622871777375187,False,0.8618961998820786,0.8856157132751349,0.8619605847318433,0.8850572263475245
10,1-2-3-4-5-6-7|8,sgd_logistic,all32,bandpass_0_5_48,causal,0.0,True,event_union,corr,2,8,0.3,0.2,100,expanded,0.8578016632507067,0.857013688144928,fusion,-0.0007879751057787,0.8624365841207542,0.8622924261795957,fusion,-0.0001441579411585,-0.0007879751057787,-0.0001441579411585,-0.0006438171646202,False,0.857013688144928,0.8622924261795957,0.8578016632507067,0.8624365841207542
8,1-2-3-4-5-6|7,sgd_logistic,all32,bandpass_0_5_48,causal,0.0,True,event_union,corr,2,8,0.1,0.1,100,expanded,0.8498554822847523,0.850074224617988,fusion,0.0002187423332357,0.8571146534048428,0.8579901039994745,fusion,0.0008754505946316,0.0002187423332357,0.0008754505946316,-0.0006567082613958999,False,0.850074224617988,0.8579901039994745,0.8498554822847523,0.8571146534048428
8,1-2-3-4-5-6|7,sgd_logistic,all32,bandpass_0_5_48,causal,0.0,True,event_union,corr,2,8,0.2,0.15,100,expanded,0.8398851043881463,0.8397971657995016,fusion,-8.793858864475368e-05,0.846894066627733,0.8475735550876964,fusion,0.0006794884599633,-8.793858864475368e-05,0.0006794884599633,-0.0007674270486080537,False,0.8397971657995016,0.8475735550876964,0.8398851043881463,0.846894066627733
8,1-2-3-4-5-6|7,sgd_logistic,all32,bandpass_0_5_48,causal,0.0,True,event_union,corr,2,8,0.2,0.25,100,expanded,0.8398851043881463,0.8386423048688411,combined,-0.0012427995193052,0.846894066627733,0.8464237369164321,fusion,-0.0004703297113008,-0.0012427995193052,-0.0004703297113008,-0.0007724698080044,False,0.8386423048688411,0.8464237369164321,0.8398851043881463,0.846894066627733
9,1-2-3-4-5-6|7,sgd_logistic,all32,bandpass_0_5_48,causal,0.0,True,event_union,corr,2,8,0.1,0.15,100,expanded,0.8648293091485466,0.8658990753814094,fusion,0.0010697662328628,0.8798453987721601,0.8817245380266637,fusion,0.0018791392545036,0.0010697662328628,0.0018791392545036,-0.0008093730216408,False,0.8658990753814094,0.8817245380266637,0.8648293091485466,0.8798453987721601
9,1-2-3-4-5-6|7,sgd_logistic,all32,bandpass_0_5_48,causal,0.0,True,event_union,corr,2,8,0.2,0.15,100,expanded,0.8599046653381509,0.8612259503445495,fusion,0.0013212850063986,0.8741297497427286,0.876296555195493,fusion,0.0021668054527643,0.0013212850063986,0.0021668054527643,-0.0008455204463657,False,0.8612259503445495,0.876296555195493,0.8599046653381509,0.8741297497427286
4,1-2-3-4-5-6|7,sgd_logistic,all32,bandpass_0_5_48,causal,0.0,True,event_union,corr,2,8,0.1,0.25,100,expanded,0.9101061038360236,0.9102029892882356,combined,9.688545221187006e-05,0.9111610037904874,0.912126134874368,fusion,0.0009651310838806,9.688545221187006e-05,0.0009651310838806,-0.0008682456316687299,False,0.9102029892882356,0.912126134874368,0.9101061038360236,0.9111610037904874
1,1-2-3-4-5-6|7,sgd_logistic,all32,bandpass_0_5_48,causal,0.0,True,event_union,corr,2,8,0.2,0.1,100,expanded,0.8721024311798734,0.8772794458724499,combined,0.0051770146925764,0.8949786953119312,0.901027494566251,combined,0.0060487992543197,0.0051770146925764,0.0060487992543197,-0.0008717845617433008,False,0.8772794458724499,0.901027494566251,0.8721024311798734,0.8949786953119312
7,1-2-3-4-5-6|7,sgd_logistic,all32,bandpass_0_5_48,causal,0.0,True,event_union,corr,2,8,0.1,0.1,100,expanded,0.9071395820413564,0.9074803093906392,fusion,0.000340727349283,0.8983909704370724,0.8996109018655113,fusion,0.0012199314284389,0.000340727349283,0.0012199314284389,-0.0008792040791559001,False,0.9074803093906392,0.8996109018655113,0.9071395820413564,0.8983909704370724
10,1-2-3-4-5-6-7|8,sgd_logistic,all32,bandpass_0_5_48,causal,0.0,True,event_union,corr,2,8,0.1,0.2,100,expanded,0.8619605847318433,0.8611844344847697,fusion,-0.0007761502470736,0.8850572263475245,0.8852186795743503,fusion,0.0001614532268258,-0.0007761502470736,0.0001614532268258,-0.0009376034738994,False,0.8611844344847697,0.8852186795743503,0.8619605847318433,0.8850572263475245
8,1-2-3-4-5-6|7,sgd_logistic,all32,bandpass_0_5_48,causal,0.0,True,event_union,corr,2,8,0.1,0.15,100,expanded,0.8498554822847523,0.8497214902266208,fusion,-0.0001339920581314,0.8571146534048428,0.8579733919914762,fusion,0.0008587385866333,-0.0001339920581314,0.0008587385866333,-0.0009927306447647,False,0.8497214902266208,0.8579733919914762,0.8498554822847523,0.8571146534048428
10,1-2-3-4-5-6-7|8,sgd_logistic,all32,bandpass_0_5_48,causal,0.0,True,event_union,corr,2,8,0.2,0.25,100,expanded,0.8601999177026943,0.8582816922668042,fusion,-0.0019182254358901,0.8723954809309021,0.8714789207786572,fusion,-0.0009165601522449,-0.0019182254358901,-0.0009165601522449,-0.0010016652836451999,False,0.8582816922668042,0.8714789207786572,0.8601999177026943,0.8723954809309021
8,1-2-3-4-5-6-7|8,sgd_logistic,all32,bandpass_0_5_48,causal,0.0,True,event_union,corr,2,8,0.2,0.2,100,expanded,0.876997218918008,0.8788311617429883,fusion,0.0018339428249802,0.8685469570931756,0.871390566289223,combined,0.0028436091960473,0.0018339428249802,0.0028436091960473,-0.0010096663710671,False,0.8788311617429883,0.871390566289223,0.876997218918008,0.8685469570931756
8,1-2-3-4-5-6|7,sgd_logistic,all32,bandpass_0_5_48,causal,0.0,True,event_union,corr,2,8,0.2,0.2,100,expanded,0.8398851043881463,0.8390839031901653,fusion,-0.0008012011979809,0.846894066627733,0.8471241800938524,fusion,0.0002301134661193,-0.0008012011979809,0.0002301134661193,-0.0010313146641002,False,0.8390839031901653,0.8471241800938524,0.8398851043881463,0.846894066627733
7,1-2-3-4-5-6-7|8,sgd_logistic,all32,bandpass_0_5_48,causal,0.0,True,event_union,corr,2,8,0.1,0.1,100,expanded,0.9205203610005988,0.922096932198762,fusion,0.0015765711981632,0.910380011260374,0.9129968807104172,combined,0.0026168694500433,0.0015765711981632,0.0026168694500433,-0.0010402982518801,False,0.922096932198762,0.9129968807104172,0.9205203610005988,0.910380011260374
8,1-2-3-4-5-6-7|8,sgd_logistic,all32,bandpass_0_5_48,causal,0.0,True,event_union,corr,2,8,0.2,0.15,100,expanded,0.876997218918008,0.8787367331368231,fusion,0.0017395142188151,0.8685469570931756,0.871390566289223,combined,0.0028436091960473,0.0017395142188151,0.0028436091960473,-0.0011040949772321998,False,0.8787367331368231,0.871390566289223,0.876997218918008,0.8685469570931756
9,1-2-3-4-5-6|7,sgd_logistic,all32,bandpass_0_5_48,causal,0.0,True,event_union,corr,2,8,0.1,0.2,100,expanded,0.8648293091485466,0.8656100287651536,fusion,0.0007807196166069,0.8798453987721601,0.8817336116405401,fusion,0.00188821286838,0.0007807196166069,0.00188821286838,-0.0011074932517731,False,0.8656100287651536,0.8817336116405401,0.8648293091485466,0.8798453987721601
4,1-2-3-4-5-6-7|8,sgd_logistic,all32,bandpass_0_5_48,causal,0.0,True,event_union,corr,2,8,0.3,0.1,100,expanded,0.8934112984821266,0.8960543827042363,combined,0.0026430842221096,0.874196548056601,0.8779767301964055,combined,0.0037801821398045,0.0026430842221096,0.0037801821398045,-0.0011370979176948998,False,0.8960543827042363,0.8779767301964055,0.8934112984821266,0.874196548056601
4,1-2-3-4-5-6-7|8,sgd_logistic,all32,bandpass_0_5_48,causal,0.0,True,event_union,corr,2,8,0.3,0.15,100,expanded,0.8934112984821266,0.8960543827042363,combined,0.0026430842221096,0.874196548056601,0.8779767301964055,combined,0.0037801821398045,0.0026430842221096,0.0037801821398045,-0.0011370979176948998,False,0.8960543827042363,0.8779767301964055,0.8934112984821266,0.874196548056601
4,1-2-3-4-5-6-7|8,sgd_logistic,all32,bandpass_0_5_48,causal,0.0,True,event_union,corr,2,8,0.3,0.2,100,expanded,0.8934112984821266,0.8960543827042363,combined,0.0026430842221096,0.874196548056601,0.8779767301964055,combined,0.0037801821398045,0.0026430842221096,0.0037801821398045,-0.0011370979176948998,False,0.8960543827042363,0.8779767301964055,0.8934112984821266,0.874196548056601
4,1-2-3-4-5-6-7|8,sgd_logistic,all32,bandpass_0_5_48,causal,0.0,True,event_union,corr,2,8,0.3,0.25,100,expanded,0.8934112984821266,0.8960543827042363,combined,0.0026430842221096,0.874196548056601,0.8779767301964055,combined,0.0037801821398045,0.0026430842221096,0.0037801821398045,-0.0011370979176948998,False,0.8960543827042363,0.8779767301964055,0.8934112984821266,0.874196548056601
9,1-2-3-4-5-6|7,sgd_logistic,all32,bandpass_0_5_48,causal,0.0,True,event_union,corr,2,8,0.3,0.15,100,expanded,0.8549049038878279,0.8559922948908355,fusion,0.0010873910030075,0.8698612263964778,0.8721183299437305,combined,0.0022571035472527,0.0010873910030075,0.0022571035472527,-0.0011697125442452002,False,0.8559922948908355,0.8721183299437305,0.8549049038878279,0.8698612263964778
8,1-2-3-4-5-6-7|8,sgd_logistic,all32,bandpass_0_5_48,causal,0.0,True,event_union,corr,2,8,0.2,0.25,100,expanded,0.876997218918008,0.8786471356442395,fusion,0.0016499167262314,0.8685469570931756,0.871390566289223,combined,0.0028436091960473,0.0016499167262314,0.0028436091960473,-0.0011936924698158998,False,0.8786471356442395,0.871390566289223,0.876997218918008,0.8685469570931756
7,1-2-3-4-5-6|7,sgd_logistic,all32,bandpass_0_5_48,causal,0.0,True,event_union,corr,2,8,0.1,0.15,100,expanded,0.9071395820413564,0.9073241124169682,fusion,0.0001845303756119,0.8983909704370724,0.8997762289740688,fusion,0.0013852585369964,0.0001845303756119,0.0013852585369964,-0.0012007281613844998,False,0.9073241124169682,0.8997762289740688,0.9071395820413564,0.8983909704370724
10,1-2-3-4-5-6-7|8,sgd_logistic,all32,bandpass_0_5_48,causal,0.0,True,event_union,corr,2,8,0.1,0.25,100,expanded,0.8619605847318433,0.8600262886342293,fusion,-0.001934296097614,0.8850572263475245,0.88433609477157,fusion,-0.0007211315759544,-0.001934296097614,-0.0007211315759544,-0.0012131645216596001,False,0.8600262886342293,0.88433609477157,0.8619605847318433,0.8850572263475245
9,1-2-3-4-5-6|7,sgd_logistic,all32,bandpass_0_5_48,causal,0.0,True,event_union,corr,2,8,0.2,0.2,100,expanded,0.8599046653381509,0.8610372371990013,fusion,0.0011325718608503,0.8741297497427286,0.8764870183209484,fusion,0.0023572685782198,0.0011325718608503,0.0023572685782198,-0.0012246967173695001,False,0.8610372371990013,0.8764870183209484,0.8599046653381509,0.8741297497427286
4,1-2-3-4-5-6-7|8,sgd_logistic,all32,bandpass_0_5_48,causal,0.0,True,event_union,corr,2,8,0.2,0.1,100,expanded,0.8963221127271709,0.8989780373654018,combined,0.0026559246382309,0.8786955718579011,0.8825851861827109,combined,0.0038896143248097,0.0026559246382309,0.0038896143248097,-0.0012336896865788,False,0.8989780373654018,0.8825851861827109,0.8963221127271709,0.8786955718579011
4,1-2-3-4-5-6-7|8,sgd_logistic,all32,bandpass_0_5_48,causal,0.0,True,event_union,corr,2,8,0.2,0.15,100,expanded,0.8963221127271709,0.8989780373654018,combined,0.0026559246382309,0.8786955718579011,0.8825851861827109,combined,0.0038896143248097,0.0026559246382309,0.0038896143248097,-0.0012336896865788,False,0.8989780373654018,0.8825851861827109,0.8963221127271709,0.8786955718579011
4,1-2-3-4-5-6-7|8,sgd_logistic,all32,bandpass_0_5_48,causal,0.0,True,event_union,corr,2,8,0.2,0.2,100,expanded,0.8963221127271709,0.8989780373654018,combined,0.0026559246382309,0.8786955718579011,0.8825851861827109,combined,0.0038896143248097,0.0026559246382309,0.0038896143248097,-0.0012336896865788,False,0.8989780373654018,0.8825851861827109,0.8963221127271709,0.8786955718579011
4,1-2-3-4-5-6-7|8,sgd_logistic,all32,bandpass_0_5_48,causal,0.0,True,event_union,corr,2,8,0.2,0.25,100,expanded,0.8963221127271709,0.8989780373654018,combined,0.0026559246382309,0.8786955718579011,0.8825851861827109,combined,0.0038896143248097,0.0026559246382309,0.0038896143248097,-0.0012336896865788,False,0.8989780373654018,0.8825851861827109,0.8963221127271709,0.8786955718579011
9,1-2-3-4-5-6|7,sgd_logistic,all32,bandpass_0_5_48,causal,0.0,True,event_union,corr,2,8,0.3,0.1,100,expanded,0.8549049038878279,0.8559181364539491,fusion,0.0010132325661211,0.8698612263964778,0.8721183299437305,combined,0.0022571035472527,0.0010132325661211,0.0022571035472527,-0.0012438709811316,False,0.8559181364539491,0.8721183299437305,0.8549049038878279,0.8698612263964778
9,1-2-3-4-5-6|7,sgd_logistic,all32,bandpass_0_5_48,causal,0.0,True,event_union,corr,2,8,0.1,0.25,100,expanded,0.8648293091485466,0.8649381057982923,fusion,0.0001087966497457,0.8798453987721601,0.8812498828805534,fusion,0.0014044841083933,0.0001087966497457,0.0014044841083933,-0.0012956874586476002,False,0.8649381057982923,0.8812498828805534,0.8648293091485466,0.8798453987721601
8,1-2-3-4-5-6|7,sgd_logistic,all32,bandpass_0_5_48,causal,0.0,True,event_union,corr,2,8,0.1,0.2,100,expanded,0.8498554822847523,0.8490782554955194,fusion,-0.0007772267892328,0.8571146534048428,0.8576966787535488,fusion,0.0005820253487059,-0.0007772267892328,0.0005820253487059,-0.0013592521379387,False,0.8490782554955194,0.8576966787535488,0.8498554822847523,0.8571146534048428
10,1-2-3-4-5-6-7|8,sgd_logistic,all32,bandpass_0_5_48,causal,0.0,True,event_union,corr,2,8,0.3,0.25,100,expanded,0.8578016632507067,0.8559675606992151,combined,-0.0018341025514916,0.8624365841207542,0.8619642507989926,combined,-0.0004723333217615,-0.0018341025514916,-0.0004723333217615,-0.0013617692297301,False,0.8559675606992151,0.8619642507989926,0.8578016632507067,0.8624365841207542
8,1-2-3-4-5-6-7|8,sgd_logistic,all32,bandpass_0_5_48,causal,0.0,True,event_union,corr,2,8,0.2,0.1,100,expanded,0.876997218918008,0.8784402059430136,fusion,0.0014429870250056,0.8685469570931756,0.871390566289223,combined,0.0028436091960473,0.0014429870250056,0.0028436091960473,-0.0014006221710417,False,0.8784402059430136,0.871390566289223,0.876997218918008,0.8685469570931756
9,1-2-3-4-5-6|7,sgd_logistic,all32,bandpass_0_5_48,causal,0.0,True,event_union,corr,2,8,0.3,0.2,100,expanded,0.8549049038878279,0.8557347426300224,fusion,0.0008298387421944,0.8698612263964778,0.8721721010948983,fusion,0.0023108746984205,0.0008298387421944,0.0023108746984205,-0.0014810359562261,False,0.8557347426300224,0.8721721010948983,0.8549049038878279,0.8698612263964778
9,1-2-3-4-5-6|7,sgd_logistic,all32,bandpass_0_5_48,causal,0.0,True,event_union,corr,2,8,0.2,0.25,100,expanded,0.8599046653381509,0.8605151584609022,fusion,0.0006104931227512,0.8741297497427286,0.8763761426132529,fusion,0.0022463928705243,0.0006104931227512,0.0022463928705243,-0.0016358997477731,False,0.8605151584609022,0.8763761426132529,0.8599046653381509,0.8741297497427286
7,1-2-3-4-5-6-7|8,sgd_logistic,all32,bandpass_0_5_48,causal,0.0,True,event_union,corr,2,8,0.3,0.2,100,expanded,0.9105214188358468,0.9128297223162716,fusion,0.0023083034804247,0.8924438884813576,0.8964056180641108,combined,0.0039617295827532,0.0023083034804247,0.0039617295827532,-0.0016534261023284998,False,0.9128297223162716,0.8964056180641108,0.9105214188358468,0.8924438884813576
7,1-2-3-4-5-6-7|8,sgd_logistic,all32,bandpass_0_5_48,causal,0.0,True,event_union,corr,2,8,0.2,0.25,100,expanded,0.9145696808155664,0.9168670811987206,fusion,0.0022974003831542,0.8994319618592762,0.9035196917800524,combined,0.0040877299207762,0.0022974003831542,0.0040877299207762,-0.001790329537622,False,0.9168670811987206,0.9035196917800524,0.9145696808155664,0.8994319618592762
5,1-2-3-4-5-6|7,sgd_logistic,all32,bandpass_0_5_48,causal,0.0,True,event_union,corr,2,8,0.1,0.1,100,expanded,0.8060149416443453,0.8071732803192012,fusion,0.0011583386748559,0.8012088221844369,0.8041637070244997,fusion,0.0029548848400627,0.0011583386748559,0.0029548848400627,-0.0017965461652068,False,0.8071732803192012,0.8041637070244997,0.8060149416443453,0.8012088221844369
8,1-2-3-4-5-6|7,sgd_logistic,all32,bandpass_0_5_48,causal,0.0,True,event_union,corr,2,8,0.1,0.25,100,expanded,0.8498554822847523,0.8478204344314517,fusion,-0.0020350478533005,0.8571146534048428,0.8568913481588994,fusion,-0.0002233052459433,-0.0020350478533005,-0.0002233052459433,-0.0018117426073572,False,0.8478204344314517,0.8568913481588994,0.8498554822847523,0.8571146534048428
7,1-2-3-4-5-6|7,sgd_logistic,all32,bandpass_0_5_48,causal,0.0,True,event_union,corr,2,8,0.1,0.2,100,expanded,0.9071395820413564,0.906730766081552,fusion,-0.0004088159598043,0.8983909704370724,0.8998036934400172,fusion,0.0014127230029448,-0.0004088159598043,0.0014127230029448,-0.0018215389627491,False,0.906730766081552,0.8998036934400172,0.9071395820413564,0.8983909704370724
7,1-2-3-4-5-6-7|8,sgd_logistic,all32,bandpass_0_5_48,causal,0.0,True,event_union,corr,2,8,0.2,0.2,100,expanded,0.9145696808155664,0.9168294018265212,fusion,0.0022597210109548,0.8994319618592762,0.9035196917800524,combined,0.0040877299207762,0.0022597210109548,0.0040877299207762,-0.0018280089098214,False,0.9168294018265212,0.9035196917800524,0.9145696808155664,0.8994319618592762
7,1-2-3-4-5-6-7|8,sgd_logistic,all32,bandpass_0_5_48,causal,0.0,True,event_union,corr,2,8,0.3,0.25,100,expanded,0.9105214188358468,0.9126413251376494,fusion,0.0021199063018024,0.8924438884813576,0.8964056180641108,combined,0.0039617295827532,0.0021199063018024,0.0039617295827532,-0.0018418232809507998,False,0.9126413251376494,0.8964056180641108,0.9105214188358468,0.8924438884813576
7,1-2-3-4-5-6-7|8,sgd_logistic,all32,bandpass_0_5_48,causal,0.0,True,event_union,corr,2,8,0.3,0.15,100,expanded,0.9105214188358468,0.9126024451618776,fusion,0.0020810263260306,0.8924438884813576,0.8964056180641108,combined,0.0039617295827532,0.0020810263260306,0.0039617295827532,-0.0018807032567225998,False,0.9126024451618776,0.8964056180641108,0.9105214188358468,0.8924438884813576
9,1-2-3-4-5-6|7,sgd_logistic,all32,bandpass_0_5_48,causal,0.0,True,event_union,corr,2,8,0.3,0.25,100,expanded,0.8549049038878279,0.8551637594530814,fusion,0.0002588555652535,0.8698612263964778,0.8721183299437305,combined,0.0022571035472527,0.0002588555652535,0.0022571035472527,-0.0019982479819992,False,0.8551637594530814,0.8721183299437305,0.8549049038878279,0.8698612263964778
7,1-2-3-4-5-6|7,sgd_logistic,all32,bandpass_0_5_48,causal,0.0,True,event_union,corr,2,8,0.2,0.1,100,expanded,0.9004560758421675,0.900816152531856,fusion,0.0003600766896884,0.888529390490719,0.8909193177965435,combined,0.0023899273058245,0.0003600766896884,0.0023899273058245,-0.0020298506161360997,False,0.900816152531856,0.8909193177965435,0.9004560758421675,0.888529390490719
7,1-2-3-4-5-6-7|8,sgd_logistic,all32,bandpass_0_5_48,causal,0.0,True,event_union,corr,2,8,0.2,0.15,100,expanded,0.9145696808155664,0.916594271967546,fusion,0.0020245911519797,0.8994319618592762,0.9035196917800524,combined,0.0040877299207762,0.0020245911519797,0.0040877299207762,-0.0020631387687965,False,0.916594271967546,0.9035196917800524,0.9145696808155664,0.8994319618592762
7,1-2-3-4-5-6-7|8,sgd_logistic,all32,bandpass_0_5_48,causal,0.0,True,event_union,corr,2,8,0.2,0.1,100,expanded,0.9145696808155664,0.9165633632241054,combined,0.001993682408539,0.8994319618592762,0.9035196917800524,combined,0.0040877299207762,0.001993682408539,0.0040877299207762,-0.0020940475122372,False,0.9165633632241054,0.9035196917800524,0.9145696808155664,0.8994319618592762
4,1-2-3-4-5-6-7|8,sgd_logistic,all32,bandpass_0_5_48,causal,0.0,True,event_union,corr,2,8,0.1,0.1,100,expanded,0.8998910343326231,0.9013550140803234,combined,0.0014639797477002,0.884886843093044,0.8884738022755485,combined,0.0035869591825045,0.0014639797477002,0.0035869591825045,-0.0021229794348043,False,0.9013550140803234,0.8884738022755485,0.8998910343326231,0.884886843093044
4,1-2-3-4-5-6-7|8,sgd_logistic,all32,bandpass_0_5_48,causal,0.0,True,event_union,corr,2,8,0.1,0.15,100,expanded,0.8998910343326231,0.9013550140803234,combined,0.0014639797477002,0.884886843093044,0.8884738022755485,combined,0.0035869591825045,0.0014639797477002,0.0035869591825045,-0.0021229794348043,False,0.9013550140803234,0.8884738022755485,0.8998910343326231,0.884886843093044
4,1-2-3-4-5-6-7|8,sgd_logistic,all32,bandpass_0_5_48,causal,0.0,True,event_union,corr,2,8,0.1,0.2,100,expanded,0.8998910343326231,0.9013550140803234,combined,0.0014639797477002,0.884886843093044,0.8884738022755485,combined,0.0035869591825045,0.0014639797477002,0.0035869591825045,-0.0021229794348043,False,0.9013550140803234,0.8884738022755485,0.8998910343326231,0.884886843093044
4,1-2-3-4-5-6-7|8,sgd_logistic,all32,bandpass_0_5_48,causal,0.0,True,event_union,corr,2,8,0.1,0.25,100,expanded,0.8998910343326231,0.9013550140803234,combined,0.0014639797477002,0.884886843093044,0.8884738022755485,combined,0.0035869591825045,0.0014639797477002,0.0035869591825045,-0.0021229794348043,False,0.9013550140803234,0.8884738022755485,0.8998910343326231,0.884886843093044
7,1-2-3-4-5-6|7,sgd_logistic,all32,bandpass_0_5_48,causal,0.0,True,event_union,corr,2,8,0.1,0.25,100,expanded,0.9071395820413564,0.9059029410000988,fusion,-0.0012366410412574,0.8983909704370724,0.8993284190990322,fusion,0.0009374486619597,-0.0012366410412574,0.0009374486619597,-0.0021740897032170997,False,0.9059029410000988,0.8993284190990322,0.9071395820413564,0.8983909704370724
7,1-2-3-4-5-6|7,sgd_logistic,all32,bandpass_0_5_48,causal,0.0,True,event_union,corr,2,8,0.2,0.15,100,expanded,0.9004560758421675,0.9005750746430249,fusion,0.0001189988008574,0.888529390490719,0.8909193177965435,combined,0.0023899273058245,0.0001189988008574,0.0023899273058245,-0.0022709285049671,False,0.9005750746430249,0.8909193177965435,0.9004560758421675,0.888529390490719
7,1-2-3-4-5-6-7|8,sgd_logistic,all32,bandpass_0_5_48,causal,0.0,True,event_union,corr,2,8,0.3,0.1,100,expanded,0.9105214188358468,0.9122042299936168,combined,0.0016828111577698,0.8924438884813576,0.8964056180641108,combined,0.0039617295827532,0.0016828111577698,0.0039617295827532,-0.0022789184249833996,False,0.9122042299936168,0.8964056180641108,0.9105214188358468,0.8924438884813576
7,1-2-3-4-5-6|7,sgd_logistic,all32,bandpass_0_5_48,causal,0.0,True,event_union,corr,2,8,0.3,0.1,100,expanded,0.8953583002550557,0.8954348647532869,fusion,7.656449823123523e-05,0.8827587040579399,0.8855183148155366,combined,0.0027596107575966,7.656449823123523e-05,0.0027596107575966,-0.002683046259365365,False,0.8954348647532869,0.8855183148155366,0.8953583002550557,0.8827587040579399
8,1-2-3-4-5-6-7|8,sgd_logistic,all32,bandpass_0_5_48,causal,0.0,True,event_union,corr,2,8,0.3,0.2,100,expanded,0.8717123566596552,0.8740697433839908,fusion,0.0023573867243356,0.8595196803243734,0.8646004418718595,combined,0.005080761547486,0.0023573867243356,0.005080761547486,-0.0027233748231503996,False,0.8740697433839908,0.8646004418718595,0.8717123566596552,0.8595196803243734
8,1-2-3-4-5-6-7|8,sgd_logistic,all32,bandpass_0_5_48,causal,0.0,True,event_union,corr,2,8,0.3,0.25,100,expanded,0.8717123566596552,0.8740676810137135,fusion,0.0023553243540582,0.8595196803243734,0.8646004418718595,combined,0.005080761547486,0.0023553243540582,0.005080761547486,-0.0027254371934277996,False,0.8740676810137135,0.8646004418718595,0.8717123566596552,0.8595196803243734
5,1-2-3-4-5-6|7,sgd_logistic,all32,bandpass_0_5_48,causal,0.0,True,event_union,corr,2,8,0.1,0.15,100,expanded,0.8060149416443453,0.8072914318854365,fusion,0.0012764902410912,0.8012088221844369,0.8053704781530553,fusion,0.0041616559686183,0.0012764902410912,0.0041616559686183,-0.0028851657275271005,False,0.8072914318854365,0.8053704781530553,0.8060149416443453,0.8012088221844369
7,1-2-3-4-5-6|7,sgd_logistic,all32,bandpass_0_5_48,causal,0.0,True,event_union,corr,2,8,0.2,0.2,100,expanded,0.9004560758421675,0.8999503904820122,fusion,-0.0005056853601552,0.888529390490719,0.8909193177965435,combined,0.0023899273058245,-0.0005056853601552,0.0023899273058245,-0.0028956126659797,False,0.8999503904820122,0.8909193177965435,0.9004560758421675,0.888529390490719
7,1-2-3-4-5-6|7,sgd_logistic,all32,bandpass_0_5_48,causal,0.0,True,event_union,corr,2,8,0.3,0.15,100,expanded,0.8953583002550557,0.8952193429554889,fusion,-0.0001389572995668,0.8827587040579399,0.8855183148155366,combined,0.0027596107575966,-0.0001389572995668,0.0027596107575966,-0.0028985680571634,False,0.8952193429554889,0.8855183148155366,0.8953583002550557,0.8827587040579399
2,1-2-3-4-5-6|7,sgd_logistic,all32,bandpass_0_5_48,causal,0.0,True,event_union,corr,2,8,0.1,0.1,100,expanded,0.8844294982887373,0.8847300763028255,fusion,0.0003005780140882,0.8375791011207202,0.8408021632576684,combined,0.0032230621369482,0.0003005780140882,0.0032230621369482,-0.00292248412286,False,0.8847300763028255,0.8408021632576684,0.8844294982887373,0.8375791011207202
8,1-2-3-4-5-6-7|8,sgd_logistic,all32,bandpass_0_5_48,causal,0.0,True,event_union,corr,2,8,0.3,0.15,100,expanded,0.8717123566596552,0.8738152502052695,fusion,0.0021028935456143,0.8595196803243734,0.8646004418718595,combined,0.005080761547486,0.0021028935456143,0.005080761547486,-0.0029778680018716997,False,0.8738152502052695,0.8646004418718595,0.8717123566596552,0.8595196803243734
8,1-2-3-4-5-6-7|8,sgd_logistic,all32,bandpass_0_5_48,causal,0.0,True,event_union,corr,2,8,0.3,0.1,100,expanded,0.8717123566596552,0.8736304284689101,combined,0.0019180718092549,0.8595196803243734,0.8646004418718595,combined,0.005080761547486,0.0019180718092549,0.005080761547486,-0.0031626897382310997,False,0.8736304284689101,0.8646004418718595,0.8717123566596552,0.8595196803243734
7,1-2-3-4-5-6|7,sgd_logistic,all32,bandpass_0_5_48,causal,0.0,True,event_union,corr,2,8,0.3,0.2,100,expanded,0.8953583002550557,0.8947011324327899,fusion,-0.0006571678222657,0.8827587040579399,0.8855183148155366,combined,0.0027596107575966,-0.0006571678222657,0.0027596107575966,-0.0034167785798623,False,0.8947011324327899,0.8855183148155366,0.8953583002550557,0.8827587040579399
2,1-2-3-4-5-6|7,sgd_logistic,all32,bandpass_0_5_48,causal,0.0,True,event_union,corr,2,8,0.1,0.15,100,expanded,0.8844294982887373,0.8845916266368518,fusion,0.0001621283481144,0.8375791011207202,0.8414529236398666,fusion,0.0038738225191463,0.0001621283481144,0.0038738225191463,-0.0037116941710319,False,0.8845916266368518,0.8414529236398666,0.8844294982887373,0.8375791011207202
5,1-2-3-4-5-6|7,sgd_logistic,all32,bandpass_0_5_48,causal,0.0,True,event_union,corr,2,8,0.1,0.2,100,expanded,0.8060149416443453,0.8071562375381962,fusion,0.0011412958938509,0.8012088221844369,0.8061806325339157,fusion,0.0049718103494788,0.0011412958938509,0.0049718103494788,-0.0038305144556279,False,0.8071562375381962,0.8061806325339157,0.8060149416443453,0.8012088221844369
7,1-2-3-4-5-6|7,sgd_logistic,all32,bandpass_0_5_48,causal,0.0,True,event_union,corr,2,8,0.2,0.25,100,expanded,0.9004560758421675,0.8989148496963247,fusion,-0.0015412261458427,0.888529390490719,0.8909193177965435,combined,0.0023899273058245,-0.0015412261458427,0.0023899273058245,-0.0039311534516672,False,0.8989148496963247,0.8909193177965435,0.9004560758421675,0.888529390490719
5,1-2-3-4-5-6|7,sgd_logistic,all32,bandpass_0_5_48,causal,0.0,True,event_union,corr,2,8,0.2,0.1,100,expanded,0.8049509584994096,0.8054722975087062,fusion,0.0005213390092966,0.7942161587291965,0.7991306437455203,combined,0.0049144850163238,0.0005213390092966,0.0049144850163238,-0.0043931460070272,False,0.8054722975087062,0.7991306437455203,0.8049509584994096,0.7942161587291965
5,1-2-3-4-5-6|7,sgd_logistic,all32,bandpass_0_5_48,causal,0.0,True,event_union,corr,2,8,0.2,0.15,100,expanded,0.8049509584994096,0.80537279566256,fusion,0.0004218371631504,0.7942161587291965,0.7991306437455203,combined,0.0049144850163238,0.0004218371631504,0.0049144850163238,-0.0044926478531734,False,0.80537279566256,0.7991306437455203,0.8049509584994096,0.7942161587291965
7,1-2-3-4-5-6|7,sgd_logistic,all32,bandpass_0_5_48,causal,0.0,True,event_union,corr,2,8,0.3,0.25,100,expanded,0.8953583002550557,0.8935415367223903,fusion,-0.0018167635326653,0.8827587040579399,0.8855183148155366,combined,0.0027596107575966,-0.0018167635326653,0.0027596107575966,-0.0045763742902619,False,0.8935415367223903,0.8855183148155366,0.8953583002550557,0.8827587040579399
5,1-2-3-4-5-6|7,sgd_logistic,all32,bandpass_0_5_48,causal,0.0,True,event_union,corr,2,8,0.2,0.2,100,expanded,0.8049509584994096,0.8050120557145091,fusion,6.109721509950372e-05,0.7942161587291965,0.7991306437455203,combined,0.0049144850163238,6.109721509950372e-05,0.0049144850163238,-0.004853387801224296,False,0.8050120557145091,0.7991306437455203,0.8049509584994096,0.7942161587291965
5,1-2-3-4-5-6|7,sgd_logistic,all32,bandpass_0_5_48,causal,0.0,True,event_union,corr,2,8,0.1,0.25,100,expanded,0.8060149416443453,0.806552458103246,fusion,0.0005375164589007,0.8012088221844369,0.8067635100950922,fusion,0.0055546879106552,0.0005375164589007,0.0055546879106552,-0.005017171451754499,False,0.806552458103246,0.8067635100950922,0.8060149416443453,0.8012088221844369
2,1-2-3-4-5-6|7,sgd_logistic,all32,bandpass_0_5_48,causal,0.0,True,event_union,corr,2,8,0.1,0.2,100,expanded,0.8844294982887373,0.8841619503921477,fusion,-0.0002675478965895,0.8375791011207202,0.8425097491755628,fusion,0.0049306480548425,-0.0002675478965895,0.0049306480548425,-0.005198195951431999,False,0.8841619503921477,0.8425097491755628,0.8844294982887373,0.8375791011207202
5,1-2-3-4-5-6|7,sgd_logistic,all32,bandpass_0_5_48,causal,0.0,True,event_union,corr,2,8,0.2,0.25,100,expanded,0.8049509584994096,0.8044751806180134,combined,-0.0004757778813961,0.7942161587291965,0.7991306437455203,combined,0.0049144850163238,-0.0004757778813961,0.0049144850163238,-0.0053902628977199,False,0.8044751806180134,0.7991306437455203,0.8049509584994096,0.7942161587291965
5,1-2-3-4-5-6|7,sgd_logistic,all32,bandpass_0_5_48,causal,0.0,True,event_union,corr,2,8,0.3,0.1,100,expanded,0.8036510968196886,0.8037684918370888,fusion,0.0001173950174001,0.7880659245622343,0.7939814892969493,combined,0.0059155647347149,0.0001173950174001,0.0059155647347149,-0.0057981697173148,False,0.8037684918370888,0.7939814892969493,0.8036510968196886,0.7880659245622343
2,1-2-3-4-5-6|7,sgd_logistic,all32,bandpass_0_5_48,causal,0.0,True,event_union,corr,2,8,0.1,0.25,100,expanded,0.8844294982887373,0.8838424649870134,combined,-0.0005870333017239,0.8375791011207202,0.8431117988409754,fusion,0.0055326977202552,-0.0005870333017239,0.0055326977202552,-0.0061197310219791,False,0.8838424649870134,0.8431117988409754,0.8844294982887373,0.8375791011207202
5,1-2-3-4-5-6|7,sgd_logistic,all32,bandpass_0_5_48,causal,0.0,True,event_union,corr,2,8,0.3,0.15,100,expanded,0.8036510968196886,0.8033554699961037,fusion,-0.0002956268235848,0.7880659245622343,0.7939814892969493,combined,0.0059155647347149,-0.0002956268235848,0.0059155647347149,-0.0062111915582997,False,0.8033554699961037,0.7939814892969493,0.8036510968196886,0.7880659245622343
2,1-2-3-4-5-6|7,sgd_logistic,all32,bandpass_0_5_48,causal,0.0,True,event_union,corr,2,8,0.2,0.1,100,expanded,0.8790213037569723,0.8808053616580658,combined,0.0017840579010934,0.8280666414253264,0.8364064175972322,combined,0.0083397761719058,0.0017840579010934,0.0083397761719058,-0.006555718270812401,False,0.8808053616580658,0.8364064175972322,0.8790213037569723,0.8280666414253264
2,1-2-3-4-5-6|7,sgd_logistic,all32,bandpass_0_5_48,causal,0.0,True,event_union,corr,2,8,0.2,0.15,100,expanded,0.8790213037569723,0.8808053616580658,combined,0.0017840579010934,0.8280666414253264,0.8364064175972322,combined,0.0083397761719058,0.0017840579010934,0.0083397761719058,-0.006555718270812401,False,0.8808053616580658,0.8364064175972322,0.8790213037569723,0.8280666414253264
2,1-2-3-4-5-6|7,sgd_logistic,all32,bandpass_0_5_48,causal,0.0,True,event_union,corr,2,8,0.2,0.2,100,expanded,0.8790213037569723,0.8808053616580658,combined,0.0017840579010934,0.8280666414253264,0.8364064175972322,combined,0.0083397761719058,0.0017840579010934,0.0083397761719058,-0.006555718270812401,False,0.8808053616580658,0.8364064175972322,0.8790213037569723,0.8280666414253264
2,1-2-3-4-5-6|7,sgd_logistic,all32,bandpass_0_5_48,causal,0.0,True,event_union,corr,2,8,0.2,0.25,100,expanded,0.8790213037569723,0.8808053616580658,combined,0.0017840579010934,0.8280666414253264,0.8364064175972322,combined,0.0083397761719058,0.0017840579010934,0.0083397761719058,-0.006555718270812401,False,0.8808053616580658,0.8364064175972322,0.8790213037569723,0.8280666414253264
5,1-2-3-4-5-6|7,sgd_logistic,all32,bandpass_0_5_48,causal,0.0,True,event_union,corr,2,8,0.3,0.2,100,expanded,0.8036510968196886,0.8026037147260393,fusion,-0.0010473820936492,0.7880659245622343,0.7939814892969493,combined,0.0059155647347149,-0.0010473820936492,0.0059155647347149,-0.0069629468283641,False,0.8026037147260393,0.7939814892969493,0.8036510968196886,0.7880659245622343
5,1-2-3-4-5-6|7,sgd_logistic,all32,bandpass_0_5_48,causal,0.0,True,event_union,corr,2,8,0.3,0.25,100,expanded,0.8036510968196886,0.8020433233904041,combined,-0.0016077734292845,0.7880659245622343,0.7939814892969493,combined,0.0059155647347149,-0.0016077734292845,0.0059155647347149,-0.0075233381639994,False,0.8020433233904041,0.7939814892969493,0.8036510968196886,0.7880659245622343
2,1-2-3-4-5-6|7,sgd_logistic,all32,bandpass_0_5_48,causal,0.0,True,event_union,corr,2,8,0.3,0.1,100,expanded,0.8749665700397414,0.8773892162051573,combined,0.0024226461654158,0.821080634611294,0.8317945466881665,combined,0.0107139120768725,0.0024226461654158,0.0107139120768725,-0.0082912659114567,False,0.8773892162051573,0.8317945466881665,0.8749665700397414,0.821080634611294
2,1-2-3-4-5-6|7,sgd_logistic,all32,bandpass_0_5_48,causal,0.0,True,event_union,corr,2,8,0.3,0.15,100,expanded,0.8749665700397414,0.8773892162051573,combined,0.0024226461654158,0.821080634611294,0.8317945466881665,combined,0.0107139120768725,0.0024226461654158,0.0107139120768725,-0.0082912659114567,False,0.8773892162051573,0.8317945466881665,0.8749665700397414,0.821080634611294
2,1-2-3-4-5-6|7,sgd_logistic,all32,bandpass_0_5_48,causal,0.0,True,event_union,corr,2,8,0.3,0.2,100,expanded,0.8749665700397414,0.8773892162051573,combined,0.0024226461654158,0.821080634611294,0.8317945466881665,combined,0.0107139120768725,0.0024226461654158,0.0107139120768725,-0.0082912659114567,False,0.8773892162051573,0.8317945466881665,0.8749665700397414,0.821080634611294
2,1-2-3-4-5-6|7,sgd_logistic,all32,bandpass_0_5_48,causal,0.0,True,event_union,corr,2,8,0.3,0.25,100,expanded,0.8749665700397414,0.8773892162051573,combined,0.0024226461654158,0.821080634611294,0.8317945466881665,combined,0.0107139120768725,0.0024226461654158,0.0107139120768725,-0.0082912659114567,False,0.8773892162051573,0.8317945466881665,0.8749665700397414,0.821080634611294
