phase,pc,lag_ms,src,dst,region_src,region_dst,config_count,successful_config_count,stability_fraction,max_k,max_n_subjects,min_p_value,min_q_value,topk_values,min_subjects_values,p0_inflate_values
BothStartLoadPhase__LiftOff,pc1,50,PO10,O2,Occipital,Occipital,27,27,1.0,12,12,6.563568743961737e-20,1.0389989671292623e-16,5 10 15,3 4 5,5.0 10.0 15.0
BothStartLoadPhase__LiftOff,pc1,50,PO9,O1,Occipital,Occipital,27,27,1.0,12,12,6.563568743961737e-20,1.0389989671292623e-16,5 10 15,3 4 5,5.0 10.0 15.0
BothStartLoadPhase__LiftOff,pc1,100,PO10,O2,Occipital,Occipital,27,27,1.0,12,12,6.563568743961737e-20,1.0389989671292623e-16,5 10 15,3 4 5,5.0 10.0 15.0
BothStartLoadPhase__LiftOff,pc1,150,PO10,O2,Occipital,Occipital,27,27,1.0,12,12,6.563568743961737e-20,1.0389989671292623e-16,5 10 15,3 4 5,5.0 10.0 15.0
BothStartLoadPhase__LiftOff,pc1,150,PO9,O1,Occipital,Occipital,27,27,1.0,12,12,6.563568743961737e-20,1.0389989671292623e-16,5 10 15,3 4 5,5.0 10.0 15.0
BothStartLoadPhase__LiftOff,pc1,200,PO10,O2,Occipital,Occipital,27,27,1.0,12,12,6.563568743961737e-20,1.0389989671292623e-16,5 10 15,3 4 5,5.0 10.0 15.0
BothStartLoadPhase__LiftOff,pc1,200,PO9,O1,Occipital,Occipital,27,27,1.0,12,12,6.563568743961737e-20,1.0389989671292623e-16,5 10 15,3 4 5,5.0 10.0 15.0
BothStartLoadPhase__LiftOff,pc2,50,O2,Oz,Occipital,Occipital,27,27,1.0,12,12,6.563568743961737e-20,1.0389989671292623e-16,5 10 15,3 4 5,5.0 10.0 15.0
BothStartLoadPhase__LiftOff,pc2,200,Oz,O2,Occipital,Occipital,27,27,1.0,12,12,6.563568743961737e-20,1.0389989671292623e-16,5 10 15,3 4 5,5.0 10.0 15.0
FirstDigitTouch__BothStartLoadPhase,pc1,50,PO10,O2,Occipital,Occipital,27,27,1.0,12,12,6.563568743961737e-20,1.0389989671292623e-16,5 10 15,3 4 5,5.0 10.0 15.0
FirstDigitTouch__BothStartLoadPhase,pc1,50,PO9,O1,Occipital,Occipital,27,27,1.0,12,12,6.563568743961737e-20,1.0389989671292623e-16,5 10 15,3 4 5,5.0 10.0 15.0
FirstDigitTouch__BothStartLoadPhase,pc1,100,PO10,O2,Occipital,Occipital,27,27,1.0,12,12,6.563568743961737e-20,1.0389989671292623e-16,5 10 15,3 4 5,5.0 10.0 15.0
FirstDigitTouch__BothStartLoadPhase,pc1,150,PO10,O2,Occipital,Occipital,27,27,1.0,12,12,6.563568743961737e-20,1.0389989671292623e-16,5 10 15,3 4 5,5.0 10.0 15.0
FirstDigitTouch__BothStartLoadPhase,pc1,150,PO9,O1,Occipital,Occipital,27,27,1.0,12,12,6.563568743961737e-20,1.0389989671292623e-16,5 10 15,3 4 5,5.0 10.0 15.0
FirstDigitTouch__BothStartLoadPhase,pc1,200,PO10,O2,Occipital,Occipital,27,27,1.0,12,12,6.563568743961737e-20,1.0389989671292623e-16,5 10 15,3 4 5,5.0 10.0 15.0
FirstDigitTouch__BothStartLoadPhase,pc1,200,PO9,O1,Occipital,Occipital,27,27,1.0,12,12,6.563568743961737e-20,1.0389989671292623e-16,5 10 15,3 4 5,5.0 10.0 15.0
FirstDigitTouch__BothStartLoadPhase,pc2,50,O2,Oz,Occipital,Occipital,27,27,1.0,12,12,6.563568743961737e-20,1.0389989671292623e-16,5 10 15,3 4 5,5.0 10.0 15.0
FirstDigitTouch__BothStartLoadPhase,pc2,150,O2,Oz,Occipital,Occipital,27,27,1.0,12,12,6.563568743961737e-20,1.0389989671292623e-16,5 10 15,3 4 5,5.0 10.0 15.0
FirstDigitTouch__BothStartLoadPhase,pc2,150,Oz,O2,Occipital,Occipital,27,27,1.0,12,12,6.563568743961737e-20,1.0389989671292623e-16,5 10 15,3 4 5,5.0 10.0 15.0
FirstDigitTouch__BothStartLoadPhase,pc2,200,O2,Oz,Occipital,Occipital,27,27,1.0,12,12,6.563568743961737e-20,1.0389989671292623e-16,5 10 15,3 4 5,5.0 10.0 15.0
HandStart__FirstDigitTouch,pc1,50,PO10,O2,Occipital,Occipital,27,27,1.0,12,12,6.563568743961737e-20,1.0389989671292623e-16,5 10 15,3 4 5,5.0 10.0 15.0
HandStart__FirstDigitTouch,pc1,50,PO9,O1,Occipital,Occipital,27,27,1.0,12,12,6.563568743961737e-20,1.0389989671292623e-16,5 10 15,3 4 5,5.0 10.0 15.0
HandStart__FirstDigitTouch,pc1,100,PO10,O2,Occipital,Occipital,27,27,1.0,12,12,6.563568743961737e-20,1.0389989671292623e-16,5 10 15,3 4 5,5.0 10.0 15.0
HandStart__FirstDigitTouch,pc1,100,PO9,O1,Occipital,Occipital,27,27,1.0,12,12,6.563568743961737e-20,1.0389989671292623e-16,5 10 15,3 4 5,5.0 10.0 15.0
HandStart__FirstDigitTouch,pc1,100,PO9,Oz,Occipital,Occipital,27,27,1.0,12,12,6.563568743961737e-20,1.0389989671292623e-16,5 10 15,3 4 5,5.0 10.0 15.0
HandStart__FirstDigitTouch,pc1,150,PO10,O2,Occipital,Occipital,27,27,1.0,12,12,6.563568743961737e-20,1.0389989671292623e-16,5 10 15,3 4 5,5.0 10.0 15.0
HandStart__FirstDigitTouch,pc1,150,PO10,Oz,Occipital,Occipital,27,27,1.0,12,12,6.563568743961737e-20,1.0389989671292623e-16,5 10 15,3 4 5,5.0 10.0 15.0
HandStart__FirstDigitTouch,pc1,150,PO9,O1,Occipital,Occipital,27,27,1.0,12,12,6.563568743961737e-20,1.0389989671292623e-16,5 10 15,3 4 5,5.0 10.0 15.0
HandStart__FirstDigitTouch,pc1,150,PO9,Oz,Occipital,Occipital,27,27,1.0,12,12,6.563568743961737e-20,1.0389989671292623e-16,5 10 15,3 4 5,5.0 10.0 15.0
HandStart__FirstDigitTouch,pc1,200,PO10,O2,Occipital,Occipital,27,27,1.0,12,12,6.563568743961737e-20,1.0389989671292623e-16,5 10 15,3 4 5,5.0 10.0 15.0
HandStart__FirstDigitTouch,pc1,200,PO10,Oz,Occipital,Occipital,27,27,1.0,12,12,6.563568743961737e-20,1.0389989671292623e-16,5 10 15,3 4 5,5.0 10.0 15.0
HandStart__FirstDigitTouch,pc1,200,PO9,O1,Occipital,Occipital,27,27,1.0,12,12,6.563568743961737e-20,1.0389989671292623e-16,5 10 15,3 4 5,5.0 10.0 15.0
HandStart__FirstDigitTouch,pc1,200,PO9,Oz,Occipital,Occipital,27,27,1.0,12,12,6.563568743961737e-20,1.0389989671292623e-16,5 10 15,3 4 5,5.0 10.0 15.0
HandStart__FirstDigitTouch,pc2,50,O2,Oz,Occipital,Occipital,27,27,1.0,12,12,6.563568743961737e-20,1.0389989671292623e-16,5 10 15,3 4 5,5.0 10.0 15.0
HandStart__FirstDigitTouch,pc2,150,O2,Oz,Occipital,Occipital,27,27,1.0,12,12,6.563568743961737e-20,1.0389989671292623e-16,5 10 15,3 4 5,5.0 10.0 15.0
HandStart__FirstDigitTouch,pc2,200,O2,Oz,Occipital,Occipital,27,27,1.0,12,12,6.563568743961737e-20,1.0389989671292623e-16,5 10 15,3 4 5,5.0 10.0 15.0
HandStart__FirstDigitTouch,pc2,200,Oz,O2,Occipital,Occipital,27,27,1.0,12,12,6.563568743961737e-20,1.0389989671292623e-16,5 10 15,3 4 5,5.0 10.0 15.0
LiftOff__Replace,pc1,50,PO10,O2,Occipital,Occipital,27,27,1.0,12,12,6.563568743961737e-20,1.0389989671292623e-16,5 10 15,3 4 5,5.0 10.0 15.0
LiftOff__Replace,pc1,50,PO9,O1,Occipital,Occipital,27,27,1.0,12,12,6.563568743961737e-20,1.0389989671292623e-16,5 10 15,3 4 5,5.0 10.0 15.0
LiftOff__Replace,pc1,100,PO9,O1,Occipital,Occipital,27,27,1.0,12,12,6.563568743961737e-20,1.0389989671292623e-16,5 10 15,3 4 5,5.0 10.0 15.0
LiftOff__Replace,pc1,150,PO9,O1,Occipital,Occipital,27,27,1.0,12,12,6.563568743961737e-20,1.0389989671292623e-16,5 10 15,3 4 5,5.0 10.0 15.0
LiftOff__Replace,pc1,200,PO10,O2,Occipital,Occipital,27,27,1.0,12,12,6.563568743961737e-20,1.0389989671292623e-16,5 10 15,3 4 5,5.0 10.0 15.0
LiftOff__Replace,pc1,200,PO9,O1,Occipital,Occipital,27,27,1.0,12,12,6.563568743961737e-20,1.0389989671292623e-16,5 10 15,3 4 5,5.0 10.0 15.0
LiftOff__Replace,pc2,150,O2,Oz,Occipital,Occipital,27,27,1.0,12,12,6.563568743961737e-20,1.0389989671292623e-16,5 10 15,3 4 5,5.0 10.0 15.0
LiftOff__Replace,pc2,150,O2,PO10,Occipital,Occipital,27,27,1.0,12,12,6.563568743961737e-20,1.0389989671292623e-16,5 10 15,3 4 5,5.0 10.0 15.0
LiftOff__Replace,pc2,150,Oz,O2,Occipital,Occipital,27,27,1.0,12,12,6.563568743961737e-20,1.0389989671292623e-16,5 10 15,3 4 5,5.0 10.0 15.0
Replace__BothReleased,pc2,200,Oz,O2,Occipital,Occipital,27,27,1.0,12,12,6.563568743961737e-20,1.0389989671292623e-16,5 10 15,3 4 5,5.0 10.0 15.0
BothStartLoadPhase__LiftOff,pc1,100,PO9,O1,Occipital,Occipital,27,27,1.0,12,12,3.0531096369412427e-17,3.199314887160964e-14,5 10 15,3 4 5,5.0 10.0 15.0
BothStartLoadPhase__LiftOff,pc1,200,PO9,Oz,Occipital,Occipital,27,27,1.0,12,12,3.0531096369412427e-17,3.199314887160964e-14,5 10 15,3 4 5,5.0 10.0 15.0
BothStartLoadPhase__LiftOff,pc2,50,Oz,O2,Occipital,Occipital,27,27,1.0,12,12,3.0531096369412427e-17,3.199314887160964e-14,5 10 15,3 4 5,5.0 10.0 15.0
BothStartLoadPhase__LiftOff,pc2,150,O2,Oz,Occipital,Occipital,27,27,1.0,12,12,3.0531096369412427e-17,3.199314887160964e-14,5 10 15,3 4 5,5.0 10.0 15.0
BothStartLoadPhase__LiftOff,pc2,150,O2,PO10,Occipital,Occipital,27,27,1.0,12,12,3.0531096369412427e-17,3.199314887160964e-14,5 10 15,3 4 5,5.0 10.0 15.0
BothStartLoadPhase__LiftOff,pc2,200,O2,Oz,Occipital,Occipital,27,27,1.0,12,12,3.0531096369412427e-17,3.199314887160964e-14,5 10 15,3 4 5,5.0 10.0 15.0
FirstDigitTouch__BothStartLoadPhase,pc1,100,PO9,O1,Occipital,Occipital,27,27,1.0,12,12,3.0531096369412427e-17,3.199314887160964e-14,5 10 15,3 4 5,5.0 10.0 15.0
FirstDigitTouch__BothStartLoadPhase,pc2,50,Oz,O2,Occipital,Occipital,27,27,1.0,12,12,3.0531096369412427e-17,3.199314887160964e-14,5 10 15,3 4 5,5.0 10.0 15.0
FirstDigitTouch__BothStartLoadPhase,pc2,200,Oz,O2,Occipital,Occipital,27,27,1.0,12,12,3.0531096369412427e-17,3.199314887160964e-14,5 10 15,3 4 5,5.0 10.0 15.0
HandStart__FirstDigitTouch,pc2,100,Oz,O2,Occipital,Occipital,27,27,1.0,12,12,3.0531096369412427e-17,3.199314887160964e-14,5 10 15,3 4 5,5.0 10.0 15.0
HandStart__FirstDigitTouch,pc2,150,Oz,O2,Occipital,Occipital,27,27,1.0,12,12,3.0531096369412427e-17,3.199314887160964e-14,5 10 15,3 4 5,5.0 10.0 15.0
LiftOff__Replace,pc1,50,PO10,Oz,Occipital,Occipital,27,27,1.0,12,12,3.0531096369412427e-17,3.199314887160964e-14,5 10 15,3 4 5,5.0 10.0 15.0
LiftOff__Replace,pc1,100,PO10,O2,Occipital,Occipital,27,27,1.0,12,12,3.0531096369412427e-17,3.199314887160964e-14,5 10 15,3 4 5,5.0 10.0 15.0
LiftOff__Replace,pc1,150,PO10,O2,Occipital,Occipital,27,27,1.0,12,12,3.0531096369412427e-17,3.199314887160964e-14,5 10 15,3 4 5,5.0 10.0 15.0
LiftOff__Replace,pc1,150,PO10,Oz,Occipital,Occipital,27,27,1.0,12,12,3.0531096369412427e-17,3.199314887160964e-14,5 10 15,3 4 5,5.0 10.0 15.0
LiftOff__Replace,pc1,150,PO9,Oz,Occipital,Occipital,27,27,1.0,12,12,3.0531096369412427e-17,3.199314887160964e-14,5 10 15,3 4 5,5.0 10.0 15.0
LiftOff__Replace,pc1,200,PO9,Oz,Occipital,Occipital,27,27,1.0,12,12,3.0531096369412427e-17,3.199314887160964e-14,5 10 15,3 4 5,5.0 10.0 15.0
LiftOff__Replace,pc2,50,O2,Oz,Occipital,Occipital,27,27,1.0,12,12,3.0531096369412427e-17,3.199314887160964e-14,5 10 15,3 4 5,5.0 10.0 15.0
LiftOff__Replace,pc2,50,Oz,O2,Occipital,Occipital,27,27,1.0,12,12,3.0531096369412427e-17,3.199314887160964e-14,5 10 15,3 4 5,5.0 10.0 15.0
LiftOff__Replace,pc2,200,O1,PO9,Occipital,Occipital,27,27,1.0,12,12,3.0531096369412427e-17,3.199314887160964e-14,5 10 15,3 4 5,5.0 10.0 15.0
LiftOff__Replace,pc2,200,O2,PO10,Occipital,Occipital,27,27,1.0,12,12,3.0531096369412427e-17,3.199314887160964e-14,5 10 15,3 4 5,5.0 10.0 15.0
LiftOff__Replace,pc2,200,Oz,O2,Occipital,Occipital,27,27,1.0,12,12,3.0531096369412427e-17,3.199314887160964e-14,5 10 15,3 4 5,5.0 10.0 15.0
BothStartLoadPhase__LiftOff,pc1,200,PO10,Oz,Occipital,Occipital,27,27,1.0,12,12,2.6884377575267276e-16,1.8350437537613628e-13,5 10 15,3 4 5,5.0 10.0 15.0
BothStartLoadPhase__LiftOff,pc2,100,Oz,O2,Occipital,Occipital,27,27,1.0,12,12,2.6884377575267276e-16,1.8350437537613628e-13,5 10 15,3 4 5,5.0 10.0 15.0
BothStartLoadPhase__LiftOff,pc2,150,Oz,O2,Occipital,Occipital,27,27,1.0,12,12,2.6884377575267276e-16,1.8350437537613628e-13,5 10 15,3 4 5,5.0 10.0 15.0
BothStartLoadPhase__LiftOff,pc2,200,O1,PO9,Occipital,Occipital,27,27,1.0,12,12,2.6884377575267276e-16,1.8350437537613628e-13,5 10 15,3 4 5,5.0 10.0 15.0
BothStartLoadPhase__LiftOff,pc2,200,O2,PO10,Occipital,Occipital,27,27,1.0,12,12,2.6884377575267276e-16,1.8350437537613628e-13,5 10 15,3 4 5,5.0 10.0 15.0
FirstDigitTouch__BothStartLoadPhase,pc2,100,Oz,O2,Occipital,Occipital,27,27,1.0,12,12,2.6884377575267276e-16,1.8350437537613628e-13,5 10 15,3 4 5,5.0 10.0 15.0
FirstDigitTouch__BothStartLoadPhase,pc2,150,O2,PO10,Occipital,Occipital,27,27,1.0,12,12,2.6884377575267276e-16,1.8350437537613628e-13,5 10 15,3 4 5,5.0 10.0 15.0
FirstDigitTouch__BothStartLoadPhase,pc2,200,O1,Oz,Occipital,Occipital,27,27,1.0,12,12,2.6884377575267276e-16,1.8350437537613628e-13,5 10 15,3 4 5,5.0 10.0 15.0
FirstDigitTouch__BothStartLoadPhase,pc2,200,O2,PO10,Occipital,Occipital,27,27,1.0,12,12,2.6884377575267276e-16,1.8350437537613628e-13,5 10 15,3 4 5,5.0 10.0 15.0
HandStart__FirstDigitTouch,pc1,100,PO10,Oz,Occipital,Occipital,27,27,1.0,12,12,2.6884377575267276e-16,1.8350437537613628e-13,5 10 15,3 4 5,5.0 10.0 15.0
HandStart__FirstDigitTouch,pc1,200,PO10,P8,Occipital,Parietal,27,27,1.0,12,12,2.6884377575267276e-16,1.8350437537613628e-13,5 10 15,3 4 5,5.0 10.0 15.0
HandStart__FirstDigitTouch,pc2,50,Oz,O2,Occipital,Occipital,27,27,1.0,12,12,2.6884377575267276e-16,1.8350437537613628e-13,5 10 15,3 4 5,5.0 10.0 15.0
HandStart__FirstDigitTouch,pc2,100,O1,Oz,Occipital,Occipital,27,27,1.0,12,12,2.6884377575267276e-16,1.8350437537613628e-13,5 10 15,3 4 5,5.0 10.0 15.0
HandStart__FirstDigitTouch,pc2,100,Oz,O1,Occipital,Occipital,27,27,1.0,12,12,2.6884377575267276e-16,1.8350437537613628e-13,5 10 15,3 4 5,5.0 10.0 15.0
HandStart__FirstDigitTouch,pc2,150,O1,Oz,Occipital,Occipital,27,27,1.0,12,12,2.6884377575267276e-16,1.8350437537613628e-13,5 10 15,3 4 5,5.0 10.0 15.0
HandStart__FirstDigitTouch,pc2,150,O1,PO9,Occipital,Occipital,27,27,1.0,12,12,2.6884377575267276e-16,1.8350437537613628e-13,5 10 15,3 4 5,5.0 10.0 15.0
HandStart__FirstDigitTouch,pc2,150,O2,PO10,Occipital,Occipital,27,27,1.0,12,12,2.6884377575267276e-16,1.8350437537613628e-13,5 10 15,3 4 5,5.0 10.0 15.0
HandStart__FirstDigitTouch,pc2,150,Oz,O1,Occipital,Occipital,27,27,1.0,12,12,2.6884377575267276e-16,1.8350437537613628e-13,5 10 15,3 4 5,5.0 10.0 15.0
HandStart__FirstDigitTouch,pc2,200,O1,Oz,Occipital,Occipital,27,27,1.0,12,12,2.6884377575267276e-16,1.8350437537613628e-13,5 10 15,3 4 5,5.0 10.0 15.0
HandStart__FirstDigitTouch,pc2,200,O1,PO9,Occipital,Occipital,27,27,1.0,12,12,2.6884377575267276e-16,1.8350437537613628e-13,5 10 15,3 4 5,5.0 10.0 15.0
HandStart__FirstDigitTouch,pc2,200,O2,PO10,Occipital,Occipital,27,27,1.0,12,12,2.6884377575267276e-16,1.8350437537613628e-13,5 10 15,3 4 5,5.0 10.0 15.0
HandStart__FirstDigitTouch,pc2,200,Oz,O1,Occipital,Occipital,27,27,1.0,12,12,2.6884377575267276e-16,1.8350437537613628e-13,5 10 15,3 4 5,5.0 10.0 15.0
LiftOff__Replace,pc1,50,PO9,Oz,Occipital,Occipital,27,27,1.0,12,12,2.6884377575267276e-16,1.8350437537613628e-13,5 10 15,3 4 5,5.0 10.0 15.0
LiftOff__Replace,pc1,100,PO9,Oz,Occipital,Occipital,27,27,1.0,12,12,2.6884377575267276e-16,1.8350437537613628e-13,5 10 15,3 4 5,5.0 10.0 15.0
LiftOff__Replace,pc2,50,O2,PO10,Occipital,Occipital,27,27,1.0,12,12,2.6884377575267276e-16,1.8350437537613628e-13,5 10 15,3 4 5,5.0 10.0 15.0
LiftOff__Replace,pc2,100,O1,Oz,Occipital,Occipital,27,27,1.0,12,12,2.6884377575267276e-16,1.8350437537613628e-13,5 10 15,3 4 5,5.0 10.0 15.0
LiftOff__Replace,pc2,100,Oz,O1,Occipital,Occipital,27,27,1.0,12,12,2.6884377575267276e-16,1.8350437537613628e-13,5 10 15,3 4 5,5.0 10.0 15.0
LiftOff__Replace,pc2,150,O1,Oz,Occipital,Occipital,27,27,1.0,12,12,2.6884377575267276e-16,1.8350437537613628e-13,5 10 15,3 4 5,5.0 10.0 15.0
LiftOff__Replace,pc2,150,O1,PO9,Occipital,Occipital,27,27,1.0,12,12,2.6884377575267276e-16,1.8350437537613628e-13,5 10 15,3 4 5,5.0 10.0 15.0
LiftOff__Replace,pc2,200,O1,Oz,Occipital,Occipital,27,27,1.0,12,12,2.6884377575267276e-16,1.8350437537613628e-13,5 10 15,3 4 5,5.0 10.0 15.0
LiftOff__Replace,pc2,200,O2,Oz,Occipital,Occipital,27,27,1.0,12,12,2.6884377575267276e-16,1.8350437537613628e-13,5 10 15,3 4 5,5.0 10.0 15.0
LiftOff__Replace,pc2,200,Oz,O1,Occipital,Occipital,27,27,1.0,12,12,2.6884377575267276e-16,1.8350437537613628e-13,5 10 15,3 4 5,5.0 10.0 15.0
LiftOff__Replace,pc3,50,O1,FC1,Occipital,Frontocentral,27,27,1.0,12,12,2.6884377575267276e-16,1.8350437537613628e-13,5 10 15,3 4 5,5.0 10.0 15.0
Replace__BothReleased,pc2,150,O1,PO9,Occipital,Occipital,27,27,1.0,12,12,2.6884377575267276e-16,1.8350437537613628e-13,5 10 15,3 4 5,5.0 10.0 15.0
Replace__BothReleased,pc2,150,O2,PO10,Occipital,Occipital,27,27,1.0,12,12,2.6884377575267276e-16,1.8350437537613628e-13,5 10 15,3 4 5,5.0 10.0 15.0
Replace__BothReleased,pc2,150,Oz,O2,Occipital,Occipital,27,27,1.0,12,12,2.6884377575267276e-16,1.8350437537613628e-13,5 10 15,3 4 5,5.0 10.0 15.0
Replace__BothReleased,pc2,200,O1,Oz,Occipital,Occipital,27,27,1.0,12,12,2.6884377575267276e-16,1.8350437537613628e-13,5 10 15,3 4 5,5.0 10.0 15.0
Replace__BothReleased,pc2,200,O1,PO9,Occipital,Occipital,27,27,1.0,12,12,2.6884377575267276e-16,1.8350437537613628e-13,5 10 15,3 4 5,5.0 10.0 15.0
Replace__BothReleased,pc2,200,O2,Oz,Occipital,Occipital,27,27,1.0,12,12,2.6884377575267276e-16,1.8350437537613628e-13,5 10 15,3 4 5,5.0 10.0 15.0
Replace__BothReleased,pc2,200,O2,PO10,Occipital,Occipital,27,27,1.0,12,12,2.6884377575267276e-16,1.8350437537613628e-13,5 10 15,3 4 5,5.0 10.0 15.0
BothStartLoadPhase__LiftOff,pc2,50,O2,PO10,Occipital,Occipital,27,27,1.0,12,12,6.511753201852308e-15,4.614042268741064e-12,5 10 15,3 4 5,5.0 10.0 15.0
BothStartLoadPhase__LiftOff,pc2,150,O1,PO9,Occipital,Occipital,27,27,1.0,12,12,6.511753201852308e-15,4.614042268741064e-12,5 10 15,3 4 5,5.0 10.0 15.0
FirstDigitTouch__BothStartLoadPhase,pc1,200,PO10,Oz,Occipital,Occipital,27,27,1.0,12,12,6.511753201852308e-15,4.614042268741064e-12,5 10 15,3 4 5,5.0 10.0 15.0
FirstDigitTouch__BothStartLoadPhase,pc2,200,O1,PO9,Occipital,Occipital,27,27,1.0,12,12,6.511753201852308e-15,4.614042268741064e-12,5 10 15,3 4 5,5.0 10.0 15.0
HandStart__FirstDigitTouch,pc1,50,PO10,Oz,Occipital,Occipital,27,27,1.0,12,12,6.511753201852308e-15,4.614042268741064e-12,5 10 15,3 4 5,5.0 10.0 15.0
LiftOff__Replace,pc1,200,PO10,Oz,Occipital,Occipital,27,27,1.0,12,12,6.511753201852308e-15,4.614042268741064e-12,5 10 15,3 4 5,5.0 10.0 15.0
Replace__BothReleased,pc2,150,O2,Oz,Occipital,Occipital,27,27,1.0,12,12,6.511753201852308e-15,4.614042268741064e-12,5 10 15,3 4 5,5.0 10.0 15.0
BothStartLoadPhase__LiftOff,pc1,200,PO10,P8,Occipital,Parietal,27,27,1.0,12,12,3.488149536859777e-14,1.802210594044218e-11,5 10 15,3 4 5,5.0 10.0 15.0
BothStartLoadPhase__LiftOff,pc2,100,O1,PO9,Occipital,Occipital,27,27,1.0,12,12,3.488149536859777e-14,1.802210594044218e-11,5 10 15,3 4 5,5.0 10.0 15.0
BothStartLoadPhase__LiftOff,pc2,100,O2,Oz,Occipital,Occipital,27,27,1.0,12,12,3.488149536859777e-14,1.802210594044218e-11,5 10 15,3 4 5,5.0 10.0 15.0
BothStartLoadPhase__LiftOff,pc2,150,O1,Oz,Occipital,Occipital,27,27,1.0,12,12,3.488149536859777e-14,1.802210594044218e-11,5 10 15,3 4 5,5.0 10.0 15.0
BothStartLoadPhase__LiftOff,pc2,200,O1,Oz,Occipital,Occipital,27,27,1.0,12,12,3.488149536859777e-14,1.802210594044218e-11,5 10 15,3 4 5,5.0 10.0 15.0
FirstDigitTouch__BothStartLoadPhase,pc2,50,O2,PO10,Occipital,Occipital,27,27,1.0,12,12,3.488149536859777e-14,1.802210594044218e-11,5 10 15,3 4 5,5.0 10.0 15.0
FirstDigitTouch__BothStartLoadPhase,pc2,150,O1,Oz,Occipital,Occipital,27,27,1.0,12,12,3.488149536859777e-14,1.802210594044218e-11,5 10 15,3 4 5,5.0 10.0 15.0
HandStart__FirstDigitTouch,pc2,50,O2,PO10,Occipital,Occipital,27,27,1.0,12,12,3.488149536859777e-14,1.802210594044218e-11,5 10 15,3 4 5,5.0 10.0 15.0
HandStart__FirstDigitTouch,pc2,50,Oz,O1,Occipital,Occipital,27,27,1.0,12,12,3.488149536859777e-14,1.802210594044218e-11,5 10 15,3 4 5,5.0 10.0 15.0
LiftOff__Replace,pc1,100,PO10,Oz,Occipital,Occipital,27,27,1.0,12,12,3.488149536859777e-14,1.802210594044218e-11,5 10 15,3 4 5,5.0 10.0 15.0
LiftOff__Replace,pc1,200,PO10,P8,Occipital,Parietal,27,27,1.0,12,12,3.488149536859777e-14,1.802210594044218e-11,5 10 15,3 4 5,5.0 10.0 15.0
LiftOff__Replace,pc2,50,O1,Oz,Occipital,Occipital,27,27,1.0,12,12,3.488149536859777e-14,1.802210594044218e-11,5 10 15,3 4 5,5.0 10.0 15.0
LiftOff__Replace,pc2,100,O2,Oz,Occipital,Occipital,27,27,1.0,12,12,3.488149536859777e-14,1.802210594044218e-11,5 10 15,3 4 5,5.0 10.0 15.0
LiftOff__Replace,pc2,100,O2,PO10,Occipital,Occipital,27,27,1.0,12,12,3.488149536859777e-14,1.802210594044218e-11,5 10 15,3 4 5,5.0 10.0 15.0
LiftOff__Replace,pc2,100,Oz,O2,Occipital,Occipital,27,27,1.0,12,12,3.488149536859777e-14,1.802210594044218e-11,5 10 15,3 4 5,5.0 10.0 15.0
LiftOff__Replace,pc3,150,P8,PO10,Parietal,Occipital,27,27,1.0,12,12,3.488149536859777e-14,1.802210594044218e-11,5 10 15,3 4 5,5.0 10.0 15.0
Replace__BothReleased,pc2,150,O1,Oz,Occipital,Occipital,27,27,1.0,12,12,3.488149536859777e-14,1.802210594044218e-11,5 10 15,3 4 5,5.0 10.0 15.0
FirstDigitTouch__BothStartLoadPhase,pc1,100,PO9,Oz,Occipital,Occipital,27,27,1.0,11,12,3.0531096369412427e-17,3.199314887160964e-14,5 10 15,3 4 5,5.0 10.0 15.0
Replace__BothReleased,pc1,200,PO9,O1,Occipital,Occipital,27,27,1.0,11,12,3.0531096369412427e-17,3.199314887160964e-14,5 10 15,3 4 5,5.0 10.0 15.0
BothStartLoadPhase__LiftOff,pc1,100,PO9,Oz,Occipital,Occipital,27,27,1.0,11,12,6.511753201852308e-15,4.614042268741064e-12,5 10 15,3 4 5,5.0 10.0 15.0
BothStartLoadPhase__LiftOff,pc1,150,PO10,Oz,Occipital,Occipital,27,27,1.0,11,12,6.511753201852308e-15,4.614042268741064e-12,5 10 15,3 4 5,5.0 10.0 15.0
BothStartLoadPhase__LiftOff,pc1,150,PO9,Oz,Occipital,Occipital,27,27,1.0,11,12,6.511753201852308e-15,4.614042268741064e-12,5 10 15,3 4 5,5.0 10.0 15.0
FirstDigitTouch__BothStartLoadPhase,pc1,150,PO10,Oz,Occipital,Occipital,27,27,1.0,11,12,6.511753201852308e-15,4.614042268741064e-12,5 10 15,3 4 5,5.0 10.0 15.0
FirstDigitTouch__BothStartLoadPhase,pc1,150,PO9,Oz,Occipital,Occipital,27,27,1.0,11,12,6.511753201852308e-15,4.614042268741064e-12,5 10 15,3 4 5,5.0 10.0 15.0
FirstDigitTouch__BothStartLoadPhase,pc1,200,PO9,Oz,Occipital,Occipital,27,27,1.0,11,12,6.511753201852308e-15,4.614042268741064e-12,5 10 15,3 4 5,5.0 10.0 15.0
LiftOff__Replace,pc3,200,P7,O1,Parietal,Occipital,27,27,1.0,11,12,6.511753201852308e-15,4.614042268741064e-12,5 10 15,3 4 5,5.0 10.0 15.0
BothStartLoadPhase__LiftOff,pc1,50,PO10,Oz,Occipital,Occipital,27,27,1.0,11,12,6.104904459791693e-14,2.803733900052481e-11,5 10 15,3 4 5,5.0 10.0 15.0
BothStartLoadPhase__LiftOff,pc1,100,PO10,Oz,Occipital,Occipital,27,27,1.0,11,12,6.104904459791693e-14,2.803733900052481e-11,5 10 15,3 4 5,5.0 10.0 15.0
BothStartLoadPhase__LiftOff,pc1,150,PO10,P8,Occipital,Parietal,27,27,1.0,11,12,6.104904459791693e-14,2.803733900052481e-11,5 10 15,3 4 5,5.0 10.0 15.0
BothStartLoadPhase__LiftOff,pc2,100,O2,PO10,Occipital,Occipital,27,27,1.0,11,12,6.104904459791693e-14,2.803733900052481e-11,5 10 15,3 4 5,5.0 10.0 15.0
BothStartLoadPhase__LiftOff,pc2,200,Oz,O1,Occipital,Occipital,27,27,1.0,11,12,6.104904459791693e-14,2.803733900052481e-11,5 10 15,3 4 5,5.0 10.0 15.0
BothStartLoadPhase__LiftOff,pc3,200,P4,P8,Parietal,Parietal,27,27,1.0,11,12,6.104904459791693e-14,2.803733900052481e-11,5 10 15,3 4 5,5.0 10.0 15.0
FirstDigitTouch__BothStartLoadPhase,pc1,50,PO10,Oz,Occipital,Occipital,27,27,1.0,11,12,6.104904459791693e-14,2.803733900052481e-11,5 10 15,3 4 5,5.0 10.0 15.0
FirstDigitTouch__BothStartLoadPhase,pc1,150,PO10,P8,Occipital,Parietal,27,27,1.0,11,12,6.104904459791693e-14,2.803733900052481e-11,5 10 15,3 4 5,5.0 10.0 15.0
FirstDigitTouch__BothStartLoadPhase,pc2,50,O1,PO9,Occipital,Occipital,27,27,1.0,11,12,6.104904459791693e-14,2.803733900052481e-11,5 10 15,3 4 5,5.0 10.0 15.0
FirstDigitTouch__BothStartLoadPhase,pc2,100,O2,Oz,Occipital,Occipital,27,27,1.0,11,12,6.104904459791693e-14,2.803733900052481e-11,5 10 15,3 4 5,5.0 10.0 15.0
FirstDigitTouch__BothStartLoadPhase,pc2,100,O2,PO10,Occipital,Occipital,27,27,1.0,11,12,6.104904459791693e-14,2.803733900052481e-11,5 10 15,3 4 5,5.0 10.0 15.0
FirstDigitTouch__BothStartLoadPhase,pc2,150,O1,PO9,Occipital,Occipital,27,27,1.0,11,12,6.104904459791693e-14,2.803733900052481e-11,5 10 15,3 4 5,5.0 10.0 15.0
FirstDigitTouch__BothStartLoadPhase,pc2,200,Oz,O1,Occipital,Occipital,27,27,1.0,11,12,6.104904459791693e-14,2.803733900052481e-11,5 10 15,3 4 5,5.0 10.0 15.0
HandStart__FirstDigitTouch,pc1,50,PO9,Oz,Occipital,Occipital,27,27,1.0,11,12,6.104904459791693e-14,2.803733900052481e-11,5 10 15,3 4 5,5.0 10.0 15.0
HandStart__FirstDigitTouch,pc2,50,O1,PO9,Occipital,Occipital,27,27,1.0,11,12,6.104904459791693e-14,2.803733900052481e-11,5 10 15,3 4 5,5.0 10.0 15.0
HandStart__FirstDigitTouch,pc2,100,O1,PO9,Occipital,Occipital,27,27,1.0,11,12,6.104904459791693e-14,2.803733900052481e-11,5 10 15,3 4 5,5.0 10.0 15.0
HandStart__FirstDigitTouch,pc2,100,O2,Oz,Occipital,Occipital,27,27,1.0,11,12,6.104904459791693e-14,2.803733900052481e-11,5 10 15,3 4 5,5.0 10.0 15.0
LiftOff__Replace,pc2,50,O1,PO9,Occipital,Occipital,27,27,1.0,11,12,6.104904459791693e-14,2.803733900052481e-11,5 10 15,3 4 5,5.0 10.0 15.0
LiftOff__Replace,pc2,100,O1,PO9,Occipital,Occipital,27,27,1.0,11,12,6.104904459791693e-14,2.803733900052481e-11,5 10 15,3 4 5,5.0 10.0 15.0
LiftOff__Replace,pc3,200,P4,P8,Parietal,Parietal,27,27,1.0,11,12,6.104904459791693e-14,2.803733900052481e-11,5 10 15,3 4 5,5.0 10.0 15.0
Replace__BothReleased,pc1,150,PO10,O2,Occipital,Occipital,27,27,1.0,11,12,6.104904459791693e-14,2.803733900052481e-11,5 10 15,3 4 5,5.0 10.0 15.0
Replace__BothReleased,pc1,200,PO10,O2,Occipital,Occipital,27,27,1.0,11,12,6.104904459791693e-14,2.803733900052481e-11,5 10 15,3 4 5,5.0 10.0 15.0
Replace__BothReleased,pc2,100,O1,Oz,Occipital,Occipital,27,27,1.0,11,12,6.104904459791693e-14,2.803733900052481e-11,5 10 15,3 4 5,5.0 10.0 15.0
Replace__BothReleased,pc2,200,Oz,O1,Occipital,Occipital,27,27,1.0,11,12,6.104904459791693e-14,2.803733900052481e-11,5 10 15,3 4 5,5.0 10.0 15.0
FirstDigitTouch__BothStartLoadPhase,pc1,100,PO10,Oz,Occipital,Occipital,27,27,1.0,11,12,8.421573233354471e-13,4.540326438851976e-10,5 10 15,3 4 5,5.0 10.0 15.0
Replace__BothReleased,pc1,150,PO9,O1,Occipital,Occipital,27,27,1.0,11,12,8.421573233354471e-13,4.540326438851976e-10,5 10 15,3 4 5,5.0 10.0 15.0
BothStartLoadPhase__LiftOff,pc2,50,O1,PO9,Occipital,Occipital,27,27,1.0,11,12,5.152694495849263e-12,1.7914040677158183e-09,5 10 15,3 4 5,5.0 10.0 15.0
BothStartLoadPhase__LiftOff,pc3,100,CP6,C4,Parietal,Frontocentral,27,27,1.0,11,12,5.152694495849263e-12,1.7914040677158183e-09,5 10 15,3 4 5,5.0 10.0 15.0
FirstDigitTouch__BothStartLoadPhase,pc2,100,O1,PO9,Occipital,Occipital,27,27,1.0,11,12,5.152694495849263e-12,1.7914040677158183e-09,5 10 15,3 4 5,5.0 10.0 15.0
FirstDigitTouch__BothStartLoadPhase,pc3,50,Oz,FC5,Occipital,Frontocentral,27,27,1.0,11,12,5.152694495849263e-12,1.7914040677158183e-09,5 10 15,3 4 5,5.0 10.0 15.0
FirstDigitTouch__BothStartLoadPhase,pc3,100,CP6,C4,Parietal,Frontocentral,27,27,1.0,11,12,5.152694495849263e-12,1.7914040677158183e-09,5 10 15,3 4 5,5.0 10.0 15.0
FirstDigitTouch__BothStartLoadPhase,pc3,200,CP6,C4,Parietal,Frontocentral,27,27,1.0,11,12,5.152694495849263e-12,1.7914040677158183e-09,5 10 15,3 4 5,5.0 10.0 15.0
FirstDigitTouch__BothStartLoadPhase,pc3,200,P4,P8,Parietal,Parietal,27,27,1.0,11,12,5.152694495849263e-12,1.7914040677158183e-09,5 10 15,3 4 5,5.0 10.0 15.0
HandStart__FirstDigitTouch,pc1,150,PO10,P8,Occipital,Parietal,27,27,1.0,11,12,5.152694495849263e-12,1.7914040677158183e-09,5 10 15,3 4 5,5.0 10.0 15.0
HandStart__FirstDigitTouch,pc3,50,O2,Cz,Occipital,Frontocentral,27,27,1.0,11,12,5.152694495849263e-12,1.7914040677158183e-09,5 10 15,3 4 5,5.0 10.0 15.0
HandStart__FirstDigitTouch,pc3,200,P4,P8,Parietal,Parietal,27,27,1.0,11,12,5.152694495849263e-12,1.7914040677158183e-09,5 10 15,3 4 5,5.0 10.0 15.0
HandStart__FirstDigitTouch,pc3,200,P7,O1,Parietal,Occipital,27,27,1.0,11,12,5.152694495849263e-12,1.7914040677158183e-09,5 10 15,3 4 5,5.0 10.0 15.0
LiftOff__Replace,pc3,50,C4,FC2,Frontocentral,Frontocentral,27,27,1.0,11,12,5.152694495849263e-12,1.7914040677158183e-09,5 10 15,3 4 5,5.0 10.0 15.0
LiftOff__Replace,pc3,150,CP6,P8,Parietal,Parietal,27,27,1.0,11,12,5.152694495849263e-12,1.7914040677158183e-09,5 10 15,3 4 5,5.0 10.0 15.0
Replace__BothReleased,pc1,200,PO9,Oz,Occipital,Occipital,27,27,1.0,11,12,5.152694495849263e-12,1.7914040677158183e-09,5 10 15,3 4 5,5.0 10.0 15.0
Replace__BothReleased,pc3,200,P4,P8,Parietal,Parietal,27,27,1.0,11,12,5.152694495849263e-12,1.7914040677158183e-09,5 10 15,3 4 5,5.0 10.0 15.0
LiftOff__Replace,pc3,150,P7,O1,Parietal,Occipital,27,27,1.0,10,12,6.511753201852308e-15,4.614042268741064e-12,5 10 15,3 4 5,5.0 10.0 15.0
BothStartLoadPhase__LiftOff,pc3,150,P4,P8,Parietal,Parietal,27,27,1.0,10,12,8.421573233354471e-13,4.540326438851976e-10,5 10 15,3 4 5,5.0 10.0 15.0
HandStart__FirstDigitTouch,pc2,0,O2,Oz,Occipital,Occipital,27,27,1.0,10,12,8.421573233354471e-13,4.540326438851976e-10,5 10 15,3 4 5,5.0 10.0 15.0
LiftOff__Replace,pc3,100,P7,O1,Parietal,Occipital,27,27,1.0,10,12,8.421573233354471e-13,4.540326438851976e-10,5 10 15,3 4 5,5.0 10.0 15.0
Replace__BothReleased,pc1,100,PO9,O1,Occipital,Occipital,27,27,1.0,10,12,8.421573233354471e-13,4.540326438851976e-10,5 10 15,3 4 5,5.0 10.0 15.0
Replace__BothReleased,pc2,50,O2,Oz,Occipital,Occipital,27,27,1.0,10,12,8.421573233354471e-13,4.540326438851976e-10,5 10 15,3 4 5,5.0 10.0 15.0
FirstDigitTouch__BothStartLoadPhase,pc1,50,PO9,Oz,Occipital,Occipital,27,27,1.0,10,12,6.3590934537905775e-12,2.3421611532773215e-09,5 10 15,3 4 5,5.0 10.0 15.0
FirstDigitTouch__BothStartLoadPhase,pc2,100,Oz,O1,Occipital,Occipital,27,27,1.0,10,12,6.3590934537905775e-12,2.3421611532773215e-09,5 10 15,3 4 5,5.0 10.0 15.0
FirstDigitTouch__BothStartLoadPhase,pc3,150,P4,P8,Parietal,Parietal,27,27,1.0,10,12,6.3590934537905775e-12,2.3421611532773215e-09,5 10 15,3 4 5,5.0 10.0 15.0
HandStart__FirstDigitTouch,pc2,100,O2,PO10,Occipital,Occipital,27,27,1.0,10,12,6.3590934537905775e-12,2.3421611532773215e-09,5 10 15,3 4 5,5.0 10.0 15.0
LiftOff__Replace,pc3,150,P4,P8,Parietal,Parietal,27,27,1.0,10,12,6.3590934537905775e-12,2.3421611532773215e-09,5 10 15,3 4 5,5.0 10.0 15.0
Replace__BothReleased,pc1,200,PO10,Oz,Occipital,Occipital,27,27,1.0,10,12,6.3590934537905775e-12,2.3421611532773215e-09,5 10 15,3 4 5,5.0 10.0 15.0
Replace__BothReleased,pc2,0,O2,Oz,Occipital,Occipital,27,27,1.0,10,12,6.3590934537905775e-12,2.3421611532773215e-09,5 10 15,3 4 5,5.0 10.0 15.0
Replace__BothReleased,pc2,100,Oz,O2,Occipital,Occipital,27,27,1.0,10,12,6.3590934537905775e-12,2.3421611532773215e-09,5 10 15,3 4 5,5.0 10.0 15.0
BothStartLoadPhase__LiftOff,pc3,200,CP6,C4,Parietal,Frontocentral,27,27,1.0,10,12,7.35683912920622e-11,3.1456829380054184e-08,5 10 15,3 4 5,5.0 10.0 15.0
Replace__BothReleased,pc1,0,PO9,O1,Occipital,Occipital,27,27,1.0,10,12,7.35683912920622e-11,3.1456829380054184e-08,5 10 15,3 4 5,5.0 10.0 15.0
Replace__BothReleased,pc1,50,PO10,O2,Occipital,Occipital,27,27,1.0,10,12,7.35683912920622e-11,3.1456829380054184e-08,5 10 15,3 4 5,5.0 10.0 15.0
BothStartLoadPhase__LiftOff,pc1,50,PO9,Oz,Occipital,Occipital,27,27,1.0,10,12,3.4930855940150567e-10,8.961571317059318e-08,5 10 15,3 4 5,5.0 10.0 15.0
BothStartLoadPhase__LiftOff,pc2,0,O2,Oz,Occipital,Occipital,27,27,1.0,10,12,3.4930855940150567e-10,8.961571317059318e-08,5 10 15,3 4 5,5.0 10.0 15.0
BothStartLoadPhase__LiftOff,pc2,0,Oz,O2,Occipital,Occipital,27,27,1.0,10,12,3.4930855940150567e-10,8.961571317059318e-08,5 10 15,3 4 5,5.0 10.0 15.0
BothStartLoadPhase__LiftOff,pc2,100,O1,Oz,Occipital,Occipital,27,27,1.0,10,12,3.4930855940150567e-10,8.961571317059318e-08,5 10 15,3 4 5,5.0 10.0 15.0
FirstDigitTouch__BothStartLoadPhase,pc2,0,O2,Oz,Occipital,Occipital,27,27,1.0,10,12,3.4930855940150567e-10,8.961571317059318e-08,5 10 15,3 4 5,5.0 10.0 15.0
FirstDigitTouch__BothStartLoadPhase,pc2,100,O1,Oz,Occipital,Occipital,27,27,1.0,10,12,3.4930855940150567e-10,8.961571317059318e-08,5 10 15,3 4 5,5.0 10.0 15.0
FirstDigitTouch__BothStartLoadPhase,pc3,200,Oz,FC5,Occipital,Frontocentral,27,27,1.0,10,12,3.4930855940150567e-10,8.961571317059318e-08,5 10 15,3 4 5,5.0 10.0 15.0
HandStart__FirstDigitTouch,pc1,50,PO10,P8,Occipital,Parietal,27,27,1.0,10,12,3.4930855940150567e-10,8.961571317059318e-08,5 10 15,3 4 5,5.0 10.0 15.0
HandStart__FirstDigitTouch,pc3,50,O1,FC1,Occipital,Frontocentral,27,27,1.0,10,12,3.4930855940150567e-10,8.961571317059318e-08,5 10 15,3 4 5,5.0 10.0 15.0
HandStart__FirstDigitTouch,pc3,100,CP6,C4,Parietal,Frontocentral,27,27,1.0,10,12,3.4930855940150567e-10,8.961571317059318e-08,5 10 15,3 4 5,5.0 10.0 15.0
LiftOff__Replace,pc3,200,P4,CP6,Parietal,Parietal,27,27,1.0,10,12,3.4930855940150567e-10,8.961571317059318e-08,5 10 15,3 4 5,5.0 10.0 15.0
Replace__BothReleased,pc1,150,PO10,Oz,Occipital,Occipital,27,27,1.0,10,12,3.4930855940150567e-10,8.961571317059318e-08,5 10 15,3 4 5,5.0 10.0 15.0
Replace__BothReleased,pc2,0,Oz,O2,Occipital,Occipital,27,27,1.0,10,12,3.4930855940150567e-10,8.961571317059318e-08,5 10 15,3 4 5,5.0 10.0 15.0
Replace__BothReleased,pc2,50,O1,Oz,Occipital,Occipital,27,27,1.0,10,12,3.4930855940150567e-10,8.961571317059318e-08,5 10 15,3 4 5,5.0 10.0 15.0
Replace__BothReleased,pc2,50,O2,PO10,Occipital,Occipital,27,27,1.0,10,12,3.4930855940150567e-10,8.961571317059318e-08,5 10 15,3 4 5,5.0 10.0 15.0
Replace__BothReleased,pc2,100,O2,Oz,Occipital,Occipital,27,27,1.0,10,12,3.4930855940150567e-10,8.961571317059318e-08,5 10 15,3 4 5,5.0 10.0 15.0
Replace__BothReleased,pc2,100,Oz,O1,Occipital,Occipital,27,27,1.0,10,12,3.4930855940150567e-10,8.961571317059318e-08,5 10 15,3 4 5,5.0 10.0 15.0
BothStartLoadPhase__LiftOff,pc1,0,PO9,O1,Occipital,Occipital,27,27,1.0,9,12,7.35683912920622e-11,3.1456829380054184e-08,5 10 15,3 4 5,5.0 10.0 15.0
FirstDigitTouch__BothStartLoadPhase,pc1,0,PO9,O1,Occipital,Occipital,27,27,1.0,9,12,7.35683912920622e-11,3.1456829380054184e-08,5 10 15,3 4 5,5.0 10.0 15.0
HandStart__FirstDigitTouch,pc3,150,P4,P8,Parietal,Parietal,27,27,1.0,9,12,7.35683912920622e-11,3.1456829380054184e-08,5 10 15,3 4 5,5.0 10.0 15.0
LiftOff__Replace,pc3,100,P4,P8,Parietal,Parietal,27,27,1.0,9,12,7.35683912920622e-11,3.1456829380054184e-08,5 10 15,3 4 5,5.0 10.0 15.0
Replace__BothReleased,pc1,100,PO10,O2,Occipital,Occipital,27,27,1.0,9,12,7.35683912920622e-11,3.1456829380054184e-08,5 10 15,3 4 5,5.0 10.0 15.0
Replace__BothReleased,pc1,150,PO9,Oz,Occipital,Occipital,27,27,1.0,9,12,7.35683912920622e-11,3.1456829380054184e-08,5 10 15,3 4 5,5.0 10.0 15.0
Replace__BothReleased,pc3,200,P7,O1,Parietal,Occipital,27,27,1.0,9,12,7.35683912920622e-11,3.1456829380054184e-08,5 10 15,3 4 5,5.0 10.0 15.0
BothStartLoadPhase__LiftOff,pc1,0,PO10,P8,Occipital,Parietal,27,27,1.0,9,12,4.0187628235108975e-10,1.1282866191290972e-07,5 10 15,3 4 5,5.0 10.0 15.0
BothStartLoadPhase__LiftOff,pc1,100,PO10,P8,Occipital,Parietal,27,27,1.0,9,12,4.0187628235108975e-10,1.1282866191290972e-07,5 10 15,3 4 5,5.0 10.0 15.0
BothStartLoadPhase__LiftOff,pc2,0,O1,Oz,Occipital,Occipital,27,27,1.0,9,12,4.0187628235108975e-10,1.1282866191290972e-07,5 10 15,3 4 5,5.0 10.0 15.0
BothStartLoadPhase__LiftOff,pc2,0,Oz,O1,Occipital,Occipital,27,27,1.0,9,12,4.0187628235108975e-10,1.1282866191290972e-07,5 10 15,3 4 5,5.0 10.0 15.0
FirstDigitTouch__BothStartLoadPhase,pc1,100,PO10,P8,Occipital,Parietal,27,27,1.0,9,12,4.0187628235108975e-10,1.1282866191290972e-07,5 10 15,3 4 5,5.0 10.0 15.0
FirstDigitTouch__BothStartLoadPhase,pc2,0,O1,Oz,Occipital,Occipital,27,27,1.0,9,12,4.0187628235108975e-10,1.1282866191290972e-07,5 10 15,3 4 5,5.0 10.0 15.0
FirstDigitTouch__BothStartLoadPhase,pc3,50,P4,P8,Parietal,Parietal,27,27,1.0,9,12,4.0187628235108975e-10,1.1282866191290972e-07,5 10 15,3 4 5,5.0 10.0 15.0
HandStart__FirstDigitTouch,pc1,0,PO10,P8,Occipital,Parietal,27,27,1.0,9,12,4.0187628235108975e-10,1.1282866191290972e-07,5 10 15,3 4 5,5.0 10.0 15.0
Replace__BothReleased,pc1,0,PO10,O2,Occipital,Occipital,27,27,1.0,9,12,4.0187628235108975e-10,1.1282866191290972e-07,5 10 15,3 4 5,5.0 10.0 15.0
Replace__BothReleased,pc1,50,PO9,O1,Occipital,Occipital,27,27,1.0,9,12,4.0187628235108975e-10,1.1282866191290972e-07,5 10 15,3 4 5,5.0 10.0 15.0
Replace__BothReleased,pc1,100,Fp2,Fp1,Frontal,Frontal,27,27,1.0,9,12,4.0187628235108975e-10,1.1282866191290972e-07,5 10 15,3 4 5,5.0 10.0 15.0
Replace__BothReleased,pc2,50,O1,PO9,Occipital,Occipital,27,27,1.0,9,12,4.0187628235108975e-10,1.1282866191290972e-07,5 10 15,3 4 5,5.0 10.0 15.0
Replace__BothReleased,pc2,50,Oz,O2,Occipital,Occipital,27,27,1.0,9,12,4.0187628235108975e-10,1.1282866191290972e-07,5 10 15,3 4 5,5.0 10.0 15.0
BothStartLoadPhase__LiftOff,pc3,50,P4,P8,Parietal,Parietal,27,27,1.0,9,12,4.5744495591486245e-09,1.628416493783051e-06,5 10 15,3 4 5,5.0 10.0 15.0
FirstDigitTouch__BothStartLoadPhase,pc3,50,C4,FC2,Frontocentral,Frontocentral,27,27,1.0,9,12,4.5744495591486245e-09,1.628416493783051e-06,5 10 15,3 4 5,5.0 10.0 15.0
Replace__BothReleased,pc1,100,PO9,Oz,Occipital,Occipital,27,27,1.0,9,12,4.5744495591486245e-09,1.628416493783051e-06,5 10 15,3 4 5,5.0 10.0 15.0
BothStartLoadPhase__LiftOff,pc3,200,Oz,FC5,Occipital,Frontocentral,27,27,1.0,9,12,1.4375572031334258e-08,2.778032621120179e-06,5 10 15,3 4 5,5.0 10.0 15.0
HandStart__FirstDigitTouch,pc2,0,O1,Oz,Occipital,Occipital,27,27,1.0,9,12,1.4375572031334258e-08,2.778032621120179e-06,5 10 15,3 4 5,5.0 10.0 15.0
LiftOff__Replace,pc2,0,O1,PO9,Occipital,Occipital,27,27,1.0,9,12,1.4375572031334258e-08,2.778032621120179e-06,5 10 15,3 4 5,5.0 10.0 15.0
LiftOff__Replace,pc3,50,P7,O1,Parietal,Occipital,27,27,1.0,9,12,1.4375572031334258e-08,2.778032621120179e-06,5 10 15,3 4 5,5.0 10.0 15.0
LiftOff__Replace,pc2,50,Oz,O1,Occipital,Occipital,24,27,0.8888888888888888,12,12,2.6884377575267276e-16,1.8350437537613628e-13,5 10 15,3 4 5,5.0 10.0 15.0
BothStartLoadPhase__LiftOff,pc2,50,O1,Oz,Occipital,Occipital,24,27,0.8888888888888888,12,12,3.488149536859777e-14,1.802210594044218e-11,5 10 15,3 4 5,5.0 10.0 15.0
HandStart__FirstDigitTouch,pc2,50,O1,Oz,Occipital,Occipital,24,27,0.8888888888888888,12,12,3.488149536859777e-14,1.802210594044218e-11,5 10 15,3 4 5,5.0 10.0 15.0
LiftOff__Replace,pc1,50,PO10,P8,Occipital,Parietal,24,27,0.8888888888888888,12,12,3.488149536859777e-14,1.802210594044218e-11,5 10 15,3 4 5,5.0 10.0 15.0
FirstDigitTouch__BothStartLoadPhase,pc1,200,PO10,P8,Occipital,Parietal,24,27,0.8888888888888888,11,12,6.104904459791693e-14,2.803733900052481e-11,5 10 15,3 4 5,5.0 10.0 15.0
FirstDigitTouch__BothStartLoadPhase,pc2,50,O1,Oz,Occipital,Occipital,24,27,0.8888888888888888,11,12,5.152694495849263e-12,1.7914040677158183e-09,5 10 15,3 4 5,5.0 10.0 15.0
BothStartLoadPhase__LiftOff,pc2,150,Oz,O1,Occipital,Occipital,24,27,0.8888888888888888,10,12,6.3590934537905775e-12,2.3421611532773215e-09,5 10 15,3 4 5,5.0 10.0 15.0
Replace__BothReleased,pc2,0,Oz,O1,Occipital,Occipital,24,27,0.8888888888888888,10,12,6.3590934537905775e-12,2.3421611532773215e-09,5 10 15,3 4 5,5.0 10.0 15.0
FirstDigitTouch__BothStartLoadPhase,pc1,50,PO10,P8,Occipital,Parietal,24,27,0.8888888888888888,10,12,3.4930855940150567e-10,8.961571317059318e-08,5 10 15,3 4 5,5.0 10.0 15.0
FirstDigitTouch__BothStartLoadPhase,pc2,0,Oz,O2,Occipital,Occipital,24,27,0.8888888888888888,10,12,3.4930855940150567e-10,8.961571317059318e-08,5 10 15,3 4 5,5.0 10.0 15.0
FirstDigitTouch__BothStartLoadPhase,pc3,150,Oz,FC5,Occipital,Frontocentral,24,27,0.8888888888888888,10,12,3.4930855940150567e-10,8.961571317059318e-08,5 10 15,3 4 5,5.0 10.0 15.0
HandStart__FirstDigitTouch,pc2,0,Oz,O2,Occipital,Occipital,24,27,0.8888888888888888,10,12,3.4930855940150567e-10,8.961571317059318e-08,5 10 15,3 4 5,5.0 10.0 15.0
LiftOff__Replace,pc2,0,Oz,O1,Occipital,Occipital,24,27,0.8888888888888888,10,12,3.4930855940150567e-10,8.961571317059318e-08,5 10 15,3 4 5,5.0 10.0 15.0
LiftOff__Replace,pc3,100,P4,CP6,Parietal,Parietal,24,27,0.8888888888888888,10,12,3.4930855940150567e-10,8.961571317059318e-08,5 10 15,3 4 5,5.0 10.0 15.0
Replace__BothReleased,pc1,0,PO10,P8,Occipital,Parietal,24,27,0.8888888888888888,10,12,3.4930855940150567e-10,8.961571317059318e-08,5 10 15,3 4 5,5.0 10.0 15.0
FirstDigitTouch__BothStartLoadPhase,pc1,0,PO10,P8,Occipital,Parietal,24,27,0.8888888888888888,9,12,4.0187628235108975e-10,1.1282866191290972e-07,5 10 15,3 4 5,5.0 10.0 15.0
HandStart__FirstDigitTouch,pc1,100,PO10,P8,Occipital,Parietal,24,27,0.8888888888888888,9,12,4.0187628235108975e-10,1.1282866191290972e-07,5 10 15,3 4 5,5.0 10.0 15.0
LiftOff__Replace,pc2,0,O1,Oz,Occipital,Occipital,24,27,0.8888888888888888,9,12,4.0187628235108975e-10,1.1282866191290972e-07,5 10 15,3 4 5,5.0 10.0 15.0
Replace__BothReleased,pc2,100,O2,PO10,Occipital,Occipital,24,27,0.8888888888888888,9,12,4.0187628235108975e-10,1.1282866191290972e-07,5 10 15,3 4 5,5.0 10.0 15.0
BothStartLoadPhase__LiftOff,pc2,0,O1,PO9,Occipital,Occipital,24,27,0.8888888888888888,9,12,1.4375572031334258e-08,2.778032621120179e-06,5 10 15,3 4 5,5.0 10.0 15.0
FirstDigitTouch__BothStartLoadPhase,pc2,0,Oz,O1,Occipital,Occipital,24,27,0.8888888888888888,9,12,1.4375572031334258e-08,2.778032621120179e-06,5 10 15,3 4 5,5.0 10.0 15.0
FirstDigitTouch__BothStartLoadPhase,pc3,100,Oz,FC5,Occipital,Frontocentral,24,27,0.8888888888888888,9,12,1.4375572031334258e-08,2.778032621120179e-06,5 10 15,3 4 5,5.0 10.0 15.0
HandStart__FirstDigitTouch,pc3,150,P7,O1,Parietal,Occipital,24,27,0.8888888888888888,9,12,1.4375572031334258e-08,2.778032621120179e-06,5 10 15,3 4 5,5.0 10.0 15.0
LiftOff__Replace,pc3,50,O2,Cz,Occipital,Frontocentral,24,27,0.8888888888888888,9,12,1.4375572031334258e-08,2.778032621120179e-06,5 10 15,3 4 5,5.0 10.0 15.0
LiftOff__Replace,pc3,100,CP6,P8,Parietal,Parietal,24,27,0.8888888888888888,9,12,1.4375572031334258e-08,2.778032621120179e-06,5 10 15,3 4 5,5.0 10.0 15.0
Replace__BothReleased,pc2,0,O1,Oz,Occipital,Occipital,24,27,0.8888888888888888,9,12,1.4375572031334258e-08,2.778032621120179e-06,5 10 15,3 4 5,5.0 10.0 15.0
Replace__BothReleased,pc3,150,P7,O1,Parietal,Occipital,24,27,0.8888888888888888,9,12,1.4375572031334258e-08,2.778032621120179e-06,5 10 15,3 4 5,5.0 10.0 15.0
HandStart__FirstDigitTouch,pc1,0,PO9,O1,Occipital,Occipital,24,27,0.8888888888888888,8,12,7.35683912920622e-11,3.1456829380054184e-08,5 10 15,3 4 5,5.0 10.0 15.0
LiftOff__Replace,pc1,0,PO9,O1,Occipital,Occipital,24,27,0.8888888888888888,8,12,7.35683912920622e-11,3.1456829380054184e-08,5 10 15,3 4 5,5.0 10.0 15.0
LiftOff__Replace,pc2,0,Oz,O2,Occipital,Occipital,24,27,0.8888888888888888,8,12,4.5744495591486245e-09,1.628416493783051e-06,5 10 15,3 4 5,5.0 10.0 15.0
Replace__BothReleased,pc2,0,O2,PO10,Occipital,Occipital,24,27,0.8888888888888888,8,12,4.5744495591486245e-09,1.628416493783051e-06,5 10 15,3 4 5,5.0 10.0 15.0
BothStartLoadPhase__LiftOff,pc2,0,O2,PO10,Occipital,Occipital,24,27,0.8888888888888888,8,12,1.7167849919707603e-08,3.8941708354458715e-06,5 10 15,3 4 5,5.0 10.0 15.0
BothStartLoadPhase__LiftOff,pc3,50,C4,FC2,Frontocentral,Frontocentral,24,27,0.8888888888888888,8,12,1.7167849919707603e-08,3.8941708354458715e-06,5 10 15,3 4 5,5.0 10.0 15.0
FirstDigitTouch__BothStartLoadPhase,pc2,0,O2,PO10,Occipital,Occipital,24,27,0.8888888888888888,8,12,1.7167849919707603e-08,3.8941708354458715e-06,5 10 15,3 4 5,5.0 10.0 15.0
HandStart__FirstDigitTouch,pc2,0,O2,PO10,Occipital,Occipital,24,27,0.8888888888888888,8,12,1.7167849919707603e-08,3.8941708354458715e-06,5 10 15,3 4 5,5.0 10.0 15.0
LiftOff__Replace,pc1,0,PO9,Oz,Occipital,Occipital,24,27,0.8888888888888888,8,12,1.7167849919707603e-08,3.8941708354458715e-06,5 10 15,3 4 5,5.0 10.0 15.0
BothStartLoadPhase__LiftOff,pc1,50,PO10,P8,Occipital,Parietal,21,27,0.7777777777777778,10,12,3.4930855940150567e-10,8.961571317059318e-08,5 10 15,3 4 5,5.0 10.0 15.0
LiftOff__Replace,pc3,200,CP6,C4,Parietal,Frontocentral,21,27,0.7777777777777778,10,12,3.4930855940150567e-10,8.961571317059318e-08,5 10 15,3 4 5,5.0 10.0 15.0
LiftOff__Replace,pc3,50,P8,PO10,Parietal,Occipital,21,27,0.7777777777777778,9,12,1.4375572031334258e-08,2.778032621120179e-06,5 10 15,3 4 5,5.0 10.0 15.0
Replace__BothReleased,pc3,100,P7,O1,Parietal,Occipital,21,27,0.7777777777777778,8,12,4.5744495591486245e-09,1.628416493783051e-06,5 10 15,3 4 5,5.0 10.0 15.0
HandStart__FirstDigitTouch,pc3,100,P4,CP6,Parietal,Parietal,21,27,0.7777777777777778,8,12,1.7167849919707603e-08,3.8941708354458715e-06,5 10 15,3 4 5,5.0 10.0 15.0
BothStartLoadPhase__LiftOff,pc1,0,PO10,O2,Occipital,Occipital,21,27,0.7777777777777778,8,12,2.0768421372728914e-07,5.6807740813640846e-05,5 10 15,3 4 5,5.0 10.0 15.0
FirstDigitTouch__BothStartLoadPhase,pc1,0,PO10,O2,Occipital,Occipital,21,27,0.7777777777777778,8,12,2.0768421372728914e-07,5.6807740813640846e-05,5 10 15,3 4 5,5.0 10.0 15.0
FirstDigitTouch__BothStartLoadPhase,pc2,0,O1,PO9,Occipital,Occipital,21,27,0.7777777777777778,8,12,2.0768421372728914e-07,5.6807740813640846e-05,5 10 15,3 4 5,5.0 10.0 15.0
HandStart__FirstDigitTouch,pc1,0,PO10,O2,Occipital,Occipital,21,27,0.7777777777777778,8,12,2.0768421372728914e-07,5.6807740813640846e-05,5 10 15,3 4 5,5.0 10.0 15.0
HandStart__FirstDigitTouch,pc2,0,O1,PO9,Occipital,Occipital,21,27,0.7777777777777778,8,12,2.0768421372728914e-07,5.6807740813640846e-05,5 10 15,3 4 5,5.0 10.0 15.0
Replace__BothReleased,pc1,100,PO10,Oz,Occipital,Occipital,21,27,0.7777777777777778,8,12,2.0768421372728914e-07,5.6807740813640846e-05,5 10 15,3 4 5,5.0 10.0 15.0
LiftOff__Replace,pc2,50,Oz,PO10,Occipital,Occipital,20,27,0.7407407407407407,12,12,3.488149536859777e-14,1.802210594044218e-11,5 10 15,3 4 5,5.0 10.0 15.0
LiftOff__Replace,pc2,150,Oz,O1,Occipital,Occipital,20,27,0.7407407407407407,12,12,3.488149536859777e-14,1.802210594044218e-11,5 10 15,3 4 5,5.0 10.0 15.0
BothStartLoadPhase__LiftOff,pc3,50,Oz,FC5,Occipital,Frontocentral,20,27,0.7407407407407407,11,12,5.152694495849263e-12,1.7914040677158183e-09,5 10 15,3 4 5,5.0 10.0 15.0
BothStartLoadPhase__LiftOff,pc3,150,CP6,P8,Parietal,Parietal,20,27,0.7407407407407407,11,12,5.152694495849263e-12,1.7914040677158183e-09,5 10 15,3 4 5,5.0 10.0 15.0
FirstDigitTouch__BothStartLoadPhase,pc2,150,Oz,O1,Occipital,Occipital,20,27,0.7407407407407407,10,12,6.3590934537905775e-12,2.3421611532773215e-09,5 10 15,3 4 5,5.0 10.0 15.0
LiftOff__Replace,pc1,150,PO10,P8,Occipital,Parietal,20,27,0.7407407407407407,10,12,6.3590934537905775e-12,2.3421611532773215e-09,5 10 15,3 4 5,5.0 10.0 15.0
BothStartLoadPhase__LiftOff,pc2,100,Oz,O1,Occipital,Occipital,20,27,0.7407407407407407,10,12,3.4930855940150567e-10,8.961571317059318e-08,5 10 15,3 4 5,5.0 10.0 15.0
HandStart__FirstDigitTouch,pc3,100,P7,O1,Parietal,Occipital,20,27,0.7407407407407407,10,12,3.4930855940150567e-10,8.961571317059318e-08,5 10 15,3 4 5,5.0 10.0 15.0
HandStart__FirstDigitTouch,pc3,200,P4,CP6,Parietal,Parietal,20,27,0.7407407407407407,10,12,3.4930855940150567e-10,8.961571317059318e-08,5 10 15,3 4 5,5.0 10.0 15.0
FirstDigitTouch__BothStartLoadPhase,pc3,150,FC5,F3,Frontocentral,Frontocentral,20,27,0.7407407407407407,9,12,1.4375572031334258e-08,2.778032621120179e-06,5 10 15,3 4 5,5.0 10.0 15.0
HandStart__FirstDigitTouch,pc3,200,CP6,P8,Parietal,Parietal,20,27,0.7407407407407407,9,12,1.4375572031334258e-08,2.778032621120179e-06,5 10 15,3 4 5,5.0 10.0 15.0
LiftOff__Replace,pc3,200,O1,FC1,Occipital,Frontocentral,20,27,0.7407407407407407,9,12,1.4375572031334258e-08,2.778032621120179e-06,5 10 15,3 4 5,5.0 10.0 15.0
LiftOff__Replace,pc2,150,Oz,PO10,Occipital,Occipital,18,27,0.6666666666666666,12,12,2.6884377575267276e-16,1.8350437537613628e-13,10 15,3 4 5,5.0 10.0 15.0
LiftOff__Replace,pc1,50,PO9,P7,Occipital,Parietal,18,27,0.6666666666666666,12,12,3.488149536859777e-14,1.802210594044218e-11,10 15,3 4 5,5.0 10.0 15.0
LiftOff__Replace,pc2,150,Oz,PO9,Occipital,Occipital,18,27,0.6666666666666666,12,12,3.488149536859777e-14,1.802210594044218e-11,10 15,3 4 5,5.0 10.0 15.0
LiftOff__Replace,pc2,200,Oz,PO10,Occipital,Occipital,18,27,0.6666666666666666,12,12,3.488149536859777e-14,1.802210594044218e-11,10 15,3 4 5,5.0 10.0 15.0
LiftOff__Replace,pc2,200,Oz,PO9,Occipital,Occipital,18,27,0.6666666666666666,12,12,3.488149536859777e-14,1.802210594044218e-11,10 15,3 4 5,5.0 10.0 15.0
FirstDigitTouch__BothStartLoadPhase,pc2,50,Oz,O1,Occipital,Occipital,18,27,0.6666666666666666,11,12,6.104904459791693e-14,2.803733900052481e-11,10 15,3 4 5,5.0 10.0 15.0
BothStartLoadPhase__LiftOff,pc2,50,Oz,O1,Occipital,Occipital,18,27,0.6666666666666666,11,12,5.152694495849263e-12,1.7914040677158183e-09,10 15,3 4 5,5.0 10.0 15.0
FirstDigitTouch__BothStartLoadPhase,pc3,150,CP6,P8,Parietal,Parietal,18,27,0.6666666666666666,11,12,5.152694495849263e-12,1.7914040677158183e-09,10 15,3 4 5,5.0 10.0 15.0
HandStart__FirstDigitTouch,pc1,200,PO10,FC1,Occipital,Frontocentral,18,27,0.6666666666666666,11,12,5.152694495849263e-12,1.7914040677158183e-09,10 15,3 4 5,5.0 10.0 15.0
HandStart__FirstDigitTouch,pc1,200,PO9,P7,Occipital,Parietal,18,27,0.6666666666666666,11,12,5.152694495849263e-12,1.7914040677158183e-09,10 15,3 4 5,5.0 10.0 15.0
HandStart__FirstDigitTouch,pc2,200,O1,O2,Occipital,Occipital,18,27,0.6666666666666666,11,12,5.152694495849263e-12,1.7914040677158183e-09,10 15,3 4 5,5.0 10.0 15.0
LiftOff__Replace,pc1,200,PO9,P7,Occipital,Parietal,18,27,0.6666666666666666,11,12,5.152694495849263e-12,1.7914040677158183e-09,10 15,3 4 5,5.0 10.0 15.0
LiftOff__Replace,pc3,200,FC6,F4,Frontocentral,Frontocentral,18,27,0.6666666666666666,11,12,5.152694495849263e-12,1.7914040677158183e-09,10 15,3 4 5,5.0 10.0 15.0
Replace__BothReleased,pc2,150,Oz,O1,Occipital,Occipital,18,27,0.6666666666666666,11,12,5.152694495849263e-12,1.7914040677158183e-09,10 15,3 4 5,5.0 10.0 15.0
LiftOff__Replace,pc1,150,PO9,P7,Occipital,Parietal,18,27,0.6666666666666666,10,12,6.3590934537905775e-12,2.3421611532773215e-09,10 15,3 4 5,5.0 10.0 15.0
BothStartLoadPhase__LiftOff,pc2,50,Oz,PO10,Occipital,Occipital,18,27,0.6666666666666666,10,12,3.4930855940150567e-10,8.961571317059318e-08,10 15,3 4 5,5.0 10.0 15.0
BothStartLoadPhase__LiftOff,pc3,200,FC5,F3,Frontocentral,Frontocentral,18,27,0.6666666666666666,10,12,3.4930855940150567e-10,8.961571317059318e-08,10 15,3 4 5,5.0 10.0 15.0
FirstDigitTouch__BothStartLoadPhase,pc3,200,FC5,FC1,Frontocentral,Frontocentral,18,27,0.6666666666666666,10,12,3.4930855940150567e-10,8.961571317059318e-08,10 15,3 4 5,5.0 10.0 15.0
HandStart__FirstDigitTouch,pc2,150,Oz,PO10,Occipital,Occipital,18,27,0.6666666666666666,10,12,3.4930855940150567e-10,8.961571317059318e-08,10 15,3 4 5,5.0 10.0 15.0
HandStart__FirstDigitTouch,pc3,200,Oz,FC5,Occipital,Frontocentral,18,27,0.6666666666666666,10,12,3.4930855940150567e-10,8.961571317059318e-08,5 10 15,3 4 5,5.0 10.0 15.0
LiftOff__Replace,pc2,100,Oz,PO9,Occipital,Occipital,18,27,0.6666666666666666,10,12,3.4930855940150567e-10,8.961571317059318e-08,10 15,3 4 5,5.0 10.0 15.0
LiftOff__Replace,pc2,150,O1,O2,Occipital,Occipital,18,27,0.6666666666666666,10,12,3.4930855940150567e-10,8.961571317059318e-08,10 15,3 4 5,5.0 10.0 15.0
LiftOff__Replace,pc3,150,Oz,FC5,Occipital,Frontocentral,18,27,0.6666666666666666,10,12,3.4930855940150567e-10,8.961571317059318e-08,10 15,3 4 5,5.0 10.0 15.0
Replace__BothReleased,pc2,200,Oz,PO10,Occipital,Occipital,18,27,0.6666666666666666,10,12,3.4930855940150567e-10,8.961571317059318e-08,10 15,3 4 5,5.0 10.0 15.0
BothStartLoadPhase__LiftOff,pc3,200,C4,FC2,Frontocentral,Frontocentral,18,27,0.6666666666666666,9,12,4.0187628235108975e-10,1.1282866191290972e-07,10 15,3 4 5,5.0 10.0 15.0
FirstDigitTouch__BothStartLoadPhase,pc2,150,O2,P8,Occipital,Parietal,18,27,0.6666666666666666,9,12,4.0187628235108975e-10,1.1282866191290972e-07,10 15,3 4 5,5.0 10.0 15.0
HandStart__FirstDigitTouch,pc2,150,Oz,PO9,Occipital,Occipital,18,27,0.6666666666666666,9,12,4.0187628235108975e-10,1.1282866191290972e-07,10 15,3 4 5,5.0 10.0 15.0
HandStart__FirstDigitTouch,pc2,200,Oz,PO10,Occipital,Occipital,18,27,0.6666666666666666,9,12,4.0187628235108975e-10,1.1282866191290972e-07,10 15,3 4 5,5.0 10.0 15.0
LiftOff__Replace,pc1,50,PO10,Fz,Occipital,Frontal,18,27,0.6666666666666666,9,12,4.0187628235108975e-10,1.1282866191290972e-07,10 15,3 4 5,5.0 10.0 15.0
BothStartLoadPhase__LiftOff,pc1,50,PO9,P7,Occipital,Parietal,18,27,0.6666666666666666,9,12,1.4375572031334258e-08,2.778032621120179e-06,10 15,3 4 5,5.0 10.0 15.0
HandStart__FirstDigitTouch,pc1,50,PO9,P7,Occipital,Parietal,18,27,0.6666666666666666,9,12,1.4375572031334258e-08,2.778032621120179e-06,10 15,3 4 5,5.0 10.0 15.0
HandStart__FirstDigitTouch,pc2,200,Oz,PO9,Occipital,Occipital,18,27,0.6666666666666666,9,12,1.4375572031334258e-08,2.778032621120179e-06,10 15,3 4 5,5.0 10.0 15.0
LiftOff__Replace,pc1,100,P7,CP5,Parietal,Parietal,18,27,0.6666666666666666,9,12,1.4375572031334258e-08,2.778032621120179e-06,10 15,3 4 5,5.0 10.0 15.0
LiftOff__Replace,pc2,50,Oz,PO9,Occipital,Occipital,18,27,0.6666666666666666,9,12,1.4375572031334258e-08,2.778032621120179e-06,10 15,3 4 5,5.0 10.0 15.0
LiftOff__Replace,pc2,100,Oz,PO10,Occipital,Occipital,18,27,0.6666666666666666,9,12,1.4375572031334258e-08,2.778032621120179e-06,10 15,3 4 5,5.0 10.0 15.0
Replace__BothReleased,pc1,200,PO10,P8,Occipital,Parietal,18,27,0.6666666666666666,9,12,1.4375572031334258e-08,2.778032621120179e-06,10 15,3 4 5,5.0 10.0 15.0
BothStartLoadPhase__LiftOff,pc3,50,P8,PO10,Parietal,Occipital,18,27,0.6666666666666666,8,12,2.0768421372728914e-07,5.6807740813640846e-05,5 10 15,3 4 5,5.0 10.0 15.0
BothStartLoadPhase__LiftOff,pc3,200,P7,O1,Parietal,Occipital,18,27,0.6666666666666666,8,12,4.0023808014420435e-07,6.282217966820423e-05,5 10 15,3 4 5,5.0 10.0
HandStart__FirstDigitTouch,pc3,50,Oz,FC5,Occipital,Frontocentral,18,27,0.6666666666666666,8,12,4.0023808014420435e-07,6.282217966820423e-05,5 10 15,3 4 5,5.0 10.0
HandStart__FirstDigitTouch,pc3,150,Oz,FC5,Occipital,Frontocentral,18,27,0.6666666666666666,8,12,4.0023808014420435e-07,6.282217966820423e-05,5 10 15,3 4 5,5.0 10.0
LiftOff__Replace,pc1,0,PO10,O2,Occipital,Occipital,18,27,0.6666666666666666,8,12,4.0023808014420435e-07,6.282217966820423e-05,5 10 15,3 4 5,5.0 10.0
LiftOff__Replace,pc2,0,O2,PO10,Occipital,Occipital,18,27,0.6666666666666666,8,12,4.0023808014420435e-07,6.282217966820423e-05,5 10 15,3 4 5,5.0 10.0
BothStartLoadPhase__LiftOff,pc1,0,PO9,Oz,Occipital,Occipital,18,27,0.6666666666666666,7,12,2.0768421372728914e-07,5.6807740813640846e-05,5 10 15,3 4 5,5.0 10.0 15.0
BothStartLoadPhase__LiftOff,pc3,100,O2,TP9,Occipital,Temporal,18,27,0.6666666666666666,7,12,2.0768421372728914e-07,5.6807740813640846e-05,5 10 15,3 4 5,5.0 10.0 15.0
BothStartLoadPhase__LiftOff,pc3,100,Oz,FC5,Occipital,Frontocentral,18,27,0.6666666666666666,7,12,2.0768421372728914e-07,5.6807740813640846e-05,5 10 15,3 4 5,5.0 10.0 15.0
FirstDigitTouch__BothStartLoadPhase,pc1,0,PO9,Oz,Occipital,Occipital,18,27,0.6666666666666666,7,12,2.0768421372728914e-07,5.6807740813640846e-05,5 10 15,3 4 5,5.0 10.0 15.0
LiftOff__Replace,pc1,0,PO9,P7,Occipital,Parietal,18,27,0.6666666666666666,7,12,2.0768421372728914e-07,5.6807740813640846e-05,5 10 15,3 4 5,5.0 10.0 15.0
Replace__BothReleased,pc1,50,PO9,Oz,Occipital,Occipital,18,27,0.6666666666666666,7,12,2.0768421372728914e-07,5.6807740813640846e-05,5 10 15,3 4 5,5.0 10.0 15.0
BothStartLoadPhase__LiftOff,pc3,200,CP6,P8,Parietal,Parietal,17,27,0.6296296296296297,11,12,5.152694495849263e-12,1.7914040677158183e-09,5 10 15,3 4 5,5.0 10.0 15.0
Replace__BothReleased,pc2,100,O1,PO9,Occipital,Occipital,17,27,0.6296296296296297,11,12,5.152694495849263e-12,1.7914040677158183e-09,5 10 15,3 4 5,5.0 10.0 15.0
BothStartLoadPhase__LiftOff,pc3,150,C4,FC2,Frontocentral,Frontocentral,17,27,0.6296296296296297,9,12,1.4375572031334258e-08,2.778032621120179e-06,5 10 15,3 4 5,5.0 10.0 15.0
FirstDigitTouch__BothStartLoadPhase,pc3,50,O2,C3,Occipital,Frontocentral,17,27,0.6296296296296297,9,12,1.4375572031334258e-08,2.778032621120179e-06,5 10 15,3 4 5,5.0 10.0 15.0
HandStart__FirstDigitTouch,pc3,50,P4,P8,Parietal,Parietal,17,27,0.6296296296296297,9,12,1.4375572031334258e-08,2.778032621120179e-06,5 10 15,3 4 5,5.0 10.0 15.0
LiftOff__Replace,pc1,0,PO10,P8,Occipital,Parietal,17,27,0.6296296296296297,9,12,1.4375572031334258e-08,2.778032621120179e-06,5 10 15,3 4 5,5.0 10.0 15.0
LiftOff__Replace,pc2,0,O2,Oz,Occipital,Occipital,17,27,0.6296296296296297,9,12,1.4375572031334258e-08,2.778032621120179e-06,5 10 15,3 4 5,5.0 10.0 15.0
LiftOff__Replace,pc3,50,P4,P8,Parietal,Parietal,17,27,0.6296296296296297,9,12,1.4375572031334258e-08,2.778032621120179e-06,5 10 15,3 4 5,5.0 10.0 15.0
Replace__BothReleased,pc3,150,P4,P8,Parietal,Parietal,17,27,0.6296296296296297,8,12,1.7167849919707603e-08,3.8941708354458715e-06,5 10 15,3 4 5,5.0 10.0 15.0
HandStart__FirstDigitTouch,pc1,200,PO10,Fz,Occipital,Frontal,15,27,0.5555555555555556,11,12,5.152694495849263e-12,1.7914040677158183e-09,10 15,3 4 5,5.0 10.0 15.0
LiftOff__Replace,pc3,200,C4,FC2,Frontocentral,Frontocentral,15,27,0.5555555555555556,11,12,5.152694495849263e-12,1.7914040677158183e-09,10 15,3 4 5,5.0 10.0 15.0
BothStartLoadPhase__LiftOff,pc3,50,O1,FC1,Occipital,Frontocentral,15,27,0.5555555555555556,10,12,3.4930855940150567e-10,8.961571317059318e-08,10 15,3 4 5,5.0 10.0 15.0
BothStartLoadPhase__LiftOff,pc3,100,CP6,P8,Parietal,Parietal,15,27,0.5555555555555556,10,12,3.4930855940150567e-10,8.961571317059318e-08,10 15,3 4 5,5.0 10.0 15.0
BothStartLoadPhase__LiftOff,pc3,200,P4,CP6,Parietal,Parietal,15,27,0.5555555555555556,10,12,3.4930855940150567e-10,8.961571317059318e-08,10 15,3 4 5,5.0 10.0 15.0
FirstDigitTouch__BothStartLoadPhase,pc1,50,PO9,P7,Occipital,Parietal,15,27,0.5555555555555556,10,12,3.4930855940150567e-10,8.961571317059318e-08,10 15,3 4 5,5.0 10.0 15.0
FirstDigitTouch__BothStartLoadPhase,pc3,50,O2,Cz,Occipital,Frontocentral,15,27,0.5555555555555556,10,12,3.4930855940150567e-10,8.961571317059318e-08,10 15,3 4 5,5.0 10.0 15.0
FirstDigitTouch__BothStartLoadPhase,pc3,200,FC5,F3,Frontocentral,Frontocentral,15,27,0.5555555555555556,10,12,3.4930855940150567e-10,8.961571317059318e-08,10 15,3 4 5,5.0 10.0 15.0
HandStart__FirstDigitTouch,pc3,150,CP6,P8,Parietal,Parietal,15,27,0.5555555555555556,10,12,3.4930855940150567e-10,8.961571317059318e-08,10 15,3 4 5,5.0 10.0 15.0
Replace__BothReleased,pc2,200,O1,O2,Occipital,Occipital,15,27,0.5555555555555556,10,12,3.4930855940150567e-10,8.961571317059318e-08,10 15,3 4 5,5.0 10.0 15.0
BothStartLoadPhase__LiftOff,pc2,150,O2,P8,Occipital,Parietal,15,27,0.5555555555555556,9,12,1.4375572031334258e-08,2.778032621120179e-06,10 15,3 4 5,5.0 10.0 15.0
FirstDigitTouch__BothStartLoadPhase,pc3,100,CP6,P8,Parietal,Parietal,15,27,0.5555555555555556,9,12,1.4375572031334258e-08,2.778032621120179e-06,10 15,3 4 5,5.0 10.0 15.0
LiftOff__Replace,pc1,50,PO9,Fz,Occipital,Frontal,15,27,0.5555555555555556,9,12,1.4375572031334258e-08,2.778032621120179e-06,10 15,3 4 5,5.0 10.0 15.0
LiftOff__Replace,pc2,100,P7,P3,Parietal,Parietal,15,27,0.5555555555555556,9,12,1.4375572031334258e-08,2.778032621120179e-06,10 15,3 4 5,5.0 10.0 15.0
LiftOff__Replace,pc3,50,O2,C3,Occipital,Frontocentral,15,27,0.5555555555555556,9,12,1.4375572031334258e-08,2.778032621120179e-06,10 15,3 4 5,5.0 10.0 15.0
LiftOff__Replace,pc3,150,FC6,F4,Frontocentral,Frontocentral,15,27,0.5555555555555556,9,12,1.4375572031334258e-08,2.778032621120179e-06,10 15,3 4 5,5.0 10.0 15.0
BothStartLoadPhase__LiftOff,pc2,150,Oz,PO10,Occipital,Occipital,15,27,0.5555555555555556,8,12,1.7167849919707603e-08,3.8941708354458715e-06,10 15,3 4 5,5.0 10.0 15.0
BothStartLoadPhase__LiftOff,pc3,150,FC5,F3,Frontocentral,Frontocentral,15,27,0.5555555555555556,8,12,1.7167849919707603e-08,3.8941708354458715e-06,10 15,3 4 5,5.0 10.0 15.0
HandStart__FirstDigitTouch,pc1,50,PO10,Fz,Occipital,Frontal,15,27,0.5555555555555556,8,12,1.7167849919707603e-08,3.8941708354458715e-06,10 15,3 4 5,5.0 10.0 15.0
LiftOff__Replace,pc3,0,CP6,C4,Parietal,Frontocentral,15,27,0.5555555555555556,8,12,4.0023808014420435e-07,6.282217966820423e-05,5 10 15,3 4 5,5.0 10.0
Replace__BothReleased,pc1,0,PO9,Oz,Occipital,Occipital,15,27,0.5555555555555556,8,12,4.0023808014420435e-07,6.282217966820423e-05,5 10 15,3 4 5,5.0 10.0
Replace__BothReleased,pc2,0,O1,PO9,Occipital,Occipital,15,27,0.5555555555555556,8,12,4.0023808014420435e-07,6.282217966820423e-05,5 10 15,3 4 5,5.0 10.0
Replace__BothReleased,pc1,150,Fp2,Fp1,Frontal,Frontal,15,27,0.5555555555555556,7,12,2.0768421372728914e-07,5.6807740813640846e-05,5 10 15,3 4 5,5.0 10.0 15.0
BothStartLoadPhase__LiftOff,pc3,50,C4,CP2,Frontocentral,Parietal,15,27,0.5555555555555556,7,12,5.225613592441823e-07,9.552473004365398e-05,5 10 15,3 4 5,5.0 10.0
BothStartLoadPhase__LiftOff,pc3,150,Oz,FC5,Occipital,Frontocentral,15,27,0.5555555555555556,7,12,5.225613592441823e-07,9.552473004365398e-05,5 10 15,3 4 5,5.0 10.0
BothStartLoadPhase__LiftOff,pc3,150,P7,O1,Parietal,Occipital,15,27,0.5555555555555556,7,12,5.225613592441823e-07,9.552473004365398e-05,5 10 15,3 4 5,5.0 10.0
FirstDigitTouch__BothStartLoadPhase,pc1,0,PO9,P7,Occipital,Parietal,15,27,0.5555555555555556,7,12,5.225613592441823e-07,9.552473004365398e-05,5 10 15,3 4 5,5.0 10.0
FirstDigitTouch__BothStartLoadPhase,pc3,100,O2,TP9,Occipital,Temporal,15,27,0.5555555555555556,7,12,5.225613592441823e-07,9.552473004365398e-05,5 10 15,3 4 5,5.0 10.0
FirstDigitTouch__BothStartLoadPhase,pc3,150,P7,O1,Parietal,Occipital,15,27,0.5555555555555556,7,12,5.225613592441823e-07,9.552473004365398e-05,5 10 15,3 4 5,5.0 10.0
HandStart__FirstDigitTouch,pc1,0,PO9,Oz,Occipital,Occipital,15,27,0.5555555555555556,7,12,5.225613592441823e-07,9.552473004365398e-05,5 10 15,3 4 5,5.0 10.0
HandStart__FirstDigitTouch,pc1,0,PO9,P7,Occipital,Parietal,15,27,0.5555555555555556,7,12,5.225613592441823e-07,9.552473004365398e-05,5 10 15,3 4 5,5.0 10.0
HandStart__FirstDigitTouch,pc3,50,C4,FC2,Frontocentral,Frontocentral,15,27,0.5555555555555556,7,12,5.225613592441823e-07,9.552473004365398e-05,5 10 15,3 4 5,5.0 10.0
Replace__BothReleased,pc1,0,PO10,Oz,Occipital,Occipital,15,27,0.5555555555555556,7,12,5.225613592441823e-07,9.552473004365398e-05,5 10 15,3 4 5,5.0 10.0
Replace__BothReleased,pc1,50,PO10,Oz,Occipital,Occipital,15,27,0.5555555555555556,7,12,5.225613592441823e-07,9.552473004365398e-05,5 10 15,3 4 5,5.0 10.0
BothStartLoadPhase__LiftOff,pc3,50,O2,C3,Occipital,Frontocentral,14,27,0.5185185185185185,9,12,1.4375572031334258e-08,2.778032621120179e-06,5 10 15,3 4 5,5.0 10.0 15.0
FirstDigitTouch__BothStartLoadPhase,pc3,200,CP6,P8,Parietal,Parietal,14,27,0.5185185185185185,9,12,1.4375572031334258e-08,2.778032621120179e-06,5 10 15,3 4 5,5.0 10.0 15.0
HandStart__FirstDigitTouch,pc2,0,Oz,O1,Occipital,Occipital,14,27,0.5185185185185185,9,12,1.4375572031334258e-08,2.778032621120179e-06,5 10 15,3 4 5,5.0 10.0 15.0
BothStartLoadPhase__LiftOff,pc1,50,PO10,Fz,Occipital,Frontal,14,27,0.5185185185185185,8,12,4.0023808014420435e-07,6.282217966820423e-05,5 10 15,3 4 5,5.0 10.0
FirstDigitTouch__BothStartLoadPhase,pc1,50,PO10,Fz,Occipital,Frontal,14,27,0.5185185185185185,8,12,4.0023808014420435e-07,6.282217966820423e-05,5 10 15,3 4 5,5.0 10.0
FirstDigitTouch__BothStartLoadPhase,pc3,100,P4,CP6,Parietal,Parietal,14,27,0.5185185185185185,8,12,4.0023808014420435e-07,6.282217966820423e-05,5 10 15,3 4 5,5.0 10.0
Replace__BothReleased,pc3,0,P8,PO10,Parietal,Occipital,14,27,0.5185185185185185,8,12,4.0023808014420435e-07,6.282217966820423e-05,5 10 15,3 4 5,5.0 10.0
HandStart__FirstDigitTouch,pc1,50,PO10,FC2,Occipital,Frontocentral,12,27,0.4444444444444444,11,12,5.152694495849263e-12,1.7914040677158183e-09,10 15,3 4 5,5.0 10.0 15.0
LiftOff__Replace,pc2,200,O1,O2,Occipital,Occipital,12,27,0.4444444444444444,11,12,5.152694495849263e-12,1.7914040677158183e-09,10 15,3 4 5,5.0 10.0 15.0
FirstDigitTouch__BothStartLoadPhase,pc3,50,O1,FC1,Occipital,Frontocentral,12,27,0.4444444444444444,10,12,3.4930855940150567e-10,8.961571317059318e-08,10 15,3 4 5,5.0 10.0 15.0
FirstDigitTouch__BothStartLoadPhase,pc3,200,C4,FC2,Frontocentral,Frontocentral,12,27,0.4444444444444444,10,12,3.4930855940150567e-10,8.961571317059318e-08,10 15,3 4 5,5.0 10.0 15.0
HandStart__FirstDigitTouch,pc1,150,PO9,P7,Occipital,Parietal,12,27,0.4444444444444444,10,12,3.4930855940150567e-10,8.961571317059318e-08,10 15,3 4 5,5.0 10.0 15.0
LiftOff__Replace,pc2,200,O2,O1,Occipital,Occipital,12,27,0.4444444444444444,10,12,3.4930855940150567e-10,8.961571317059318e-08,10 15,3 4 5,5.0 10.0 15.0
Replace__BothReleased,pc2,150,Oz,PO10,Occipital,Occipital,12,27,0.4444444444444444,10,12,3.4930855940150567e-10,8.961571317059318e-08,10 15,3 4 5,5.0 10.0 15.0
Replace__BothReleased,pc2,200,Oz,PO9,Occipital,Occipital,12,27,0.4444444444444444,10,12,3.4930855940150567e-10,8.961571317059318e-08,10 15,3 4 5,5.0 10.0 15.0
BothStartLoadPhase__LiftOff,pc1,150,PO10,Fz,Occipital,Frontal,12,27,0.4444444444444444,9,12,1.4375572031334258e-08,2.778032621120179e-06,10 15,3 4 5,5.0 10.0 15.0
BothStartLoadPhase__LiftOff,pc1,200,PO10,Fz,Occipital,Frontal,12,27,0.4444444444444444,9,12,1.4375572031334258e-08,2.778032621120179e-06,10 15,3 4 5,5.0 10.0 15.0
BothStartLoadPhase__LiftOff,pc2,100,P8,CP6,Parietal,Parietal,12,27,0.4444444444444444,9,12,1.4375572031334258e-08,2.778032621120179e-06,10 15,3 4 5,5.0 10.0 15.0
BothStartLoadPhase__LiftOff,pc2,150,Oz,PO9,Occipital,Occipital,12,27,0.4444444444444444,9,12,1.4375572031334258e-08,2.778032621120179e-06,10 15,3 4 5,5.0 10.0 15.0
BothStartLoadPhase__LiftOff,pc3,200,C4,CP2,Frontocentral,Parietal,12,27,0.4444444444444444,9,12,1.4375572031334258e-08,2.778032621120179e-06,10 15,3 4 5,5.0 10.0 15.0
BothStartLoadPhase__LiftOff,pc3,200,FC5,FC1,Frontocentral,Frontocentral,12,27,0.4444444444444444,9,12,1.4375572031334258e-08,2.778032621120179e-06,10 15,3 4 5,5.0 10.0 15.0
FirstDigitTouch__BothStartLoadPhase,pc1,50,PO10,FC1,Occipital,Frontocentral,12,27,0.4444444444444444,9,12,1.4375572031334258e-08,2.778032621120179e-06,10 15,3 4 5,5.0 10.0 15.0
FirstDigitTouch__BothStartLoadPhase,pc2,50,Oz,PO10,Occipital,Occipital,12,27,0.4444444444444444,9,12,1.4375572031334258e-08,2.778032621120179e-06,10 15,3 4 5,5.0 10.0 15.0
FirstDigitTouch__BothStartLoadPhase,pc2,100,P8,CP6,Parietal,Parietal,12,27,0.4444444444444444,9,12,1.4375572031334258e-08,2.778032621120179e-06,10 15,3 4 5,5.0 10.0 15.0
FirstDigitTouch__BothStartLoadPhase,pc3,200,P4,CP6,Parietal,Parietal,12,27,0.4444444444444444,9,12,1.4375572031334258e-08,2.778032621120179e-06,10 15,3 4 5,5.0 10.0 15.0
HandStart__FirstDigitTouch,pc2,150,O1,O2,Occipital,Occipital,12,27,0.4444444444444444,9,12,1.4375572031334258e-08,2.778032621120179e-06,10 15,3 4 5,5.0 10.0 15.0
HandStart__FirstDigitTouch,pc2,150,O2,O1,Occipital,Occipital,12,27,0.4444444444444444,9,12,1.4375572031334258e-08,2.778032621120179e-06,10 15,3 4 5,5.0 10.0 15.0
HandStart__FirstDigitTouch,pc3,50,O2,C3,Occipital,Frontocentral,12,27,0.4444444444444444,9,12,1.4375572031334258e-08,2.778032621120179e-06,10 15,3 4 5,5.0 10.0 15.0
LiftOff__Replace,pc1,100,PO10,P8,Occipital,Parietal,12,27,0.4444444444444444,9,12,1.4375572031334258e-08,2.778032621120179e-06,10 15,3 4 5,5.0 10.0 15.0
LiftOff__Replace,pc1,200,PO10,FC1,Occipital,Frontocentral,12,27,0.4444444444444444,9,12,1.4375572031334258e-08,2.778032621120179e-06,10 15,3 4 5,5.0 10.0 15.0
LiftOff__Replace,pc1,200,PO10,Fz,Occipital,Frontal,12,27,0.4444444444444444,9,12,1.4375572031334258e-08,2.778032621120179e-06,10 15,3 4 5,5.0 10.0 15.0
LiftOff__Replace,pc2,150,O2,O1,Occipital,Occipital,12,27,0.4444444444444444,9,12,1.4375572031334258e-08,2.778032621120179e-06,10 15,3 4 5,5.0 10.0 15.0
LiftOff__Replace,pc3,150,P4,CP6,Parietal,Parietal,12,27,0.4444444444444444,9,12,1.4375572031334258e-08,2.778032621120179e-06,10 15,3 4 5,5.0 10.0 15.0
Replace__BothReleased,pc2,150,Oz,PO9,Occipital,Occipital,12,27,0.4444444444444444,9,12,1.4375572031334258e-08,2.778032621120179e-06,10 15,3 4 5,5.0 10.0 15.0
BothStartLoadPhase__LiftOff,pc1,200,PO9,P7,Occipital,Parietal,12,27,0.4444444444444444,8,12,4.0023808014420435e-07,6.282217966820423e-05,10 15,3 4 5,5.0 10.0
BothStartLoadPhase__LiftOff,pc2,200,Oz,PO10,Occipital,Occipital,12,27,0.4444444444444444,8,12,4.0023808014420435e-07,6.282217966820423e-05,10 15,3 4 5,5.0 10.0
FirstDigitTouch__BothStartLoadPhase,pc1,200,PO10,FC1,Occipital,Frontocentral,12,27,0.4444444444444444,8,12,4.0023808014420435e-07,6.282217966820423e-05,10 15,3 4 5,5.0 10.0
FirstDigitTouch__BothStartLoadPhase,pc3,200,O2,C3,Occipital,Frontocentral,12,27,0.4444444444444444,8,12,4.0023808014420435e-07,6.282217966820423e-05,10 15,3 4 5,5.0 10.0
HandStart__FirstDigitTouch,pc3,150,O1,FC1,Occipital,Frontocentral,12,27,0.4444444444444444,8,12,4.0023808014420435e-07,6.282217966820423e-05,10 15,3 4 5,5.0 10.0
HandStart__FirstDigitTouch,pc3,150,P3,P7,Parietal,Parietal,12,27,0.4444444444444444,8,12,4.0023808014420435e-07,6.282217966820423e-05,10 15,3 4 5,5.0 10.0
LiftOff__Replace,pc3,150,O1,FC1,Occipital,Frontocentral,12,27,0.4444444444444444,8,12,4.0023808014420435e-07,6.282217966820423e-05,10 15,3 4 5,5.0 10.0
BothStartLoadPhase__LiftOff,pc1,0,PO9,P7,Occipital,Parietal,12,27,0.4444444444444444,7,12,6.941643366319013e-06,0.0009431994980713017,5 10 15,3 4 5,5.0 10.0
FirstDigitTouch__BothStartLoadPhase,pc1,0,PO10,Oz,Occipital,Occipital,12,27,0.4444444444444444,7,12,6.941643366319013e-06,0.0009431994980713017,5 10 15,3 4 5,5.0 10.0
FirstDigitTouch__BothStartLoadPhase,pc3,50,C4,CP2,Frontocentral,Parietal,12,27,0.4444444444444444,7,12,6.941643366319013e-06,0.0009431994980713017,5 10 15,3 4 5,5.0 10.0
FirstDigitTouch__BothStartLoadPhase,pc3,100,P4,P8,Parietal,Parietal,12,27,0.4444444444444444,7,12,6.941643366319013e-06,0.0009431994980713017,5 10 15,3 4 5,5.0 10.0
LiftOff__Replace,pc2,0,P7,CP5,Parietal,Parietal,12,27,0.4444444444444444,7,12,6.941643366319013e-06,0.0009431994980713017,5 10 15,3 4 5,5.0 10.0
BothStartLoadPhase__LiftOff,pc3,0,P7,O1,Parietal,Occipital,12,27,0.4444444444444444,6,12,6.941643366319013e-06,0.0015650250498610138,5 10 15,3 4 5,5.0 10.0
BothStartLoadPhase__LiftOff,pc3,100,P7,O1,Parietal,Occipital,12,27,0.4444444444444444,6,12,6.941643366319013e-06,0.0015650250498610138,5 10 15,3 4 5,5.0 10.0
FirstDigitTouch__BothStartLoadPhase,pc3,0,P7,O1,Parietal,Occipital,12,27,0.4444444444444444,6,12,6.941643366319013e-06,0.0015650250498610138,5 10 15,3 4 5,5.0 10.0
FirstDigitTouch__BothStartLoadPhase,pc3,50,P8,PO10,Parietal,Occipital,12,27,0.4444444444444444,6,12,6.941643366319013e-06,0.0015650250498610138,5 10 15,3 4 5,5.0 10.0
Replace__BothReleased,pc1,200,Fp1,Fp2,Frontal,Frontal,12,27,0.4444444444444444,6,12,6.941643366319013e-06,0.0015650250498610138,5 10 15,3 4 5,5.0 10.0
Replace__BothReleased,pc3,0,P7,O1,Parietal,Occipital,12,27,0.4444444444444444,6,12,6.941643366319013e-06,0.0015650250498610138,5 10 15,3 4 5,5.0 10.0
BothStartLoadPhase__LiftOff,pc3,100,P4,CP6,Parietal,Parietal,11,27,0.4074074074074074,9,12,1.4375572031334258e-08,2.778032621120179e-06,5 15,3 4 5,5.0 10.0 15.0
HandStart__FirstDigitTouch,pc3,100,P4,P8,Parietal,Parietal,11,27,0.4074074074074074,8,12,4.0023808014420435e-07,6.282217966820423e-05,5 10 15,3 4 5,5.0 10.0
HandStart__FirstDigitTouch,pc3,200,CP6,C4,Parietal,Frontocentral,11,27,0.4074074074074074,8,12,4.0023808014420435e-07,6.282217966820423e-05,5 10 15,3 4 5,5.0 10.0
LiftOff__Replace,pc3,100,C4,CP2,Frontocentral,Parietal,11,27,0.4074074074074074,8,12,4.0023808014420435e-07,6.282217966820423e-05,5 10 15,3 4 5,5.0 10.0
Replace__BothReleased,pc3,50,C4,FC2,Frontocentral,Frontocentral,11,27,0.4074074074074074,8,12,4.0023808014420435e-07,6.282217966820423e-05,5 10 15,3 4 5,5.0 10.0
Replace__BothReleased,pc3,150,O1,FC1,Occipital,Frontocentral,11,27,0.4074074074074074,8,12,4.0023808014420435e-07,6.282217966820423e-05,5 10 15,3 4 5,5.0 10.0
BothStartLoadPhase__LiftOff,pc3,150,O2,C3,Occipital,Frontocentral,11,27,0.4074074074074074,7,12,5.225613592441823e-07,9.552473004365398e-05,5 10 15,3 4 5,5.0 10.0
FirstDigitTouch__BothStartLoadPhase,pc3,150,O2,C3,Occipital,Frontocentral,11,27,0.4074074074074074,7,12,5.225613592441823e-07,9.552473004365398e-05,5 10 15,3 4 5,5.0 10.0
LiftOff__Replace,pc3,100,CP6,C4,Parietal,Frontocentral,11,27,0.4074074074074074,7,12,5.225613592441823e-07,9.552473004365398e-05,5 10 15,3 4 5,5.0 10.0
LiftOff__Replace,pc3,200,CP6,P8,Parietal,Parietal,11,27,0.4074074074074074,7,12,5.225613592441823e-07,9.552473004365398e-05,5 10 15,3 4 5,5.0 10.0
Replace__BothReleased,pc1,150,Fp1,Fp2,Frontal,Frontal,11,27,0.4074074074074074,7,12,5.225613592441823e-07,9.552473004365398e-05,5 10 15,3 4 5,5.0 10.0
HandStart__FirstDigitTouch,pc2,200,O2,O1,Occipital,Occipital,9,27,0.3333333333333333,11,12,5.152694495849263e-12,1.7914040677158183e-09,15,3 4 5,5.0 10.0 15.0
FirstDigitTouch__BothStartLoadPhase,pc1,50,PO10,FC2,Occipital,Frontocentral,9,27,0.3333333333333333,10,12,3.4930855940150567e-10,8.961571317059318e-08,15,3 4 5,5.0 10.0 15.0
LiftOff__Replace,pc2,50,Oz,Fz,Occipital,Frontal,9,27,0.3333333333333333,10,12,3.4930855940150567e-10,8.961571317059318e-08,15,3 4 5,5.0 10.0 15.0
HandStart__FirstDigitTouch,pc2,50,O2,O1,Occipital,Occipital,9,27,0.3333333333333333,9,12,1.4375572031334258e-08,2.778032621120179e-06,15,3 4 5,5.0 10.0 15.0
LiftOff__Replace,pc1,200,PO10,F3,Occipital,Frontocentral,9,27,0.3333333333333333,9,12,1.4375572031334258e-08,2.778032621120179e-06,15,3 4 5,5.0 10.0 15.0
LiftOff__Replace,pc2,150,O2,P8,Occipital,Parietal,9,27,0.3333333333333333,9,12,1.4375572031334258e-08,2.778032621120179e-06,15,3 4 5,5.0 10.0 15.0
LiftOff__Replace,pc2,200,O1,P7,Occipital,Parietal,9,27,0.3333333333333333,9,12,1.4375572031334258e-08,2.778032621120179e-06,15,3 4 5,5.0 10.0 15.0
Replace__BothReleased,pc3,150,FC6,F4,Frontocentral,Frontocentral,9,27,0.3333333333333333,9,12,1.4375572031334258e-08,2.778032621120179e-06,15,3 4 5,5.0 10.0 15.0
BothStartLoadPhase__LiftOff,pc1,200,PO10,FC1,Occipital,Frontocentral,9,27,0.3333333333333333,8,12,4.0023808014420435e-07,6.282217966820423e-05,10 15,3 4 5,5.0 10.0
BothStartLoadPhase__LiftOff,pc2,200,O2,P8,Occipital,Parietal,9,27,0.3333333333333333,8,12,4.0023808014420435e-07,6.282217966820423e-05,10 15,3 4 5,5.0 10.0
BothStartLoadPhase__LiftOff,pc2,200,Oz,PO9,Occipital,Occipital,9,27,0.3333333333333333,8,12,4.0023808014420435e-07,6.282217966820423e-05,10 15,3 4 5,5.0 10.0
BothStartLoadPhase__LiftOff,pc3,200,O2,C3,Occipital,Frontocentral,9,27,0.3333333333333333,8,12,4.0023808014420435e-07,6.282217966820423e-05,10 15,3 4 5,5.0 10.0
FirstDigitTouch__BothStartLoadPhase,pc1,100,PO9,P7,Occipital,Parietal,9,27,0.3333333333333333,8,12,4.0023808014420435e-07,6.282217966820423e-05,10 15,3 4 5,5.0 10.0
FirstDigitTouch__BothStartLoadPhase,pc2,200,Oz,PO10,Occipital,Occipital,9,27,0.3333333333333333,8,12,4.0023808014420435e-07,6.282217966820423e-05,10 15,3 4 5,5.0 10.0
HandStart__FirstDigitTouch,pc1,50,PO10,FC1,Occipital,Frontocentral,9,27,0.3333333333333333,8,12,4.0023808014420435e-07,6.282217966820423e-05,10 15,3 4 5,5.0 10.0
HandStart__FirstDigitTouch,pc2,50,Oz,PO10,Occipital,Occipital,9,27,0.3333333333333333,8,12,4.0023808014420435e-07,6.282217966820423e-05,10 15,3 4 5,5.0 10.0
HandStart__FirstDigitTouch,pc2,100,O1,P3,Occipital,Parietal,9,27,0.3333333333333333,8,12,4.0023808014420435e-07,6.282217966820423e-05,10 15,3 4 5,5.0 10.0
HandStart__FirstDigitTouch,pc2,150,O2,P8,Occipital,Parietal,9,27,0.3333333333333333,8,12,4.0023808014420435e-07,6.282217966820423e-05,10 15,3 4 5,5.0 10.0
HandStart__FirstDigitTouch,pc3,150,O2,C3,Occipital,Frontocentral,9,27,0.3333333333333333,8,12,4.0023808014420435e-07,6.282217966820423e-05,10 15,3 4 5,5.0 10.0
HandStart__FirstDigitTouch,pc3,150,Oz,P8,Occipital,Parietal,9,27,0.3333333333333333,8,12,4.0023808014420435e-07,6.282217966820423e-05,10 15,3 4 5,5.0 10.0
HandStart__FirstDigitTouch,pc3,200,O2,C3,Occipital,Frontocentral,9,27,0.3333333333333333,8,12,4.0023808014420435e-07,6.282217966820423e-05,10 15,3 4 5,5.0 10.0
LiftOff__Replace,pc1,50,PO10,FC1,Occipital,Frontocentral,9,27,0.3333333333333333,8,12,4.0023808014420435e-07,6.282217966820423e-05,10 15,3 4 5,5.0 10.0
LiftOff__Replace,pc1,100,PO9,P7,Occipital,Parietal,9,27,0.3333333333333333,8,12,4.0023808014420435e-07,6.282217966820423e-05,10 15,3 4 5,5.0 10.0
LiftOff__Replace,pc2,50,O1,O2,Occipital,Occipital,9,27,0.3333333333333333,8,12,4.0023808014420435e-07,6.282217966820423e-05,10 15,3 4 5,5.0 10.0
LiftOff__Replace,pc2,50,O2,O1,Occipital,Occipital,9,27,0.3333333333333333,8,12,4.0023808014420435e-07,6.282217966820423e-05,10 15,3 4 5,5.0 10.0
LiftOff__Replace,pc2,100,P8,CP6,Parietal,Parietal,9,27,0.3333333333333333,8,12,4.0023808014420435e-07,6.282217966820423e-05,10 15,3 4 5,5.0 10.0
LiftOff__Replace,pc3,100,P3,P7,Parietal,Parietal,9,27,0.3333333333333333,8,12,4.0023808014420435e-07,6.282217966820423e-05,10 15,3 4 5,5.0 10.0
LiftOff__Replace,pc3,150,P3,P7,Parietal,Parietal,9,27,0.3333333333333333,8,12,4.0023808014420435e-07,6.282217966820423e-05,10 15,3 4 5,5.0 10.0
LiftOff__Replace,pc3,200,Oz,FC5,Occipital,Frontocentral,9,27,0.3333333333333333,8,12,4.0023808014420435e-07,6.282217966820423e-05,10 15,3 4 5,5.0 10.0
Replace__BothReleased,pc1,200,PO9,P7,Occipital,Parietal,9,27,0.3333333333333333,8,12,4.0023808014420435e-07,6.282217966820423e-05,10 15,3 4 5,5.0 10.0
Replace__BothReleased,pc2,50,Oz,O1,Occipital,Occipital,9,27,0.3333333333333333,8,12,4.0023808014420435e-07,6.282217966820423e-05,10 15,3 4 5,5.0 10.0
FirstDigitTouch__BothStartLoadPhase,pc2,150,Oz,PO10,Occipital,Occipital,9,27,0.3333333333333333,7,12,5.225613592441823e-07,9.552473004365398e-05,10 15,3 4 5,5.0 10.0
HandStart__FirstDigitTouch,pc3,0,Oz,FC5,Occipital,Frontocentral,9,27,0.3333333333333333,7,12,5.225613592441823e-07,9.552473004365398e-05,10 15,3 4 5,5.0 10.0
LiftOff__Replace,pc1,0,PO10,Oz,Occipital,Occipital,9,27,0.3333333333333333,7,12,5.225613592441823e-07,9.552473004365398e-05,10 15,3 4 5,5.0 10.0
BothStartLoadPhase__LiftOff,pc1,0,PO10,Oz,Occipital,Occipital,8,27,0.2962962962962963,7,12,7.948737705520244e-06,0.0009431994980713017,5 10 15,3 4 5,5.0
BothStartLoadPhase__LiftOff,pc3,100,C4,FC2,Frontocentral,Frontocentral,8,27,0.2962962962962963,7,12,7.948737705520244e-06,0.0009431994980713017,5 10 15,3 4 5,5.0
BothStartLoadPhase__LiftOff,pc3,100,P4,P8,Parietal,Parietal,8,27,0.2962962962962963,7,12,7.948737705520244e-06,0.0009431994980713017,5 10 15,3 4 5,5.0
FirstDigitTouch__BothStartLoadPhase,pc3,100,C4,FC2,Frontocentral,Frontocentral,8,27,0.2962962962962963,7,12,7.948737705520244e-06,0.0009431994980713017,5 10 15,3 4 5,5.0
FirstDigitTouch__BothStartLoadPhase,pc3,200,P7,O1,Parietal,Occipital,8,27,0.2962962962962963,7,12,7.948737705520244e-06,0.0009431994980713017,5 10 15,3 4 5,5.0
HandStart__FirstDigitTouch,pc1,0,PO10,Oz,Occipital,Occipital,8,27,0.2962962962962963,7,12,7.948737705520244e-06,0.0009431994980713017,5 10 15,3 4 5,5.0
HandStart__FirstDigitTouch,pc3,0,P4,P8,Parietal,Parietal,8,27,0.2962962962962963,7,12,7.948737705520244e-06,0.0009431994980713017,5 10 15,3 4 5,5.0
HandStart__FirstDigitTouch,pc3,100,Oz,FC5,Occipital,Frontocentral,8,27,0.2962962962962963,7,12,7.948737705520244e-06,0.0009431994980713017,5 10 15,3 4 5,5.0
HandStart__FirstDigitTouch,pc3,150,P8,PO10,Parietal,Occipital,8,27,0.2962962962962963,7,12,7.948737705520244e-06,0.0009431994980713017,5 10 15,3 4 5,5.0
LiftOff__Replace,pc3,50,FC6,F4,Frontocentral,Frontocentral,8,27,0.2962962962962963,7,12,7.948737705520244e-06,0.0009431994980713017,5 10 15,3 4 5,5.0
LiftOff__Replace,pc3,100,CP6,CP2,Parietal,Parietal,8,27,0.2962962962962963,7,12,7.948737705520244e-06,0.0009431994980713017,5 10 15,3 4 5,5.0
Replace__BothReleased,pc1,100,Fp1,Fp2,Frontal,Frontal,8,27,0.2962962962962963,7,12,7.948737705520244e-06,0.0009431994980713017,5 10 15,3 4 5,5.0
HandStart__FirstDigitTouch,pc3,0,P7,O1,Parietal,Occipital,8,27,0.2962962962962963,6,12,1.1631110694196138e-05,0.0017272547617728398,5 10 15,3 4 5,5.0
HandStart__FirstDigitTouch,pc3,50,C4,CP2,Frontocentral,Parietal,8,27,0.2962962962962963,6,12,1.1631110694196138e-05,0.0017272547617728398,5 10 15,3 4 5,5.0
HandStart__FirstDigitTouch,pc3,50,P8,PO10,Parietal,Occipital,8,27,0.2962962962962963,6,12,1.1631110694196138e-05,0.0017272547617728398,5 10 15,3 4 5,5.0
HandStart__FirstDigitTouch,pc3,150,P4,CP6,Parietal,Parietal,8,27,0.2962962962962963,6,12,1.1631110694196138e-05,0.0017272547617728398,5 10 15,3 4 5,5.0
Replace__BothReleased,pc1,0,PO9,P7,Occipital,Parietal,8,27,0.2962962962962963,6,12,1.1631110694196138e-05,0.0017272547617728398,5 10 15,3 4 5,5.0
Replace__BothReleased,pc1,50,Fp2,Fp1,Frontal,Frontal,8,27,0.2962962962962963,6,12,1.1631110694196138e-05,0.0017272547617728398,5 10 15,3 4 5,5.0
Replace__BothReleased,pc2,0,Oz,PO10,Occipital,Occipital,8,27,0.2962962962962963,6,12,1.1631110694196138e-05,0.0017272547617728398,5 10 15,3 4 5,5.0
Replace__BothReleased,pc3,0,CP6,P8,Parietal,Parietal,8,27,0.2962962962962963,6,12,1.1631110694196138e-05,0.0017272547617728398,5 10 15,3 4 5,5.0
FirstDigitTouch__BothStartLoadPhase,pc3,100,P8,P4,Parietal,Parietal,8,27,0.2962962962962963,6,12,0.00011562389125060647,0.01087536979651722,5 10 15,3 4 5,5.0
HandStart__FirstDigitTouch,pc3,50,P7,O1,Parietal,Occipital,8,27,0.2962962962962963,6,12,0.00011562389125060647,0.01087536979651722,5 10 15,3 4 5,5.0
HandStart__FirstDigitTouch,pc3,200,O1,FC1,Occipital,Frontocentral,8,27,0.2962962962962963,6,12,0.00011562389125060647,0.01087536979651722,5 10 15,3 4 5,5.0
LiftOff__Replace,pc3,50,CP6,P8,Parietal,Parietal,8,27,0.2962962962962963,6,12,0.00011562389125060647,0.01087536979651722,5 10 15,3 4 5,5.0
BothStartLoadPhase__LiftOff,pc1,50,PO10,FC2,Occipital,Frontocentral,6,27,0.2222222222222222,8,12,4.0023808014420435e-07,6.282217966820423e-05,15,3 4 5,5.0 10.0
BothStartLoadPhase__LiftOff,pc1,200,PO9,C4,Occipital,Frontocentral,6,27,0.2222222222222222,8,12,4.0023808014420435e-07,6.282217966820423e-05,15,3 4 5,5.0 10.0
BothStartLoadPhase__LiftOff,pc2,200,O2,O1,Occipital,Occipital,6,27,0.2222222222222222,8,12,4.0023808014420435e-07,6.282217966820423e-05,15,3 4 5,5.0 10.0
FirstDigitTouch__BothStartLoadPhase,pc1,150,PO10,Fz,Occipital,Frontal,6,27,0.2222222222222222,8,12,4.0023808014420435e-07,6.282217966820423e-05,15,3 4 5,5.0 10.0
FirstDigitTouch__BothStartLoadPhase,pc1,200,PO10,C3,Occipital,Frontocentral,6,27,0.2222222222222222,8,12,4.0023808014420435e-07,6.282217966820423e-05,15,3 4 5,5.0 10.0
FirstDigitTouch__BothStartLoadPhase,pc2,150,O2,O1,Occipital,Occipital,6,27,0.2222222222222222,8,12,4.0023808014420435e-07,6.282217966820423e-05,15,3 4 5,5.0 10.0
FirstDigitTouch__BothStartLoadPhase,pc2,150,Oz,PO9,Occipital,Occipital,6,27,0.2222222222222222,8,12,4.0023808014420435e-07,6.282217966820423e-05,15,3 4 5,5.0 10.0
HandStart__FirstDigitTouch,pc1,50,PO10,Cz,Occipital,Frontocentral,6,27,0.2222222222222222,8,12,4.0023808014420435e-07,6.282217966820423e-05,15,3 4 5,5.0 10.0
HandStart__FirstDigitTouch,pc1,50,PO9,FC2,Occipital,Frontocentral,6,27,0.2222222222222222,8,12,4.0023808014420435e-07,6.282217966820423e-05,15,3 4 5,5.0 10.0
HandStart__FirstDigitTouch,pc1,200,PO10,FC2,Occipital,Frontocentral,6,27,0.2222222222222222,8,12,4.0023808014420435e-07,6.282217966820423e-05,15,3 4 5,5.0 10.0
HandStart__FirstDigitTouch,pc2,0,O2,P8,Occipital,Parietal,6,27,0.2222222222222222,8,12,4.0023808014420435e-07,6.282217966820423e-05,15,3 4 5,5.0 10.0
HandStart__FirstDigitTouch,pc2,100,P7,P3,Parietal,Parietal,6,27,0.2222222222222222,8,12,4.0023808014420435e-07,6.282217966820423e-05,15,3 4 5,5.0 10.0
LiftOff__Replace,pc1,50,PO9,FC1,Occipital,Frontocentral,6,27,0.2222222222222222,8,12,4.0023808014420435e-07,6.282217966820423e-05,15,3 4 5,5.0 10.0
LiftOff__Replace,pc1,100,O1,PO9,Occipital,Occipital,6,27,0.2222222222222222,8,12,4.0023808014420435e-07,6.282217966820423e-05,15,3 4 5,5.0 10.0
LiftOff__Replace,pc1,150,PO10,Fz,Occipital,Frontal,6,27,0.2222222222222222,8,12,4.0023808014420435e-07,6.282217966820423e-05,15,3 4 5,5.0 10.0
LiftOff__Replace,pc1,200,PO9,FC2,Occipital,Frontocentral,6,27,0.2222222222222222,8,12,4.0023808014420435e-07,6.282217966820423e-05,15,3 4 5,5.0 10.0
LiftOff__Replace,pc2,50,O2,FC1,Occipital,Frontocentral,6,27,0.2222222222222222,8,12,4.0023808014420435e-07,6.282217966820423e-05,15,3 4 5,5.0 10.0
LiftOff__Replace,pc2,100,O1,O2,Occipital,Occipital,6,27,0.2222222222222222,8,12,4.0023808014420435e-07,6.282217966820423e-05,15,3 4 5,5.0 10.0
LiftOff__Replace,pc2,100,O1,P3,Occipital,Parietal,6,27,0.2222222222222222,8,12,4.0023808014420435e-07,6.282217966820423e-05,15,3 4 5,5.0 10.0
LiftOff__Replace,pc3,50,Oz,P8,Occipital,Parietal,6,27,0.2222222222222222,8,12,4.0023808014420435e-07,6.282217966820423e-05,15,3 4 5,5.0 10.0
BothStartLoadPhase__LiftOff,pc1,100,PO9,P7,Occipital,Parietal,6,27,0.2222222222222222,7,12,7.948737705520244e-06,0.0009431994980713017,10 15,3 4 5,5.0
BothStartLoadPhase__LiftOff,pc1,200,PO10,FC5,Occipital,Frontocentral,6,27,0.2222222222222222,7,12,7.948737705520244e-06,0.0009431994980713017,10 15,3 4 5,5.0
BothStartLoadPhase__LiftOff,pc2,0,Oz,PO9,Occipital,Occipital,6,27,0.2222222222222222,7,12,7.948737705520244e-06,0.0009431994980713017,10 15,3 4 5,5.0
BothStartLoadPhase__LiftOff,pc2,50,O1,O2,Occipital,Occipital,6,27,0.2222222222222222,7,12,7.948737705520244e-06,0.0009431994980713017,10 15,3 4 5,5.0
BothStartLoadPhase__LiftOff,pc2,50,O2,O1,Occipital,Occipital,6,27,0.2222222222222222,7,12,7.948737705520244e-06,0.0009431994980713017,10 15,3 4 5,5.0
BothStartLoadPhase__LiftOff,pc2,50,Oz,PO9,Occipital,Occipital,6,27,0.2222222222222222,7,12,7.948737705520244e-06,0.0009431994980713017,10 15,3 4 5,5.0
BothStartLoadPhase__LiftOff,pc2,100,Oz,PO10,Occipital,Occipital,6,27,0.2222222222222222,7,12,7.948737705520244e-06,0.0009431994980713017,10 15,3 4 5,5.0
BothStartLoadPhase__LiftOff,pc2,100,P7,P3,Parietal,Parietal,6,27,0.2222222222222222,7,12,7.948737705520244e-06,0.0009431994980713017,10 15,3 4 5,5.0
BothStartLoadPhase__LiftOff,pc3,0,Oz,FC5,Occipital,Frontocentral,6,27,0.2222222222222222,7,12,7.948737705520244e-06,0.0009431994980713017,10 15,3 4 5,5.0
BothStartLoadPhase__LiftOff,pc3,50,FC5,F3,Frontocentral,Frontocentral,6,27,0.2222222222222222,7,12,7.948737705520244e-06,0.0009431994980713017,10 15,3 4 5,5.0
BothStartLoadPhase__LiftOff,pc3,100,C4,CP2,Frontocentral,Parietal,6,27,0.2222222222222222,7,12,7.948737705520244e-06,0.0009431994980713017,10 15,3 4 5,5.0
BothStartLoadPhase__LiftOff,pc3,100,P8,P4,Parietal,Parietal,6,27,0.2222222222222222,7,12,7.948737705520244e-06,0.0009431994980713017,10 15,3 4 5,5.0
BothStartLoadPhase__LiftOff,pc3,150,CP6,C4,Parietal,Frontocentral,6,27,0.2222222222222222,7,12,7.948737705520244e-06,0.0009431994980713017,10 15,3 4 5,5.0
FirstDigitTouch__BothStartLoadPhase,pc1,200,PO10,FC5,Occipital,Frontocentral,6,27,0.2222222222222222,7,12,7.948737705520244e-06,0.0009431994980713017,10 15,3 4 5,5.0
FirstDigitTouch__BothStartLoadPhase,pc1,200,PO10,Fz,Occipital,Frontal,6,27,0.2222222222222222,7,12,7.948737705520244e-06,0.0009431994980713017,10 15,3 4 5,5.0
FirstDigitTouch__BothStartLoadPhase,pc1,200,PO9,P7,Occipital,Parietal,6,27,0.2222222222222222,7,12,7.948737705520244e-06,0.0009431994980713017,10 15,3 4 5,5.0
FirstDigitTouch__BothStartLoadPhase,pc2,50,O2,O1,Occipital,Occipital,6,27,0.2222222222222222,7,12,7.948737705520244e-06,0.0009431994980713017,10 15,3 4 5,5.0
FirstDigitTouch__BothStartLoadPhase,pc2,50,O2,P8,Occipital,Parietal,6,27,0.2222222222222222,7,12,7.948737705520244e-06,0.0009431994980713017,10 15,3 4 5,5.0
FirstDigitTouch__BothStartLoadPhase,pc2,100,O1,P3,Occipital,Parietal,6,27,0.2222222222222222,7,12,7.948737705520244e-06,0.0009431994980713017,10 15,3 4 5,5.0
FirstDigitTouch__BothStartLoadPhase,pc2,100,Oz,PO10,Occipital,Occipital,6,27,0.2222222222222222,7,12,7.948737705520244e-06,0.0009431994980713017,10 15,3 4 5,5.0
FirstDigitTouch__BothStartLoadPhase,pc2,100,P7,P3,Parietal,Parietal,6,27,0.2222222222222222,7,12,7.948737705520244e-06,0.0009431994980713017,10 15,3 4 5,5.0
FirstDigitTouch__BothStartLoadPhase,pc3,0,Oz,FC5,Occipital,Frontocentral,6,27,0.2222222222222222,7,12,7.948737705520244e-06,0.0009431994980713017,10 15,3 4 5,5.0
FirstDigitTouch__BothStartLoadPhase,pc3,0,P4,P8,Parietal,Parietal,6,27,0.2222222222222222,7,12,7.948737705520244e-06,0.0009431994980713017,10 15,3 4 5,5.0
FirstDigitTouch__BothStartLoadPhase,pc3,100,C4,CP2,Frontocentral,Parietal,6,27,0.2222222222222222,7,12,7.948737705520244e-06,0.0009431994980713017,10 15,3 4 5,5.0
HandStart__FirstDigitTouch,pc1,0,P7,CP5,Parietal,Parietal,6,27,0.2222222222222222,7,12,7.948737705520244e-06,0.0009431994980713017,10 15,3 4 5,5.0
HandStart__FirstDigitTouch,pc1,100,PO9,P7,Occipital,Parietal,6,27,0.2222222222222222,7,12,7.948737705520244e-06,0.0009431994980713017,10 15,3 4 5,5.0
HandStart__FirstDigitTouch,pc1,150,PO10,Fz,Occipital,Frontal,6,27,0.2222222222222222,7,12,7.948737705520244e-06,0.0009431994980713017,10 15,3 4 5,5.0
HandStart__FirstDigitTouch,pc1,200,PO9,FC6,Occipital,Frontocentral,6,27,0.2222222222222222,7,12,7.948737705520244e-06,0.0009431994980713017,10 15,3 4 5,5.0
HandStart__FirstDigitTouch,pc2,50,O2,Fz,Occipital,Frontal,6,27,0.2222222222222222,7,12,7.948737705520244e-06,0.0009431994980713017,10 15,3 4 5,5.0
HandStart__FirstDigitTouch,pc2,50,Oz,Fz,Occipital,Frontal,6,27,0.2222222222222222,7,12,7.948737705520244e-06,0.0009431994980713017,10 15,3 4 5,5.0
HandStart__FirstDigitTouch,pc2,100,Oz,PO10,Occipital,Occipital,6,27,0.2222222222222222,7,12,7.948737705520244e-06,0.0009431994980713017,10 15,3 4 5,5.0
HandStart__FirstDigitTouch,pc3,100,P8,P4,Parietal,Parietal,6,27,0.2222222222222222,7,12,7.948737705520244e-06,0.0009431994980713017,10 15,3 4 5,5.0
LiftOff__Replace,pc1,50,PO9,FC2,Occipital,Frontocentral,6,27,0.2222222222222222,7,12,7.948737705520244e-06,0.0009431994980713017,10 15,3 4 5,5.0
LiftOff__Replace,pc1,150,P7,CP5,Parietal,Parietal,6,27,0.2222222222222222,7,12,7.948737705520244e-06,0.0009431994980713017,10 15,3 4 5,5.0
LiftOff__Replace,pc1,200,P7,CP5,Parietal,Parietal,6,27,0.2222222222222222,7,12,7.948737705520244e-06,0.0009431994980713017,10 15,3 4 5,5.0
LiftOff__Replace,pc2,150,O1,P7,Occipital,Parietal,6,27,0.2222222222222222,7,12,7.948737705520244e-06,0.0009431994980713017,10 15,3 4 5,5.0
LiftOff__Replace,pc3,0,P4,P8,Parietal,Parietal,6,27,0.2222222222222222,7,12,7.948737705520244e-06,0.0009431994980713017,10 15,3 4 5,5.0
LiftOff__Replace,pc3,50,C4,CP2,Frontocentral,Parietal,6,27,0.2222222222222222,7,12,7.948737705520244e-06,0.0009431994980713017,10 15,3 4 5,5.0
LiftOff__Replace,pc3,100,C4,FC2,Frontocentral,Frontocentral,6,27,0.2222222222222222,7,12,7.948737705520244e-06,0.0009431994980713017,10 15,3 4 5,5.0
LiftOff__Replace,pc3,150,C4,FC2,Frontocentral,Frontocentral,6,27,0.2222222222222222,7,12,7.948737705520244e-06,0.0009431994980713017,10 15,3 4 5,5.0
LiftOff__Replace,pc3,200,O2,C3,Occipital,Frontocentral,6,27,0.2222222222222222,7,12,7.948737705520244e-06,0.0009431994980713017,10 15,3 4 5,5.0
LiftOff__Replace,pc3,200,P3,P7,Parietal,Parietal,6,27,0.2222222222222222,7,12,7.948737705520244e-06,0.0009431994980713017,10 15,3 4 5,5.0
Replace__BothReleased,pc1,50,PO9,P7,Occipital,Parietal,6,27,0.2222222222222222,7,12,7.948737705520244e-06,0.0009431994980713017,10 15,3 4 5,5.0
Replace__BothReleased,pc1,150,PO10,P8,Occipital,Parietal,6,27,0.2222222222222222,7,12,7.948737705520244e-06,0.0009431994980713017,10 15,3 4 5,5.0
Replace__BothReleased,pc2,0,Oz,PO9,Occipital,Occipital,6,27,0.2222222222222222,7,12,7.948737705520244e-06,0.0009431994980713017,10 15,3 4 5,5.0
Replace__BothReleased,pc2,50,Oz,Fz,Occipital,Frontal,6,27,0.2222222222222222,7,12,7.948737705520244e-06,0.0009431994980713017,10 15,3 4 5,5.0
Replace__BothReleased,pc2,150,O1,O2,Occipital,Occipital,6,27,0.2222222222222222,7,12,7.948737705520244e-06,0.0009431994980713017,10 15,3 4 5,5.0
Replace__BothReleased,pc3,50,FC6,F4,Frontocentral,Frontocentral,6,27,0.2222222222222222,7,12,7.948737705520244e-06,0.0009431994980713017,10 15,3 4 5,5.0
Replace__BothReleased,pc3,150,CP6,P8,Parietal,Parietal,6,27,0.2222222222222222,7,12,7.948737705520244e-06,0.0009431994980713017,10 15,3 4 5,5.0
Replace__BothReleased,pc3,200,CP6,P8,Parietal,Parietal,6,27,0.2222222222222222,7,12,7.948737705520244e-06,0.0009431994980713017,10 15,3 4 5,5.0
Replace__BothReleased,pc3,200,O1,FC1,Occipital,Frontocentral,6,27,0.2222222222222222,7,12,7.948737705520244e-06,0.0009431994980713017,10 15,3 4 5,5.0
Replace__BothReleased,pc3,200,Oz,P8,Occipital,Parietal,6,27,0.2222222222222222,7,12,7.948737705520244e-06,0.0009431994980713017,10 15,3 4 5,5.0
Replace__BothReleased,pc3,200,P4,CP6,Parietal,Parietal,6,27,0.2222222222222222,7,12,7.948737705520244e-06,0.0009431994980713017,10 15,3 4 5,5.0
BothStartLoadPhase__LiftOff,pc2,200,P7,CP5,Parietal,Parietal,6,27,0.2222222222222222,6,12,1.1631110694196138e-05,0.0017272547617728398,10 15,3 4 5,5.0
BothStartLoadPhase__LiftOff,pc3,0,O1,FC1,Occipital,Frontocentral,6,27,0.2222222222222222,6,12,1.1631110694196138e-05,0.0017272547617728398,10 15,3 4 5,5.0
FirstDigitTouch__BothStartLoadPhase,pc2,200,O2,P8,Occipital,Parietal,6,27,0.2222222222222222,6,12,1.1631110694196138e-05,0.0017272547617728398,10 15,3 4 5,5.0
FirstDigitTouch__BothStartLoadPhase,pc3,0,O1,FC1,Occipital,Frontocentral,6,27,0.2222222222222222,6,12,1.1631110694196138e-05,0.0017272547617728398,10 15,3 4 5,5.0
HandStart__FirstDigitTouch,pc2,50,Oz,PO9,Occipital,Occipital,6,27,0.2222222222222222,6,12,1.1631110694196138e-05,0.0017272547617728398,10 15,3 4 5,5.0
HandStart__FirstDigitTouch,pc3,100,C4,FC2,Frontocentral,Frontocentral,6,27,0.2222222222222222,6,12,1.1631110694196138e-05,0.0017272547617728398,10 15,3 4 5,5.0
LiftOff__Replace,pc3,150,O2,C3,Occipital,Frontocentral,6,27,0.2222222222222222,6,12,1.1631110694196138e-05,0.0017272547617728398,10 15,3 4 5,5.0
Replace__BothReleased,pc1,150,PO9,P7,Occipital,Parietal,6,27,0.2222222222222222,6,12,1.1631110694196138e-05,0.0017272547617728398,10 15,3 4 5,5.0
Replace__BothReleased,pc3,100,Oz,Fp2,Occipital,Frontal,6,27,0.2222222222222222,6,12,1.1631110694196138e-05,0.0017272547617728398,10 15,3 4 5,5.0
BothStartLoadPhase__LiftOff,pc1,150,PO9,P7,Occipital,Parietal,6,27,0.2222222222222222,6,12,0.00011562389125060647,0.01087536979651722,10 15,3 4 5,5.0
BothStartLoadPhase__LiftOff,pc2,0,O1,P7,Occipital,Parietal,6,27,0.2222222222222222,6,12,0.00011562389125060647,0.01087536979651722,10 15,3 4 5,5.0
BothStartLoadPhase__LiftOff,pc2,50,O2,P8,Occipital,Parietal,6,27,0.2222222222222222,6,12,0.00011562389125060647,0.01087536979651722,10 15,3 4 5,5.0
BothStartLoadPhase__LiftOff,pc3,0,P4,CP6,Parietal,Parietal,6,27,0.2222222222222222,6,12,0.00011562389125060647,0.01087536979651722,10 15,3 4 5,5.0
BothStartLoadPhase__LiftOff,pc3,150,P8,PO10,Parietal,Occipital,6,27,0.2222222222222222,6,12,0.00011562389125060647,0.01087536979651722,10 15,3 4 5,5.0
FirstDigitTouch__BothStartLoadPhase,pc2,0,O1,P7,Occipital,Parietal,6,27,0.2222222222222222,6,12,0.00011562389125060647,0.01087536979651722,10 15,3 4 5,5.0
FirstDigitTouch__BothStartLoadPhase,pc2,0,Oz,PO9,Occipital,Occipital,6,27,0.2222222222222222,6,12,0.00011562389125060647,0.01087536979651722,10 15,3 4 5,5.0
FirstDigitTouch__BothStartLoadPhase,pc2,50,Oz,PO9,Occipital,Occipital,6,27,0.2222222222222222,6,12,0.00011562389125060647,0.01087536979651722,10 15,3 4 5,5.0
FirstDigitTouch__BothStartLoadPhase,pc3,0,P4,CP6,Parietal,Parietal,6,27,0.2222222222222222,6,12,0.00011562389125060647,0.01087536979651722,10 15,3 4 5,5.0
FirstDigitTouch__BothStartLoadPhase,pc3,50,FC5,F3,Frontocentral,Frontocentral,6,27,0.2222222222222222,6,12,0.00011562389125060647,0.01087536979651722,10 15,3 4 5,5.0
FirstDigitTouch__BothStartLoadPhase,pc3,100,P7,O1,Parietal,Occipital,6,27,0.2222222222222222,6,12,0.00011562389125060647,0.01087536979651722,10 15,3 4 5,5.0
FirstDigitTouch__BothStartLoadPhase,pc3,150,P4,CP6,Parietal,Parietal,6,27,0.2222222222222222,6,12,0.00011562389125060647,0.01087536979651722,10 15,3 4 5,5.0
FirstDigitTouch__BothStartLoadPhase,pc3,150,P8,PO10,Parietal,Occipital,6,27,0.2222222222222222,6,12,0.00011562389125060647,0.01087536979651722,10 15,3 4 5,5.0
HandStart__FirstDigitTouch,pc1,0,O1,PO9,Occipital,Occipital,6,27,0.2222222222222222,6,12,0.00011562389125060647,0.01087536979651722,10 15,3 4 5,5.0
HandStart__FirstDigitTouch,pc1,0,T8,FC6,Temporal,Frontocentral,6,27,0.2222222222222222,6,12,0.00011562389125060647,0.01087536979651722,10 15,3 4 5,5.0
HandStart__FirstDigitTouch,pc1,150,PO10,FC1,Occipital,Frontocentral,6,27,0.2222222222222222,6,12,0.00011562389125060647,0.01087536979651722,10 15,3 4 5,5.0
HandStart__FirstDigitTouch,pc3,0,P4,CP6,Parietal,Parietal,6,27,0.2222222222222222,6,12,0.00011562389125060647,0.01087536979651722,10 15,3 4 5,5.0
HandStart__FirstDigitTouch,pc3,50,P3,P7,Parietal,Parietal,6,27,0.2222222222222222,6,12,0.00011562389125060647,0.01087536979651722,10 15,3 4 5,5.0
HandStart__FirstDigitTouch,pc3,100,C4,CP2,Frontocentral,Parietal,6,27,0.2222222222222222,6,12,0.00011562389125060647,0.01087536979651722,10 15,3 4 5,5.0
HandStart__FirstDigitTouch,pc3,100,O2,TP9,Occipital,Temporal,6,27,0.2222222222222222,6,12,0.00011562389125060647,0.01087536979651722,10 15,3 4 5,5.0
HandStart__FirstDigitTouch,pc3,150,FC5,F3,Frontocentral,Frontocentral,6,27,0.2222222222222222,6,12,0.00011562389125060647,0.01087536979651722,10 15,3 4 5,5.0
HandStart__FirstDigitTouch,pc3,200,C4,FC2,Frontocentral,Frontocentral,6,27,0.2222222222222222,6,12,0.00011562389125060647,0.01087536979651722,10 15,3 4 5,5.0
LiftOff__Replace,pc2,0,Oz,PO9,Occipital,Occipital,6,27,0.2222222222222222,6,12,0.00011562389125060647,0.01087536979651722,10 15,3 4 5,5.0
LiftOff__Replace,pc3,0,Oz,FC5,Occipital,Frontocentral,6,27,0.2222222222222222,6,12,0.00011562389125060647,0.01087536979651722,10 15,3 4 5,5.0
LiftOff__Replace,pc3,0,P4,CP6,Parietal,Parietal,6,27,0.2222222222222222,6,12,0.00011562389125060647,0.01087536979651722,10 15,3 4 5,5.0
LiftOff__Replace,pc3,100,P8,P4,Parietal,Parietal,6,27,0.2222222222222222,6,12,0.00011562389125060647,0.01087536979651722,10 15,3 4 5,5.0
LiftOff__Replace,pc3,200,Oz,P8,Occipital,Parietal,6,27,0.2222222222222222,6,12,0.00011562389125060647,0.01087536979651722,10 15,3 4 5,5.0
Replace__BothReleased,pc1,0,T8,FC6,Temporal,Frontocentral,6,27,0.2222222222222222,6,12,0.00011562389125060647,0.01087536979651722,10 15,3 4 5,5.0
Replace__BothReleased,pc1,200,PO9,Fz,Occipital,Frontal,6,27,0.2222222222222222,6,12,0.00011562389125060647,0.01087536979651722,10 15,3 4 5,5.0
Replace__BothReleased,pc3,0,O2,PO9,Occipital,Occipital,6,27,0.2222222222222222,6,12,0.00011562389125060647,0.01087536979651722,10 15,3 4 5,5.0
Replace__BothReleased,pc3,0,P4,P8,Parietal,Parietal,6,27,0.2222222222222222,6,12,0.00011562389125060647,0.01087536979651722,10 15,3 4 5,5.0
Replace__BothReleased,pc3,100,Oz,Fp1,Occipital,Frontal,6,27,0.2222222222222222,6,12,0.00011562389125060647,0.01087536979651722,10 15,3 4 5,5.0
HandStart__FirstDigitTouch,pc3,200,Oz,P8,Occipital,Parietal,5,27,0.18518518518518517,7,12,7.948737705520244e-06,0.0009431994980713017,5 15,3 4 5,5.0
FirstDigitTouch__BothStartLoadPhase,pc3,200,O2,TP9,Occipital,Temporal,5,27,0.18518518518518517,6,12,0.00011562389125060647,0.01087536979651722,5 15,3 4 5,5.0
LiftOff__Replace,pc2,0,P8,CP6,Parietal,Parietal,5,27,0.18518518518518517,6,12,0.00011562389125060647,0.01087536979651722,5 15,3 4 5,5.0
BothStartLoadPhase__LiftOff,pc2,0,P7,CP5,Parietal,Parietal,5,27,0.18518518518518517,5,12,0.00016973510588022393,0.02245144153941915,5 10,3 4 5,5.0
FirstDigitTouch__BothStartLoadPhase,pc2,0,P7,CP5,Parietal,Parietal,5,27,0.18518518518518517,5,12,0.00016973510588022393,0.02245144153941915,5 10,3 4 5,5.0
LiftOff__Replace,pc2,0,PO10,O2,Occipital,Occipital,5,27,0.18518518518518517,5,12,0.00016973510588022393,0.02245144153941915,5 10,3 4 5,5.0
LiftOff__Replace,pc3,0,CP6,P8,Parietal,Parietal,5,27,0.18518518518518517,5,12,0.00016973510588022393,0.02245144153941915,5 10,3 4 5,5.0
LiftOff__Replace,pc3,0,P7,O1,Parietal,Occipital,5,27,0.18518518518518517,5,12,0.00016973510588022393,0.02245144153941915,5 10,3 4 5,5.0
LiftOff__Replace,pc3,50,CP6,C4,Parietal,Frontocentral,5,27,0.18518518518518517,5,12,0.00016973510588022393,0.02245144153941915,5 10,3 4 5,5.0
Replace__BothReleased,pc1,50,Fp1,Fp2,Frontal,Frontal,5,27,0.18518518518518517,5,12,0.00016973510588022393,0.02245144153941915,5 10,3 4 5,5.0
Replace__BothReleased,pc1,200,Fp2,Fp1,Frontal,Frontal,5,27,0.18518518518518517,5,12,0.00016973510588022393,0.02245144153941915,5 10,3 4 5,5.0
Replace__BothReleased,pc3,0,Oz,FC5,Occipital,Frontocentral,5,27,0.18518518518518517,5,12,0.00016973510588022393,0.02245144153941915,5 10,3 4 5,5.0
Replace__BothReleased,pc3,100,F7,Fp1,Frontal,Frontal,5,27,0.18518518518518517,5,12,0.00016973510588022393,0.02245144153941915,5 10,3 4 5,5.0
Replace__BothReleased,pc3,200,C4,FC2,Frontocentral,Frontocentral,5,27,0.18518518518518517,5,12,0.00016973510588022393,0.02245144153941915,5 10,3 4 5,5.0
BothStartLoadPhase__LiftOff,pc1,50,PO10,FC1,Occipital,Frontocentral,3,27,0.1111111111111111,7,12,7.948737705520244e-06,0.0009431994980713017,15,3 4 5,5.0
BothStartLoadPhase__LiftOff,pc2,50,O2,Fz,Occipital,Frontal,3,27,0.1111111111111111,7,12,7.948737705520244e-06,0.0009431994980713017,15,3 4 5,5.0
BothStartLoadPhase__LiftOff,pc2,100,O1,P3,Occipital,Parietal,3,27,0.1111111111111111,7,12,7.948737705520244e-06,0.0009431994980713017,15,3 4 5,5.0
BothStartLoadPhase__LiftOff,pc2,100,P7,CP5,Parietal,Parietal,3,27,0.1111111111111111,7,12,7.948737705520244e-06,0.0009431994980713017,15,3 4 5,5.0
BothStartLoadPhase__LiftOff,pc2,150,O2,O1,Occipital,Occipital,3,27,0.1111111111111111,7,12,7.948737705520244e-06,0.0009431994980713017,15,3 4 5,5.0
BothStartLoadPhase__LiftOff,pc2,200,O1,O2,Occipital,Occipital,3,27,0.1111111111111111,7,12,7.948737705520244e-06,0.0009431994980713017,15,3 4 5,5.0
BothStartLoadPhase__LiftOff,pc2,200,O1,P7,Occipital,Parietal,3,27,0.1111111111111111,7,12,7.948737705520244e-06,0.0009431994980713017,15,3 4 5,5.0
BothStartLoadPhase__LiftOff,pc3,0,P4,P8,Parietal,Parietal,3,27,0.1111111111111111,7,12,7.948737705520244e-06,0.0009431994980713017,15,3 4 5,5.0
BothStartLoadPhase__LiftOff,pc3,50,FC6,F4,Frontocentral,Frontocentral,3,27,0.1111111111111111,7,12,7.948737705520244e-06,0.0009431994980713017,15,3 4 5,5.0
BothStartLoadPhase__LiftOff,pc3,50,O2,Cz,Occipital,Frontocentral,3,27,0.1111111111111111,7,12,7.948737705520244e-06,0.0009431994980713017,15,3 4 5,5.0
BothStartLoadPhase__LiftOff,pc3,150,C4,CP2,Frontocentral,Parietal,3,27,0.1111111111111111,7,12,7.948737705520244e-06,0.0009431994980713017,15,3 4 5,5.0
BothStartLoadPhase__LiftOff,pc3,150,C4,FC6,Frontocentral,Frontocentral,3,27,0.1111111111111111,7,12,7.948737705520244e-06,0.0009431994980713017,15,3 4 5,5.0
BothStartLoadPhase__LiftOff,pc3,150,FC6,F4,Frontocentral,Frontocentral,3,27,0.1111111111111111,7,12,7.948737705520244e-06,0.0009431994980713017,15,3 4 5,5.0
FirstDigitTouch__BothStartLoadPhase,pc1,100,PO10,C3,Occipital,Frontocentral,3,27,0.1111111111111111,7,12,7.948737705520244e-06,0.0009431994980713017,15,3 4 5,5.0
FirstDigitTouch__BothStartLoadPhase,pc1,100,PO10,TP9,Occipital,Temporal,3,27,0.1111111111111111,7,12,7.948737705520244e-06,0.0009431994980713017,15,3 4 5,5.0
FirstDigitTouch__BothStartLoadPhase,pc1,200,PO10,FC2,Occipital,Frontocentral,3,27,0.1111111111111111,7,12,7.948737705520244e-06,0.0009431994980713017,15,3 4 5,5.0
FirstDigitTouch__BothStartLoadPhase,pc2,50,O1,O2,Occipital,Occipital,3,27,0.1111111111111111,7,12,7.948737705520244e-06,0.0009431994980713017,15,3 4 5,5.0
FirstDigitTouch__BothStartLoadPhase,pc2,50,O2,Fz,Occipital,Frontal,3,27,0.1111111111111111,7,12,7.948737705520244e-06,0.0009431994980713017,15,3 4 5,5.0
FirstDigitTouch__BothStartLoadPhase,pc2,100,O2,P8,Occipital,Parietal,3,27,0.1111111111111111,7,12,7.948737705520244e-06,0.0009431994980713017,15,3 4 5,5.0
FirstDigitTouch__BothStartLoadPhase,pc2,200,O1,P7,Occipital,Parietal,3,27,0.1111111111111111,7,12,7.948737705520244e-06,0.0009431994980713017,15,3 4 5,5.0
FirstDigitTouch__BothStartLoadPhase,pc2,200,O2,O1,Occipital,Occipital,3,27,0.1111111111111111,7,12,7.948737705520244e-06,0.0009431994980713017,15,3 4 5,5.0
FirstDigitTouch__BothStartLoadPhase,pc2,200,Oz,PO9,Occipital,Occipital,3,27,0.1111111111111111,7,12,7.948737705520244e-06,0.0009431994980713017,15,3 4 5,5.0
FirstDigitTouch__BothStartLoadPhase,pc2,200,P7,CP5,Parietal,Parietal,3,27,0.1111111111111111,7,12,7.948737705520244e-06,0.0009431994980713017,15,3 4 5,5.0
FirstDigitTouch__BothStartLoadPhase,pc3,50,FC6,F4,Frontocentral,Frontocentral,3,27,0.1111111111111111,7,12,7.948737705520244e-06,0.0009431994980713017,15,3 4 5,5.0
FirstDigitTouch__BothStartLoadPhase,pc3,150,C4,FC2,Frontocentral,Frontocentral,3,27,0.1111111111111111,7,12,7.948737705520244e-06,0.0009431994980713017,15,3 4 5,5.0
HandStart__FirstDigitTouch,pc1,50,PO10,F3,Occipital,Frontocentral,3,27,0.1111111111111111,7,12,7.948737705520244e-06,0.0009431994980713017,15,3 4 5,5.0
HandStart__FirstDigitTouch,pc1,50,PO9,Fz,Occipital,Frontal,3,27,0.1111111111111111,7,12,7.948737705520244e-06,0.0009431994980713017,15,3 4 5,5.0
HandStart__FirstDigitTouch,pc1,100,PO10,Fz,Occipital,Frontal,3,27,0.1111111111111111,7,12,7.948737705520244e-06,0.0009431994980713017,15,3 4 5,5.0
HandStart__FirstDigitTouch,pc1,150,PO10,FC2,Occipital,Frontocentral,3,27,0.1111111111111111,7,12,7.948737705520244e-06,0.0009431994980713017,15,3 4 5,5.0
HandStart__FirstDigitTouch,pc1,150,PO9,C4,Occipital,Frontocentral,3,27,0.1111111111111111,7,12,7.948737705520244e-06,0.0009431994980713017,15,3 4 5,5.0
HandStart__FirstDigitTouch,pc1,200,PO10,F3,Occipital,Frontocentral,3,27,0.1111111111111111,7,12,7.948737705520244e-06,0.0009431994980713017,15,3 4 5,5.0
HandStart__FirstDigitTouch,pc1,200,PO9,FC2,Occipital,Frontocentral,3,27,0.1111111111111111,7,12,7.948737705520244e-06,0.0009431994980713017,15,3 4 5,5.0
HandStart__FirstDigitTouch,pc1,200,PO9,Fz,Occipital,Frontal,3,27,0.1111111111111111,7,12,7.948737705520244e-06,0.0009431994980713017,15,3 4 5,5.0
HandStart__FirstDigitTouch,pc2,50,O1,O2,Occipital,Occipital,3,27,0.1111111111111111,7,12,7.948737705520244e-06,0.0009431994980713017,15,3 4 5,5.0
HandStart__FirstDigitTouch,pc2,50,O2,P8,Occipital,Parietal,3,27,0.1111111111111111,7,12,7.948737705520244e-06,0.0009431994980713017,15,3 4 5,5.0
HandStart__FirstDigitTouch,pc2,100,Oz,PO9,Occipital,Occipital,3,27,0.1111111111111111,7,12,7.948737705520244e-06,0.0009431994980713017,15,3 4 5,5.0
HandStart__FirstDigitTouch,pc2,200,O2,Fz,Occipital,Frontal,3,27,0.1111111111111111,7,12,7.948737705520244e-06,0.0009431994980713017,15,3 4 5,5.0
HandStart__FirstDigitTouch,pc2,200,O2,P8,Occipital,Parietal,3,27,0.1111111111111111,7,12,7.948737705520244e-06,0.0009431994980713017,15,3 4 5,5.0
HandStart__FirstDigitTouch,pc3,0,P8,PO10,Parietal,Occipital,3,27,0.1111111111111111,7,12,7.948737705520244e-06,0.0009431994980713017,15,3 4 5,5.0
HandStart__FirstDigitTouch,pc3,50,O2,PO9,Occipital,Occipital,3,27,0.1111111111111111,7,12,7.948737705520244e-06,0.0009431994980713017,15,3 4 5,5.0
HandStart__FirstDigitTouch,pc3,100,CP6,P8,Parietal,Parietal,3,27,0.1111111111111111,7,12,7.948737705520244e-06,0.0009431994980713017,15,3 4 5,5.0
HandStart__FirstDigitTouch,pc3,100,O2,C3,Occipital,Frontocentral,3,27,0.1111111111111111,7,12,7.948737705520244e-06,0.0009431994980713017,15,3 4 5,5.0
HandStart__FirstDigitTouch,pc3,200,FC5,F3,Frontocentral,Frontocentral,3,27,0.1111111111111111,7,12,7.948737705520244e-06,0.0009431994980713017,15,3 4 5,5.0
LiftOff__Replace,pc1,50,PO10,FC2,Occipital,Frontocentral,3,27,0.1111111111111111,7,12,7.948737705520244e-06,0.0009431994980713017,15,3 4 5,5.0
LiftOff__Replace,pc1,150,PO10,FC1,Occipital,Frontocentral,3,27,0.1111111111111111,7,12,7.948737705520244e-06,0.0009431994980713017,15,3 4 5,5.0
LiftOff__Replace,pc1,150,PO9,C4,Occipital,Frontocentral,3,27,0.1111111111111111,7,12,7.948737705520244e-06,0.0009431994980713017,15,3 4 5,5.0
LiftOff__Replace,pc1,150,PO9,FC1,Occipital,Frontocentral,3,27,0.1111111111111111,7,12,7.948737705520244e-06,0.0009431994980713017,15,3 4 5,5.0
LiftOff__Replace,pc2,100,O1,P7,Occipital,Parietal,3,27,0.1111111111111111,7,12,7.948737705520244e-06,0.0009431994980713017,15,3 4 5,5.0
LiftOff__Replace,pc2,100,O2,O1,Occipital,Occipital,3,27,0.1111111111111111,7,12,7.948737705520244e-06,0.0009431994980713017,15,3 4 5,5.0
LiftOff__Replace,pc2,100,P7,CP5,Parietal,Parietal,3,27,0.1111111111111111,7,12,7.948737705520244e-06,0.0009431994980713017,15,3 4 5,5.0
LiftOff__Replace,pc2,200,O2,P8,Occipital,Parietal,3,27,0.1111111111111111,7,12,7.948737705520244e-06,0.0009431994980713017,15,3 4 5,5.0
LiftOff__Replace,pc3,100,FC6,F4,Frontocentral,Frontocentral,3,27,0.1111111111111111,7,12,7.948737705520244e-06,0.0009431994980713017,15,3 4 5,5.0
Replace__BothReleased,pc2,0,O2,O1,Occipital,Occipital,3,27,0.1111111111111111,7,12,7.948737705520244e-06,0.0009431994980713017,15,3 4 5,5.0
Replace__BothReleased,pc2,200,O2,O1,Occipital,Occipital,3,27,0.1111111111111111,7,12,7.948737705520244e-06,0.0009431994980713017,15,3 4 5,5.0
Replace__BothReleased,pc2,200,O2,P8,Occipital,Parietal,3,27,0.1111111111111111,7,12,7.948737705520244e-06,0.0009431994980713017,15,3 4 5,5.0
Replace__BothReleased,pc3,100,O1,Fp1,Occipital,Frontal,3,27,0.1111111111111111,7,12,7.948737705520244e-06,0.0009431994980713017,15,3 4 5,5.0
BothStartLoadPhase__LiftOff,pc1,0,P8,CP6,Parietal,Parietal,3,27,0.1111111111111111,6,12,0.00011562389125060647,0.01087536979651722,15,3 4 5,5.0
BothStartLoadPhase__LiftOff,pc1,50,F4,FC2,Frontocentral,Frontocentral,3,27,0.1111111111111111,6,12,0.00011562389125060647,0.01087536979651722,15,3 4 5,5.0
BothStartLoadPhase__LiftOff,pc1,50,PO10,C3,Occipital,Frontocentral,3,27,0.1111111111111111,6,12,0.00011562389125060647,0.01087536979651722,15,3 4 5,5.0
BothStartLoadPhase__LiftOff,pc1,100,P7,CP5,Parietal,Parietal,3,27,0.1111111111111111,6,12,0.00011562389125060647,0.01087536979651722,15,3 4 5,5.0
BothStartLoadPhase__LiftOff,pc1,100,PO10,C3,Occipital,Frontocentral,3,27,0.1111111111111111,6,12,0.00011562389125060647,0.01087536979651722,15,3 4 5,5.0
BothStartLoadPhase__LiftOff,pc1,150,PO10,FC1,Occipital,Frontocentral,3,27,0.1111111111111111,6,12,0.00011562389125060647,0.01087536979651722,15,3 4 5,5.0
BothStartLoadPhase__LiftOff,pc1,150,PO10,FC2,Occipital,Frontocentral,3,27,0.1111111111111111,6,12,0.00011562389125060647,0.01087536979651722,15,3 4 5,5.0
BothStartLoadPhase__LiftOff,pc1,150,PO9,FC6,Occipital,Frontocentral,3,27,0.1111111111111111,6,12,0.00011562389125060647,0.01087536979651722,15,3 4 5,5.0
BothStartLoadPhase__LiftOff,pc1,200,P7,CP5,Parietal,Parietal,3,27,0.1111111111111111,6,12,0.00011562389125060647,0.01087536979651722,15,3 4 5,5.0
BothStartLoadPhase__LiftOff,pc1,200,PO10,C3,Occipital,Frontocentral,3,27,0.1111111111111111,6,12,0.00011562389125060647,0.01087536979651722,15,3 4 5,5.0
BothStartLoadPhase__LiftOff,pc1,200,PO10,F3,Occipital,Frontocentral,3,27,0.1111111111111111,6,12,0.00011562389125060647,0.01087536979651722,15,3 4 5,5.0
BothStartLoadPhase__LiftOff,pc1,200,PO10,FC2,Occipital,Frontocentral,3,27,0.1111111111111111,6,12,0.00011562389125060647,0.01087536979651722,15,3 4 5,5.0
BothStartLoadPhase__LiftOff,pc1,200,PO9,FC2,Occipital,Frontocentral,3,27,0.1111111111111111,6,12,0.00011562389125060647,0.01087536979651722,15,3 4 5,5.0
BothStartLoadPhase__LiftOff,pc1,200,PO9,FC6,Occipital,Frontocentral,3,27,0.1111111111111111,6,12,0.00011562389125060647,0.01087536979651722,15,3 4 5,5.0
BothStartLoadPhase__LiftOff,pc2,0,Oz,PO10,Occipital,Occipital,3,27,0.1111111111111111,6,12,0.00011562389125060647,0.01087536979651722,15,3 4 5,5.0
BothStartLoadPhase__LiftOff,pc2,100,O2,P8,Occipital,Parietal,3,27,0.1111111111111111,6,12,0.00011562389125060647,0.01087536979651722,15,3 4 5,5.0
BothStartLoadPhase__LiftOff,pc2,150,O1,O2,Occipital,Occipital,3,27,0.1111111111111111,6,12,0.00011562389125060647,0.01087536979651722,15,3 4 5,5.0
BothStartLoadPhase__LiftOff,pc2,150,O1,P7,Occipital,Parietal,3,27,0.1111111111111111,6,12,0.00011562389125060647,0.01087536979651722,15,3 4 5,5.0
BothStartLoadPhase__LiftOff,pc3,0,FC6,F8,Frontocentral,Frontal,3,27,0.1111111111111111,6,12,0.00011562389125060647,0.01087536979651722,15,3 4 5,5.0
BothStartLoadPhase__LiftOff,pc3,50,CP6,C4,Parietal,Frontocentral,3,27,0.1111111111111111,6,12,0.00011562389125060647,0.01087536979651722,15,3 4 5,5.0
BothStartLoadPhase__LiftOff,pc3,50,Oz,P8,Occipital,Parietal,3,27,0.1111111111111111,6,12,0.00011562389125060647,0.01087536979651722,15,3 4 5,5.0
BothStartLoadPhase__LiftOff,pc3,150,FC5,FC1,Frontocentral,Frontocentral,3,27,0.1111111111111111,6,12,0.00011562389125060647,0.01087536979651722,15,3 4 5,5.0
BothStartLoadPhase__LiftOff,pc3,150,O1,FC1,Occipital,Frontocentral,3,27,0.1111111111111111,6,12,0.00011562389125060647,0.01087536979651722,15,3 4 5,5.0
BothStartLoadPhase__LiftOff,pc3,200,FC6,F4,Frontocentral,Frontocentral,3,27,0.1111111111111111,6,12,0.00011562389125060647,0.01087536979651722,15,3 4 5,5.0
FirstDigitTouch__BothStartLoadPhase,pc1,0,P8,CP6,Parietal,Parietal,3,27,0.1111111111111111,6,12,0.00011562389125060647,0.01087536979651722,15,3 4 5,5.0
FirstDigitTouch__BothStartLoadPhase,pc1,50,F4,FC2,Frontocentral,Frontocentral,3,27,0.1111111111111111,6,12,0.00011562389125060647,0.01087536979651722,15,3 4 5,5.0
FirstDigitTouch__BothStartLoadPhase,pc1,50,PO10,C3,Occipital,Frontocentral,3,27,0.1111111111111111,6,12,0.00011562389125060647,0.01087536979651722,15,3 4 5,5.0
FirstDigitTouch__BothStartLoadPhase,pc1,100,P7,CP5,Parietal,Parietal,3,27,0.1111111111111111,6,12,0.00011562389125060647,0.01087536979651722,15,3 4 5,5.0
FirstDigitTouch__BothStartLoadPhase,pc1,150,PO10,FC2,Occipital,Frontocentral,3,27,0.1111111111111111,6,12,0.00011562389125060647,0.01087536979651722,15,3 4 5,5.0
FirstDigitTouch__BothStartLoadPhase,pc1,150,PO10,FC5,Occipital,Frontocentral,3,27,0.1111111111111111,6,12,0.00011562389125060647,0.01087536979651722,15,3 4 5,5.0
FirstDigitTouch__BothStartLoadPhase,pc1,150,PO9,C4,Occipital,Frontocentral,3,27,0.1111111111111111,6,12,0.00011562389125060647,0.01087536979651722,15,3 4 5,5.0
FirstDigitTouch__BothStartLoadPhase,pc1,200,P7,CP5,Parietal,Parietal,3,27,0.1111111111111111,6,12,0.00011562389125060647,0.01087536979651722,15,3 4 5,5.0
FirstDigitTouch__BothStartLoadPhase,pc1,200,PO9,C4,Occipital,Frontocentral,3,27,0.1111111111111111,6,12,0.00011562389125060647,0.01087536979651722,15,3 4 5,5.0
FirstDigitTouch__BothStartLoadPhase,pc1,200,PO9,FC2,Occipital,Frontocentral,3,27,0.1111111111111111,6,12,0.00011562389125060647,0.01087536979651722,15,3 4 5,5.0
FirstDigitTouch__BothStartLoadPhase,pc1,200,PO9,FC6,Occipital,Frontocentral,3,27,0.1111111111111111,6,12,0.00011562389125060647,0.01087536979651722,15,3 4 5,5.0
FirstDigitTouch__BothStartLoadPhase,pc2,0,O1,O2,Occipital,Occipital,3,27,0.1111111111111111,6,12,0.00011562389125060647,0.01087536979651722,15,3 4 5,5.0
FirstDigitTouch__BothStartLoadPhase,pc2,0,Oz,PO10,Occipital,Occipital,3,27,0.1111111111111111,6,12,0.00011562389125060647,0.01087536979651722,15,3 4 5,5.0
FirstDigitTouch__BothStartLoadPhase,pc2,50,O2,FC1,Occipital,Frontocentral,3,27,0.1111111111111111,6,12,0.00011562389125060647,0.01087536979651722,15,3 4 5,5.0
FirstDigitTouch__BothStartLoadPhase,pc2,50,Oz,Fz,Occipital,Frontal,3,27,0.1111111111111111,6,12,0.00011562389125060647,0.01087536979651722,15,3 4 5,5.0
FirstDigitTouch__BothStartLoadPhase,pc2,100,P7,CP5,Parietal,Parietal,3,27,0.1111111111111111,6,12,0.00011562389125060647,0.01087536979651722,15,3 4 5,5.0
FirstDigitTouch__BothStartLoadPhase,pc2,150,O1,O2,Occipital,Occipital,3,27,0.1111111111111111,6,12,0.00011562389125060647,0.01087536979651722,15,3 4 5,5.0
FirstDigitTouch__BothStartLoadPhase,pc2,150,O1,P7,Occipital,Parietal,3,27,0.1111111111111111,6,12,0.00011562389125060647,0.01087536979651722,15,3 4 5,5.0
FirstDigitTouch__BothStartLoadPhase,pc2,150,P7,CP5,Parietal,Parietal,3,27,0.1111111111111111,6,12,0.00011562389125060647,0.01087536979651722,15,3 4 5,5.0
FirstDigitTouch__BothStartLoadPhase,pc2,200,O1,O2,Occipital,Occipital,3,27,0.1111111111111111,6,12,0.00011562389125060647,0.01087536979651722,15,3 4 5,5.0
FirstDigitTouch__BothStartLoadPhase,pc2,200,P8,CP6,Parietal,Parietal,3,27,0.1111111111111111,6,12,0.00011562389125060647,0.01087536979651722,15,3 4 5,5.0
FirstDigitTouch__BothStartLoadPhase,pc3,50,Oz,P8,Occipital,Parietal,3,27,0.1111111111111111,6,12,0.00011562389125060647,0.01087536979651722,15,3 4 5,5.0
FirstDigitTouch__BothStartLoadPhase,pc3,50,P4,CP6,Parietal,Parietal,3,27,0.1111111111111111,6,12,0.00011562389125060647,0.01087536979651722,15,3 4 5,5.0
FirstDigitTouch__BothStartLoadPhase,pc3,100,C4,FC6,Frontocentral,Frontocentral,3,27,0.1111111111111111,6,12,0.00011562389125060647,0.01087536979651722,15,3 4 5,5.0
FirstDigitTouch__BothStartLoadPhase,pc3,100,FC5,F3,Frontocentral,Frontocentral,3,27,0.1111111111111111,6,12,0.00011562389125060647,0.01087536979651722,15,3 4 5,5.0
FirstDigitTouch__BothStartLoadPhase,pc3,150,CP6,C4,Parietal,Frontocentral,3,27,0.1111111111111111,6,12,0.00011562389125060647,0.01087536979651722,15,3 4 5,5.0
FirstDigitTouch__BothStartLoadPhase,pc3,150,FC5,FC1,Frontocentral,Frontocentral,3,27,0.1111111111111111,6,12,0.00011562389125060647,0.01087536979651722,15,3 4 5,5.0
FirstDigitTouch__BothStartLoadPhase,pc3,150,O2,Cz,Occipital,Frontocentral,3,27,0.1111111111111111,6,12,0.00011562389125060647,0.01087536979651722,15,3 4 5,5.0
FirstDigitTouch__BothStartLoadPhase,pc3,150,P3,P7,Parietal,Parietal,3,27,0.1111111111111111,6,12,0.00011562389125060647,0.01087536979651722,15,3 4 5,5.0
FirstDigitTouch__BothStartLoadPhase,pc3,200,C4,CP2,Frontocentral,Parietal,3,27,0.1111111111111111,6,12,0.00011562389125060647,0.01087536979651722,15,3 4 5,5.0
HandStart__FirstDigitTouch,pc1,100,PO9,Fz,Occipital,Frontal,3,27,0.1111111111111111,6,12,0.00011562389125060647,0.01087536979651722,15,3 4 5,5.0
HandStart__FirstDigitTouch,pc1,150,PO9,FC1,Occipital,Frontocentral,3,27,0.1111111111111111,6,12,0.00011562389125060647,0.01087536979651722,15,3 4 5,5.0
HandStart__FirstDigitTouch,pc1,150,PO9,FC2,Occipital,Frontocentral,3,27,0.1111111111111111,6,12,0.00011562389125060647,0.01087536979651722,15,3 4 5,5.0
HandStart__FirstDigitTouch,pc1,150,PO9,FC6,Occipital,Frontocentral,3,27,0.1111111111111111,6,12,0.00011562389125060647,0.01087536979651722,15,3 4 5,5.0
HandStart__FirstDigitTouch,pc1,200,PO9,C4,Occipital,Frontocentral,3,27,0.1111111111111111,6,12,0.00011562389125060647,0.01087536979651722,15,3 4 5,5.0
HandStart__FirstDigitTouch,pc2,0,Oz,PO9,Occipital,Occipital,3,27,0.1111111111111111,6,12,0.00011562389125060647,0.01087536979651722,15,3 4 5,5.0
HandStart__FirstDigitTouch,pc2,50,Oz,FC2,Occipital,Frontocentral,3,27,0.1111111111111111,6,12,0.00011562389125060647,0.01087536979651722,15,3 4 5,5.0
HandStart__FirstDigitTouch,pc2,100,O1,P7,Occipital,Parietal,3,27,0.1111111111111111,6,12,0.00011562389125060647,0.01087536979651722,15,3 4 5,5.0
HandStart__FirstDigitTouch,pc2,100,O2,P4,Occipital,Parietal,3,27,0.1111111111111111,6,12,0.00011562389125060647,0.01087536979651722,15,3 4 5,5.0
HandStart__FirstDigitTouch,pc2,100,O2,P8,Occipital,Parietal,3,27,0.1111111111111111,6,12,0.00011562389125060647,0.01087536979651722,15,3 4 5,5.0
HandStart__FirstDigitTouch,pc2,100,P7,CP5,Parietal,Parietal,3,27,0.1111111111111111,6,12,0.00011562389125060647,0.01087536979651722,15,3 4 5,5.0
HandStart__FirstDigitTouch,pc2,150,O1,P7,Occipital,Parietal,3,27,0.1111111111111111,6,12,0.00011562389125060647,0.01087536979651722,15,3 4 5,5.0
HandStart__FirstDigitTouch,pc2,200,O1,P7,Occipital,Parietal,3,27,0.1111111111111111,6,12,0.00011562389125060647,0.01087536979651722,15,3 4 5,5.0
HandStart__FirstDigitTouch,pc3,0,O1,FC1,Occipital,Frontocentral,3,27,0.1111111111111111,6,12,0.00011562389125060647,0.01087536979651722,15,3 4 5,5.0
HandStart__FirstDigitTouch,pc3,50,FC5,F3,Frontocentral,Frontocentral,3,27,0.1111111111111111,6,12,0.00011562389125060647,0.01087536979651722,15,3 4 5,5.0
HandStart__FirstDigitTouch,pc3,50,Oz,P8,Occipital,Parietal,3,27,0.1111111111111111,6,12,0.00011562389125060647,0.01087536979651722,15,3 4 5,5.0
HandStart__FirstDigitTouch,pc3,200,FC5,FC1,Frontocentral,Frontocentral,3,27,0.1111111111111111,6,12,0.00011562389125060647,0.01087536979651722,15,3 4 5,5.0
LiftOff__Replace,pc1,0,PO9,P3,Occipital,Parietal,3,27,0.1111111111111111,6,12,0.00011562389125060647,0.01087536979651722,15,3 4 5,5.0
LiftOff__Replace,pc1,150,PO9,Fz,Occipital,Frontal,3,27,0.1111111111111111,6,12,0.00011562389125060647,0.01087536979651722,15,3 4 5,5.0
LiftOff__Replace,pc1,200,PO9,C4,Occipital,Frontocentral,3,27,0.1111111111111111,6,12,0.00011562389125060647,0.01087536979651722,15,3 4 5,5.0
LiftOff__Replace,pc2,50,Oz,FC1,Occipital,Frontocentral,3,27,0.1111111111111111,6,12,0.00011562389125060647,0.01087536979651722,15,3 4 5,5.0
LiftOff__Replace,pc3,0,C4,CP2,Frontocentral,Parietal,3,27,0.1111111111111111,6,12,0.00011562389125060647,0.01087536979651722,15,3 4 5,5.0
LiftOff__Replace,pc3,0,C4,FC2,Frontocentral,Frontocentral,3,27,0.1111111111111111,6,12,0.00011562389125060647,0.01087536979651722,15,3 4 5,5.0
LiftOff__Replace,pc3,0,O1,FC1,Occipital,Frontocentral,3,27,0.1111111111111111,6,12,0.00011562389125060647,0.01087536979651722,15,3 4 5,5.0
LiftOff__Replace,pc3,50,F4,Fz,Frontocentral,Frontal,3,27,0.1111111111111111,6,12,0.00011562389125060647,0.01087536979651722,15,3 4 5,5.0
LiftOff__Replace,pc3,50,O2,PO9,Occipital,Occipital,3,27,0.1111111111111111,6,12,0.00011562389125060647,0.01087536979651722,15,3 4 5,5.0
LiftOff__Replace,pc3,50,P4,CP6,Parietal,Parietal,3,27,0.1111111111111111,6,12,0.00011562389125060647,0.01087536979651722,15,3 4 5,5.0
LiftOff__Replace,pc3,50,P7,T7,Parietal,Temporal,3,27,0.1111111111111111,6,12,0.00011562389125060647,0.01087536979651722,15,3 4 5,5.0
LiftOff__Replace,pc3,200,C4,CP2,Frontocentral,Parietal,3,27,0.1111111111111111,6,12,0.00011562389125060647,0.01087536979651722,15,3 4 5,5.0
Replace__BothReleased,pc1,0,P7,CP5,Parietal,Parietal,3,27,0.1111111111111111,6,12,0.00011562389125060647,0.01087536979651722,15,3 4 5,5.0
Replace__BothReleased,pc1,50,PO10,Fz,Occipital,Frontal,3,27,0.1111111111111111,6,12,0.00011562389125060647,0.01087536979651722,15,3 4 5,5.0
Replace__BothReleased,pc1,100,Oz,Fp2,Occipital,Frontal,3,27,0.1111111111111111,6,12,0.00011562389125060647,0.01087536979651722,15,3 4 5,5.0
Replace__BothReleased,pc1,100,PO9,Fp2,Occipital,Frontal,3,27,0.1111111111111111,6,12,0.00011562389125060647,0.01087536979651722,15,3 4 5,5.0
Replace__BothReleased,pc1,150,PO10,Fz,Occipital,Frontal,3,27,0.1111111111111111,6,12,0.00011562389125060647,0.01087536979651722,15,3 4 5,5.0
Replace__BothReleased,pc1,200,PO10,F3,Occipital,Frontocentral,3,27,0.1111111111111111,6,12,0.00011562389125060647,0.01087536979651722,15,3 4 5,5.0
Replace__BothReleased,pc1,200,PO10,FC1,Occipital,Frontocentral,3,27,0.1111111111111111,6,12,0.00011562389125060647,0.01087536979651722,15,3 4 5,5.0
Replace__BothReleased,pc1,200,PO10,Fz,Occipital,Frontal,3,27,0.1111111111111111,6,12,0.00011562389125060647,0.01087536979651722,15,3 4 5,5.0
Replace__BothReleased,pc2,0,P8,CP6,Parietal,Parietal,3,27,0.1111111111111111,6,12,0.00011562389125060647,0.01087536979651722,15,3 4 5,5.0
Replace__BothReleased,pc2,50,Oz,PO9,Occipital,Occipital,3,27,0.1111111111111111,6,12,0.00011562389125060647,0.01087536979651722,15,3 4 5,5.0
Replace__BothReleased,pc2,50,P7,TP9,Parietal,Temporal,3,27,0.1111111111111111,6,12,0.00011562389125060647,0.01087536979651722,15,3 4 5,5.0
Replace__BothReleased,pc2,100,O1,F8,Occipital,Frontal,3,27,0.1111111111111111,6,12,0.00011562389125060647,0.01087536979651722,15,3 4 5,5.0
Replace__BothReleased,pc2,100,O1,P3,Occipital,Parietal,3,27,0.1111111111111111,6,12,0.00011562389125060647,0.01087536979651722,15,3 4 5,5.0
Replace__BothReleased,pc2,100,Oz,PO10,Occipital,Occipital,3,27,0.1111111111111111,6,12,0.00011562389125060647,0.01087536979651722,15,3 4 5,5.0
Replace__BothReleased,pc2,100,Oz,PO9,Occipital,Occipital,3,27,0.1111111111111111,6,12,0.00011562389125060647,0.01087536979651722,15,3 4 5,5.0
Replace__BothReleased,pc3,0,C4,CP2,Frontocentral,Parietal,3,27,0.1111111111111111,6,12,0.00011562389125060647,0.01087536979651722,15,3 4 5,5.0
Replace__BothReleased,pc3,0,CP6,C4,Parietal,Frontocentral,3,27,0.1111111111111111,6,12,0.00011562389125060647,0.01087536979651722,15,3 4 5,5.0
Replace__BothReleased,pc3,150,Oz,Fp1,Occipital,Frontal,3,27,0.1111111111111111,6,12,0.00011562389125060647,0.01087536979651722,15,3 4 5,5.0
Replace__BothReleased,pc3,200,FC6,F4,Frontocentral,Frontocentral,3,27,0.1111111111111111,6,12,0.00011562389125060647,0.01087536979651722,15,3 4 5,5.0
Replace__BothReleased,pc3,200,Oz,FC5,Occipital,Frontocentral,3,27,0.1111111111111111,6,12,0.00011562389125060647,0.01087536979651722,15,3 4 5,5.0
BothStartLoadPhase__LiftOff,pc1,0,PO9,FC6,Occipital,Frontocentral,3,27,0.1111111111111111,5,12,0.00019101831309747746,0.02245144153941915,10,3 4 5,5.0
BothStartLoadPhase__LiftOff,pc1,0,T8,FC6,Temporal,Frontocentral,3,27,0.1111111111111111,5,12,0.00019101831309747746,0.02245144153941915,10,3 4 5,5.0
BothStartLoadPhase__LiftOff,pc1,100,PO10,TP9,Occipital,Temporal,3,27,0.1111111111111111,5,12,0.00019101831309747746,0.02245144153941915,10,3 4 5,5.0
BothStartLoadPhase__LiftOff,pc2,50,Oz,Fz,Occipital,Frontal,3,27,0.1111111111111111,5,12,0.00019101831309747746,0.02245144153941915,10,3 4 5,5.0
BothStartLoadPhase__LiftOff,pc3,100,FC6,F4,Frontocentral,Frontocentral,3,27,0.1111111111111111,5,12,0.00019101831309747746,0.02245144153941915,10,3 4 5,5.0
FirstDigitTouch__BothStartLoadPhase,pc1,0,PO9,FC6,Occipital,Frontocentral,3,27,0.1111111111111111,5,12,0.00019101831309747746,0.02245144153941915,10,3 4 5,5.0
FirstDigitTouch__BothStartLoadPhase,pc1,0,T8,FC6,Temporal,Frontocentral,3,27,0.1111111111111111,5,12,0.00019101831309747746,0.02245144153941915,10,3 4 5,5.0
FirstDigitTouch__BothStartLoadPhase,pc1,100,PO10,FC5,Occipital,Frontocentral,3,27,0.1111111111111111,5,12,0.00019101831309747746,0.02245144153941915,10,3 4 5,5.0
FirstDigitTouch__BothStartLoadPhase,pc1,150,PO10,FC1,Occipital,Frontocentral,3,27,0.1111111111111111,5,12,0.00019101831309747746,0.02245144153941915,10,3 4 5,5.0
FirstDigitTouch__BothStartLoadPhase,pc1,150,PO10,TP9,Occipital,Temporal,3,27,0.1111111111111111,5,12,0.00019101831309747746,0.02245144153941915,10,3 4 5,5.0
FirstDigitTouch__BothStartLoadPhase,pc1,150,PO9,P7,Occipital,Parietal,3,27,0.1111111111111111,5,12,0.00019101831309747746,0.02245144153941915,10,3 4 5,5.0
FirstDigitTouch__BothStartLoadPhase,pc3,50,CP6,C4,Parietal,Frontocentral,3,27,0.1111111111111111,5,12,0.00019101831309747746,0.02245144153941915,10,3 4 5,5.0
FirstDigitTouch__BothStartLoadPhase,pc3,50,P7,O1,Parietal,Occipital,3,27,0.1111111111111111,5,12,0.00019101831309747746,0.02245144153941915,10,3 4 5,5.0
HandStart__FirstDigitTouch,pc3,0,CP6,P8,Parietal,Parietal,3,27,0.1111111111111111,5,12,0.00019101831309747746,0.02245144153941915,10,3 4 5,5.0
LiftOff__Replace,pc1,0,T8,FC6,Temporal,Frontocentral,3,27,0.1111111111111111,5,12,0.00019101831309747746,0.02245144153941915,10,3 4 5,5.0
LiftOff__Replace,pc1,150,PO9,FC2,Occipital,Frontocentral,3,27,0.1111111111111111,5,12,0.00019101831309747746,0.02245144153941915,10,3 4 5,5.0
LiftOff__Replace,pc1,200,PO9,Fz,Occipital,Frontal,3,27,0.1111111111111111,5,12,0.00019101831309747746,0.02245144153941915,10,3 4 5,5.0
LiftOff__Replace,pc3,50,Oz,FC5,Occipital,Frontocentral,3,27,0.1111111111111111,5,12,0.00019101831309747746,0.02245144153941915,10,3 4 5,5.0
Replace__BothReleased,pc1,50,PO9,Fz,Occipital,Frontal,3,27,0.1111111111111111,5,12,0.00019101831309747746,0.02245144153941915,10,3 4 5,5.0
Replace__BothReleased,pc3,50,F4,Fz,Frontocentral,Frontal,3,27,0.1111111111111111,5,12,0.00019101831309747746,0.02245144153941915,10,3 4 5,5.0
Replace__BothReleased,pc3,50,F7,Fp1,Frontal,Frontal,3,27,0.1111111111111111,5,12,0.00019101831309747746,0.02245144153941915,10,3 4 5,5.0
Replace__BothReleased,pc3,50,P7,O1,Parietal,Occipital,3,27,0.1111111111111111,5,12,0.00019101831309747746,0.02245144153941915,10,3 4 5,5.0
Replace__BothReleased,pc3,50,O1,FC1,Occipital,Frontocentral,2,27,0.07407407407407407,4,12,0.00016973510588022393,0.03087601926036347,5,3 4,5.0
Replace__BothReleased,pc3,100,Fp1,F7,Frontal,Frontal,2,27,0.07407407407407407,4,12,0.00016973510588022393,0.03087601926036347,5,3 4,5.0
